CYP1A2,CYP2C9,CYP2D6,CYP3A4
4.8839231312159415,3.6652238708494966,4.264446199862741,3.0074048566344924
4.688016235914241,4.536635423752421,4.212623630173009,2.9834371350961164
4.711123845936631,3.2045297934965116,4.4852186101695946,2.4399155639018235
4.79787223292716,3.0785856705810355,4.324683683277196,2.2580514172891317
4.819813760419469,3.917968104532941,4.741304474800191,3.3691982210238804
5.187624048818801,4.434211572004018,5.459218593000966,4.246942145824497
4.692391393913049,4.013977112700008,5.173705708310823,3.9392118395453743
4.717589548604575,4.057007716743191,5.3842391954624995,3.84878200552072
5.12061033568416,4.3439031320674575,4.843312577781974,3.8901104628966077
5.38971038339657,4.409412570450708,4.3321175686794415,4.264933599482949
5.20692646416879,5.16339756440282,4.879743176934646,4.894016684899978
4.5614315701659045,4.146457314701908,5.401047059435501,4.110619842066879
3.174400295972098,3.86596944329756,4.497339698247773,4.6411207401409795
4.653205217172481,4.468867669110765,4.915100045896249,4.256375072591823
4.55771612102572,4.3456156722714905,5.5311760343371175,4.013352348982329
4.5187717916262,3.6761456065828093,4.81712247331832,2.7955089209949207
4.7905084858357245,4.800633234498058,5.16064478682392,4.309887765621899
4.931957788814674,4.646062426754838,5.147323115759315,4.503670542378283
4.367046168239274,4.75487156554694,5.169013680260283,4.55144649252253
4.16792205864119,4.382830102364375,5.237551155855757,3.9403744435552652
4.471988033147783,4.344910420819089,4.846530389836832,4.072699143939178
3.87572098801797,4.519400723960833,4.817682203954211,4.278905170182107
4.32744504511562,4.48541848480557,5.165859425683193,4.118616036430638
5.050797399374773,4.593656994230053,5.613349602535698,4.762494337696681
4.733879042416512,3.920914902839415,5.007108540169769,3.60974839367103
4.3133482386297635,4.879406851311033,5.5402793909885935,4.927702344505994
4.798168094421646,3.7725394812344337,4.993009886092339,3.345761927825917
4.6006230898293206,3.952950235938433,4.994221085333429,3.050522825506548
5.173088047582265,4.974458981697518,4.770998462043749,5.033729507861178
4.616553996659905,4.707876874492728,5.537373696971304,4.272629152954487
5.3779578072934555,4.937586118518033,5.166283195008688,4.802679324630072
5.105644194031259,4.349661055707605,5.323500737964222,4.490802750502209
5.165657112717408,4.027763413933698,5.408530467355821,4.376105972828491
4.613208863945585,4.3740019355807656,5.69877681935623,4.41764376026365
5.078549853124394,4.5863328769983465,5.38255224905201,4.70174483446385
4.32312092311661,4.916981007767723,5.423533842252244,4.782180467322164
4.657446350490274,3.8163239086960643,4.877059880882714,4.0107456441193134
4.816571820177588,4.622581713513365,5.523704150326658,3.9483049657107987
4.053657746939929,4.61440576267061,5.3688924752061125,4.264214951529609
5.1584649403729355,4.373788484518781,5.538759045498026,4.746934338781111
4.850952819714078,4.814470390382944,5.138179417395724,4.703337488075454
4.059021638505075,4.588019086347411,5.333417481754653,4.09815172938615
4.808431854139902,4.26580281162131,5.139853366883065,4.112864735969228
4.1232390599663615,4.673022564408052,4.935119479405223,4.008679065797403
4.88192302293602,4.539436174620282,4.982285744057647,4.628686814876057
3.59321196623016,3.9632950179216766,4.409298317822513,3.7406537936202726
4.863783277268671,4.797247276338553,4.7297509949176115,4.3560651981596195
4.402819214822454,3.741039683986251,4.089581007103263,2.6414785176201097
4.387282783752984,3.876600995529577,4.407597211942294,2.5134263194102813
4.808924345719549,4.518951871946862,4.999744348490289,4.037551696189817
5.060954499298568,4.447867639534195,4.586825547990158,4.103744559525615
5.14122912279391,4.577587304983255,4.504899121237237,4.200673484245438
5.34386618139057,4.58684463265491,5.052176771224501,4.591663729564635
5.143516326930698,4.710284358028209,3.98648752891984,3.942267921034823
4.191690993662665,4.060563567216998,4.589144488274773,3.339444336850421
4.416095973644976,4.774090996083802,4.993709378138291,4.923414882352188
5.141034878637673,4.788494372938777,4.3542176128225485,4.331763842387212
5.068743850992263,4.213450186385487,4.4896539328628435,4.0702997359717905
5.059508578170773,4.219970846040164,5.069979486955037,4.714075077887787
4.506391263985596,4.351160628205383,4.964644587237281,4.02323695742655
4.903697615827656,4.088123002726607,5.396106682949192,4.190397429996082
4.996025180796242,4.536625448182692,4.653512209954105,4.027238049106342
4.93687922052471,4.2076320389665485,4.617431355414091,4.0092038223925215
4.526732655714899,3.843728897090584,5.101561546653151,3.4981868064382833
4.724388003327495,4.395922799284981,5.810131574774725,4.835615146200508
5.216569195877674,4.843824710022648,3.912524190248664,4.514785378919746
5.141628563371428,4.444013002638139,4.505940450754881,3.574791254729456
5.143373714360247,4.385762168341533,4.761171965177647,3.945166682041265
4.538516217781282,4.210592644266693,4.672309555285011,4.163477629371083
4.885482556989385,4.898309910277011,4.744601376522862,4.710632953655872
5.574563034788158,4.204731301230483,4.344472006991578,3.2616076464279318
4.8366841054346255,4.520576100535309,4.692971445848045,4.042405648240639
4.834726008813112,4.570181286233981,5.264616713979164,4.48024827375253
5.51457314323645,5.103829439664192,4.296826228138564,4.437375113473813
4.278404453614478,4.7876871101282275,3.8998698312730395,3.79531100326648
5.386208353631128,4.6856312236277,4.27251860086633,3.537068877508557
4.592081537397478,3.7037277423416874,5.010124679526241,3.5031151752811542
4.940226151827859,5.011325691501537,4.1436064269228305,4.0971210266298055
5.188067235050982,4.077135555042603,4.728240645184768,3.9790867928587046
4.09925112906369,4.216350518726942,4.759991613371497,3.399631291871386
5.049508698689984,5.431168687753474,4.210229909011367,4.860658400141844
5.007564212721014,4.4107532788187775,4.513307537681522,4.017385283315256
5.067042083631147,4.782473674048335,5.174363743750699,4.956399921163212
4.814865130640607,5.16853737947399,4.979649485687632,4.775833942024133
5.137337430618,4.164542557395122,4.145587520474384,3.912028835381947
5.346724662657822,4.557798418749114,4.578215186571252,4.148306118039585
4.77298530515925,4.431606221482623,4.496059484974828,4.221506057211655
5.382086903675888,4.9334505735866925,3.8332135410020083,4.796809847806757
4.275728195805663,4.480417076854033,4.155987949545527,4.302228024327321
5.086144936295636,4.220218779818318,5.228928220507373,4.507842482498445
4.94519495811578,4.592192097408982,4.403442616087463,4.552277298160109
4.583645788146702,5.433068402815052,4.086708515957199,5.295118351462865
4.601201922886334,4.395965750365323,4.629871259083659,3.876000420430613
5.379822437535879,4.112980395220205,4.536845242331353,3.683490445346137
3.94446608848543,4.601778879776731,4.388978685875321,4.338951294092295
4.335927840674973,4.166597746256281,4.653702108730156,3.1400860914086683
4.615358669058572,5.316854092848183,3.7019486128889745,4.781560155303708
3.922528948259289,3.3566822377035295,4.26360033100793,2.4112029150417276
4.780071860305073,3.9024686631850454,4.7322741069918255,3.6553170051644117
4.818322788925255,3.876343986697839,4.842026105989263,2.495531944642804
4.796534106285439,4.506790055127852,6.16088790729591,5.06350628742549
5.889055956382608,3.9575000406297756,4.282573907145597,2.9999819775165015
4.376463958894728,4.156500365755398,5.322750984538727,3.20582849187846
4.596797211191735,4.61951698178849,4.924762331305927,4.23323021688611
4.562938686694185,4.647480905238968,4.484153999359937,4.5401426670846154
5.190502627697635,4.630068180384301,4.752859483173819,4.38299684475554
5.195016494672016,4.4023537151180765,5.520775354551558,4.232009756550329
4.763737497129561,4.933011054723405,4.036616696450657,4.563772437854702
5.215218923653556,4.862388411732472,4.189828917970058,4.357225446104942
4.543930693366106,4.222362626938147,4.705590166201379,2.8332218557840343
5.4622435959721924,4.09210589614179,4.469278029932288,4.1764353629072595
3.976810314690583,4.210493176249161,4.738986651252459,3.0010440068369157
5.263169704297491,4.576725172741958,5.474034870496127,4.898372718787736
5.090776748088241,4.531087713659204,5.1961416256458035,4.564489407022558
5.064192829990464,5.016848055393423,4.981158110003448,4.67755008043703
4.7920790113815785,4.8590162712883425,4.269503161012535,4.45351328374826
4.669189239055701,4.995777452736672,4.499146966174275,4.237953472094945
4.640049420968957,4.211436958033466,4.391016051655121,4.18558470020535
3.797435038327829,5.201386115575353,3.577840841595736,4.2309240374181964
4.735664340728596,3.602196411366506,4.45589031549407,2.42397664439036
4.812040198406757,4.730584876833849,4.330547197511743,4.149107849246379
4.692021697623994,4.0185466053814185,4.829347093586808,3.6766942811884746
5.252815107124347,4.4783821457176245,5.16697441005091,4.643714620866231
5.068129580857442,4.851568401402145,5.304524505106011,4.670533977069421
5.271330372561583,4.495918559311195,4.877840774328072,4.289804951577768
5.093339342338486,4.120521211300393,3.9243073049197186,3.49006155421922
4.554254012893937,4.412223896988375,4.285107517539951,3.7648959261102415
5.06003463680755,4.599805935262331,4.279606893227541,4.363454156927351
4.818615422802562,4.357178821766658,4.482386170666921,3.9293597077006814
5.204765058550936,5.184426899217203,4.38733573866149,4.948688879515059
4.146178180595141,2.8254567053444446,4.450292129016032,2.449936647190797
4.11119182546573,4.024723869719535,4.2352416292442925,2.9784568917780176
3.685001499957694,4.281439533438218,4.588859177174147,4.289730147447854
4.470505960338033,5.143163161023364,4.303558679848973,4.626649326877009
4.6332715011599435,4.494523695760099,4.379885179313147,4.164861841461096
5.059555402619587,4.845174334726085,4.322259006019877,4.092680407426281
4.745495522788688,4.617758169020143,5.00393833693852,4.583929233672715
5.179791886721407,4.543133100257197,4.275243207633784,3.572508288055547
4.058315423713686,4.193529478686451,4.420689268807531,3.3062719360561985
4.743739908902401,5.028039165868105,3.887126788834092,4.618629224753696
5.310765813824375,4.860555245096957,4.5782400830627665,3.9718538094463476
4.365814287167041,5.217938770866816,3.7616938120820693,5.17655811964319
4.391492674793138,4.822295293917934,3.558858172484144,4.563347669266785
4.731350427477806,4.6732477361892855,4.5986955118910045,3.5279380045781
4.637060217490842,4.423385435197308,4.862214714661733,3.6658697802516245
4.735259961027509,3.852504198932621,4.656149789873232,3.0663333343547383
4.891969388335891,5.215636062123361,4.738341126972257,4.9123017690363575
4.641967449534955,4.206070234838327,3.732474891689758,3.321839696597762
5.060950205209228,4.016483149757279,4.006131706013874,2.8567039446326725
4.8671709367727365,4.763219129864666,5.581567403984167,4.75839123531071
4.679679764328623,4.05218225542009,4.739001532899593,4.30617700667374
4.864534065282051,4.512075024118494,4.698156873144731,3.778972216185176
5.092114640243835,4.225605740536887,5.212291329184219,4.467743380234628
5.066330860367894,4.096856446628368,4.54093222580416,4.0222522714293705
5.4242376104586345,4.854930718315893,5.529296518364117,4.883115243550973
4.665238654552851,4.066354211569877,4.781558428519827,4.071332222360448
4.738008002065657,4.226899932247219,4.86647694693866,4.303468929971652
4.755038305665103,4.187596545241789,4.845259127347742,3.915729874579015
5.102385028993078,4.45101127054354,5.045505959951397,4.160319468333361
5.072130095033102,3.9566543546481374,5.316549406658147,3.9447484086833247
5.078794908767885,4.859608898304087,4.335699549917327,4.616958275878563
4.540834941989462,4.536591622439793,4.470808283378876,4.374043245113881
4.426421143732274,3.704796635990455,4.775757697756434,4.214274262742861
5.198920647922856,4.685356747270418,4.386902750035231,4.3645762569949484
4.542946990710863,4.48135782909696,5.0431705956421835,4.074093123629447
4.3955502322416065,4.31801558600679,4.359937890014779,3.5927430740181223
5.221971453378885,4.822716869279998,4.3738961326949894,4.675133582352004
3.5711407327882108,4.782130178869156,4.588448845130189,4.193132181465325
5.629697928099341,5.002162108965227,4.2848511818548625,5.002075444417737
4.9887302032722545,5.426530794404547,3.9916458704754665,5.528219838484847
4.253385199179141,4.174620714724156,4.514707329902396,4.133721296625313
4.393984855059655,4.406370792180786,5.151572082651896,4.069089131169714
4.054486861102562,4.21628788647172,4.566773547580172,3.6609218393582994
5.576255634660397,5.244574720231923,4.74320586878123,5.0574750458756625
3.398881495145868,4.104347779397083,4.404432152007212,3.701994918355585
5.1590772606691715,4.848002761652959,5.124097943107267,4.391364831648291
5.059416978781287,4.912363526236124,4.686201667227275,4.63841222672413
4.2280569484622905,4.227019784953538,4.783262354687956,3.6697750910136624
4.9772413241875215,3.84712127872938,4.585252199219006,3.64987846686575
4.125660239885251,4.17460830172451,4.487060962842534,3.3546539036605223
4.842126982782759,4.3016994589001465,4.22329191183876,3.705852687869928
5.676929186992387,4.887808714716765,3.895841553580459,4.669017549306516
4.658543602137192,4.260656811443167,4.251947058487011,3.7289410479543412
3.7589481936135924,4.235822695602015,4.056883821009886,3.065195393403535
5.157575283821463,4.823262123847616,4.642105817511163,4.745029565772638
4.419725527399268,4.221276911948851,4.677920868068302,3.4095658345130015
5.0751759021407645,4.654004343659298,4.475673554478772,4.413088881062246
5.2804991593039485,5.176664723839153,5.644490375829351,4.992469692680809
4.395239309880249,4.198705022180245,4.6947361357147575,4.387014126731195
4.330729255580539,4.2587412076383915,5.04829780138956,4.062657532813253
4.496571360060805,3.9975767902279804,5.275617802582969,3.831494652883018
4.574102394666583,4.149276277551603,4.1956767093409555,3.7120873979281184
4.743292759045958,4.658572125339852,4.675614582037305,4.374084700539594
4.8261662506101075,4.824255163652402,4.622192154958901,3.9329176125531555
4.71948852537185,4.324343115042406,4.950390673798121,4.18179036600255
4.216446845804843,5.037809856472952,4.332441571884357,4.348332739572062
4.7096849551659234,4.154037234032826,4.947469471284733,3.9319090331212387
5.037451205016529,4.76264184730319,4.859546737508316,4.463943685888883
4.421079845808979,3.9393736048893544,4.205699475072636,3.5701021605308765
4.541401331249198,4.453723310747319,4.473915438255548,4.391249003527182
4.169144958422218,5.151236796629423,4.448852931119545,5.136340339952137
4.063432984544615,3.922160423538949,4.504732471754424,3.580737311275681
4.894376278074872,4.134614134405093,4.710020286977387,3.795477371682852
4.52205123269466,4.793591051332125,4.586387427378518,4.331847118054496
5.086000650193639,4.178752950571823,4.5751480201602615,4.454830136869592
5.309575142363044,5.025994666153012,4.133160640634803,4.844334656709962
4.75262172223269,5.361487745028379,3.6696167725236437,4.941454262803442
3.6563144726025096,4.548640277331891,4.261195467792002,3.90882167587937
5.583370956418766,4.57668130739668,4.575392235495689,4.548122235905525
5.0444950257356025,5.156967745289214,4.6984219261142695,4.755996636449515
4.608134265248172,3.9298018860237964,4.870353223615333,3.040967965356076
5.0971888909226895,4.423689698925701,4.915651416307503,4.276838632406273
5.396861878280518,5.007081747736169,4.721544110097557,4.869348993383625
4.551497762678741,4.128192331029663,4.696406938604837,3.7434977753639234
4.665279291783913,4.879460909303443,4.512093066413317,5.011778156451887
5.073896752239018,4.571927333962707,4.402026267753046,4.708606009817032
3.739325881491709,5.093258899871306,4.262588518330795,4.963127819593769
5.217345663252996,5.169131439052009,4.428149489120108,5.166796797518491
4.972877652723151,4.615147009077576,4.53645871423288,4.4313878562259355
5.821507898221192,4.836396367782673,5.850140934393611,5.031694105301657
4.674103596639414,4.055870889455133,4.6454951647782305,3.8565991213470707
4.395720777556618,3.8076852235243646,4.44994990625023,3.4058307659342524
5.368478034566603,4.443631258230048,4.900073117425717,4.49472456281452
5.062981196640589,5.073415483685442,4.595526320049567,4.895701907011681
4.780246726567814,4.602537364575633,4.7274952088301365,4.104442561172746
4.701551708384269,4.244591910380788,4.957276401564434,3.828519786492156
4.923506557915228,4.771234650642752,4.240703989781276,4.498451053558077
4.625831592439396,4.744589939181344,5.258682957968564,4.67259698779693
4.683163833468928,4.253285829379073,4.756194797855458,3.4193320476180946
5.0622194614242675,4.791898319930018,3.557902042747042,4.487358934372003
5.436051209238896,4.6123293445246745,4.273962520828656,4.305893533418868
4.566852489458831,4.462057664843227,4.787114221038706,3.60525549777677
4.896774170086353,4.953099888118804,4.310659884576337,4.310321135807531
4.655016076977023,5.510857170346335,4.300192766533448,5.368218116841899
4.413170233258895,4.728530388616058,5.220466282244598,4.580273442236501
4.4672708274247155,4.652423816342615,4.574035630255202,4.405015985698066
4.178898542281794,3.9642216253584164,4.41250524493553,3.9661931231375096
4.272635224365472,4.131253202278902,5.176867730748187,3.670603707271888
5.506164909266468,5.318429898216347,5.070501025772491,4.960173110171636
4.937515544687828,4.995508202072264,4.3200234843530705,4.765383254151821
5.748882776435749,5.380063829776164,4.741605593921387,5.1896679997340325
5.386450553643655,5.0182627728785585,4.698412338505886,4.312622590766682
4.323479871497941,4.399902728917143,4.556989797640085,3.618993562822327
4.807614724316351,4.71427742982323,4.42074581233111,5.055613715910676
4.829646381831067,3.67573939698828,4.4967428164764875,2.6113938134654284
5.019026864362789,4.975741173217011,4.189509558039525,4.2784158526550575
5.270918449896975,4.703139028539527,4.9750971475632975,4.5416948447574885
3.7448319217035184,4.721964351969366,4.527657995048078,4.467423781031197
5.040535298557278,4.807123372198548,4.299081533426348,4.577773068264287
4.870397597686516,4.9619463636876295,4.471875313131045,4.549224872866215
4.937767372974794,5.482964648615874,4.5331998295499325,5.317586871659671
4.030641776001845,5.202703622152164,4.815332763730277,4.753714740048311
3.8839577129633103,4.442948999455651,4.314033843347105,3.460598140684478
3.13277049194601,3.5335843475548794,4.191603281764456,3.323734488753929
5.1827308608590235,4.9233307311431265,4.365763165477096,4.425382644832197
3.7448836075613072,4.4778303847004395,4.171594018375225,3.818266834595658
4.839278091189147,5.057582663667704,4.457191177983933,4.897533541107218
4.283909209578584,4.580290391958487,5.0852457418342025,3.967931890474179
5.158033269909874,4.488606344205936,4.3746554286318355,3.954780140857923
4.788068408634891,4.653871679082657,4.855874598490146,4.750337075746941
3.8988851006347938,4.487220801159231,4.686523594350131,3.98514434662391
4.555520359346868,4.901394863256044,4.581757332113963,4.520873603530182
4.166159629231805,4.620657546252511,4.798406619058492,3.4368901597144714
5.3885275842674885,5.0170468877991885,4.871062362410548,4.8453533514557225
4.761432287240453,4.860617784292952,4.111782408857188,4.267586329987712
4.924233934454459,4.559393092676681,4.774433082196316,4.434802566127314
4.943762224845367,4.736430281986197,4.618777691983274,4.941134063176706
4.845331658556141,4.642320429298627,4.817556859474781,3.9609737403767284
4.385100232227734,4.905057483670464,4.38060938368796,4.484126503654615
5.453543889213138,4.868936389318266,4.427763695327141,4.518356296767874
3.7026314462583705,4.5089225329355,4.705194631694697,4.29367207608585
4.901987479427549,4.84740644655355,4.788560121973228,4.4650953075637
4.933541771454626,4.969663644338645,4.527804888690388,4.294784607729539
4.965779799586291,4.936374643683244,4.256807792701935,4.888108425769834
4.458215300853787,5.096837428203945,4.903470394173021,4.514177224723546
5.211717782741623,5.167243546243779,4.414316910279231,4.906862231161131
4.952036883113921,4.323432983498738,4.682819265884729,4.539502811450015
4.666377203624626,4.688152087510742,4.863307490874961,3.4043651974115323
5.052188554006899,4.163012368494848,4.930030583415413,3.7667146550593054
5.135641019363968,4.342581273503786,4.155678790772768,4.184373723929175
4.650032100094494,3.749925072401029,4.615050906202142,3.251001345354236
4.808192958874331,5.101018828528525,4.280519391568104,5.085957603143463
5.117321542361305,5.118055227192479,4.471008737970492,5.186889296711102
4.533421983079623,5.117013745397321,4.435600000863039,5.0274019264485865
4.525750895812699,4.282592782766979,5.080518770374181,4.440069103545679
4.69971074134086,4.547106860276499,4.722489312357299,4.38122797501386
5.139849908729068,4.523034481484255,4.651242720586344,4.0969416804587695
4.732041039762731,3.791772630080755,5.223691162485286,3.5946304706133247
5.054308171122104,4.843071935630516,4.478567320244515,4.583638802950159
4.485696034929792,3.8558848158217045,5.071435105417628,3.151002829201357
4.78610566039062,4.33034130077827,4.677038578919279,4.344803247006941
5.431320910022019,3.919041661741036,4.440554859542414,3.689900208888636
5.25901130253756,5.270032878049012,4.701874195207897,5.326074785005467
3.953021112893645,3.8931436554680126,4.583029462383795,3.321226700441412
4.351607769464669,5.14398333314156,4.383065521153199,4.597172056332079
4.368063107248094,4.6554156478187885,4.415499062167148,4.5778579679197104
4.869694146875108,5.242748385305609,5.194466611021945,4.948642794797981
4.749555285875494,4.263460453439296,4.217535394581872,4.001268469322932
4.39220350919232,4.355101467796988,4.831699214820883,3.699316445311562
4.603212355136454,4.385592323568289,4.657726618443871,3.5311543025392664
4.633162148922165,4.400419084324314,4.56242207439932,3.603928335066452
5.513983552512792,4.7693188087652,5.53492843791953,5.206651331101049
5.008570991375236,4.373910632833701,4.493474574371504,3.6301366538916366
4.95162866746466,4.404144072033276,4.67510535468832,3.6415498794929535
4.480056919753115,4.2650779701454224,4.766089507801964,3.802042276041984
4.784848925896342,4.842383296094851,4.929220103243004,4.721733463889762
4.566886744832168,4.034442133897934,4.495095287911554,3.525280017964174
4.851859305833755,4.537464146748959,4.534202519540339,4.100139631795874
4.628962986775979,4.378831721686384,5.063063388468177,3.354341385921056
3.7174064334614108,3.859260404096564,4.641961001637298,3.9686043611885276
5.704813508413932,5.143916043488726,5.488843585096424,5.1642372312034075
4.5154029252514025,4.347618649822456,4.510124549667877,4.277507527501985
4.314939113781939,5.077105963813864,3.469515453828431,5.158089494063774
4.699960518448599,4.9042010230792465,4.998864863472898,4.693860801105741
5.573542372774096,4.697553882820109,4.694392231420979,4.384653238555294
5.558071445653167,4.6811288410490475,4.795505035364856,3.8953718219867075
4.829896215483566,4.795001503898884,4.697001628551035,4.560214999591499
5.312494604197668,4.792161178729536,4.72063560461567,4.7861320855832705
4.969421492196541,4.875531209855724,4.63087630378673,4.169531854910315
5.249438692800837,4.6233374877014155,4.784167653105875,4.401458846330102
4.56786832320695,4.082012336055429,4.671609379148251,3.547195788620487
4.782291675430301,4.577144786534969,4.2578131148762335,3.3708869719937553
4.61360212920837,4.981117342546911,4.6003383050476785,4.514876187688499
4.751373099409403,4.62621551540488,4.439911347245136,3.9040052804916368
4.462259897471361,3.9911813644531557,4.6961571535464515,4.047881552010169
4.593827035017755,4.2071088808296455,4.521643877272697,3.3724138020755454
4.623807917946438,4.7076378724513,4.803990390712978,5.0260353938313695
4.867014072036791,4.784210805580447,4.658374042217,4.928940048955357
3.9315611313055236,3.6296481852554097,4.594132954900447,3.2170035899365654
4.733147059775096,5.100026084686112,5.277850663795276,4.9058005998045715
3.4275759192539894,3.562918119804081,4.431838880493817,3.2155875977735033
4.8658179825622,3.9348978992170447,4.31432931755337,2.8833266504864663
4.634672986518845,4.056014856178765,4.6167068591809555,2.493536352387266
5.32993091228668,5.121252322143545,5.009004527316697,4.660349387672135
4.712716119345616,4.3800223877176405,4.475505601450902,3.5332506872339904
5.396190480895937,4.305302537708291,4.732405193806903,3.915829112439136
5.428040466301151,4.703044603173582,4.7075111869965305,4.753221348994398
5.130585905786938,4.979731974718169,4.463086360994485,4.995717607281394
4.6568624014123765,5.3441081837438,3.51243232820379,4.491254682441661
4.227317498543542,4.792996606250297,4.585876883133994,4.848504272392755
5.184081256654643,4.997751815786332,4.2006959605822525,4.722972883831947
4.83548146723985,4.632929075263292,4.466138495913488,4.380450720872357
5.41799158585079,4.561678785569437,4.928638375569853,4.541780214062488
5.148805467260565,4.760498084713813,4.463716277830737,4.726935312616608
5.664419952299313,5.270576512941944,4.553151338842209,4.689684941987307
5.4815731535958125,4.919942715198631,4.935118185843705,4.731383647583761
5.1606546533020135,5.166748432349749,4.246053921576235,5.18147090047215
5.098878634000348,4.586066256012974,4.029652548215063,4.4128448175292325
4.752303429139694,4.256982929316663,4.579382710952375,3.591255712847457
4.698343564535345,4.5130854433593175,3.9647321287154007,4.115475852506791
5.0507767560914125,4.382607589235359,4.148736833422896,4.279763075664942
5.286431532972531,4.713005736219846,5.407655372546579,4.766505018823217
4.01704852985263,3.7424212347989165,4.3546964063816676,3.401402417567197
4.74424847095863,5.07932695343324,4.5380693581665765,5.032939270408716
4.881487597673411,4.290961120628716,4.582115157173081,4.566856719556228
4.524590892036505,4.699873706824401,4.761309027625966,4.565662332637293
4.90355675021082,4.807339869760482,4.6515790033657485,4.594566131332834
3.7490942506968428,3.7857783594741345,4.596677440512221,3.3208876143958928
4.851287487431853,4.72601120079321,4.1746147110763445,4.327006276284282
4.905407226801308,5.2123965702883375,4.554075049959174,5.178992015350615
4.405352978461175,4.59768272640337,4.519646536662702,4.5051095880603915
4.244480319398491,4.414563778770852,4.246350281567194,3.5783081143123527
4.1673124358780385,4.204787163838822,4.512137788597972,3.527134685294626
3.753358776805713,3.915034424781335,4.604722354714675,3.6189372776832602
5.309283558764413,4.835718254485836,4.20924519308832,4.177468398067269
5.172206110738121,4.909142524164641,4.803930919164244,5.029526923893674
5.297203073258284,4.921798121479973,4.120274931442546,4.713675996075257
5.194306711131218,4.932781186062318,3.8977407285375225,4.702799201351323
4.703062256311214,4.294992245499916,4.870406774928076,4.095274999757779
4.265807210328592,5.061936440623094,4.539266852360625,4.40370338547974
4.71495397442985,5.399819475964278,5.130561467725674,5.519530051523999
4.720538294935887,4.280558318817797,4.782999003601063,4.217367360909511
4.591917194103642,4.495019032909239,4.712404646603532,4.258010168183465
4.194860030610861,3.8009757477287347,5.1134028454913185,2.828416767647528
4.574606189921307,4.635830540382307,4.9582894009238565,4.1419519752540275
3.643656449157694,4.079224629409856,4.919585940313046,3.9878664686976415
4.9924692962528985,5.0945256127758,4.0233236333990385,4.604155282299098
4.257611210542303,4.665538123276841,4.6491229826364355,4.265138868443525
3.9338510608541224,3.4017566035563056,4.19744552229008,2.4962715027228595
5.299063812613666,4.6015788378532765,4.777932442511784,4.330136669272747
4.601254512155569,3.784609721174862,4.691655677791435,4.0073493335857195
3.3057464576566877,3.674548915180066,4.0563557330006,2.8586638594348153
4.9869151104081615,4.853917249199972,4.8161963139475255,5.2848078490490344
4.629277143088415,3.904393073455288,4.8878212429175845,3.4497460414800822
4.658262387308808,4.369031122436501,5.164258534560269,4.331957896763598
5.493366893812142,5.1315454529915705,4.427166778288261,4.806357664605125
4.932934068895092,4.589226446388893,4.312536173716156,4.374839887190763
5.415283660888378,4.359857782680652,4.228010570502088,3.2208650332782973
4.782816920624247,4.9266789160994,4.694528319210959,4.573524570326876
4.3422124981139065,4.40739259727248,4.8827790664646065,3.7788254829635535
5.259786756400858,5.072260099848737,4.675913170649526,5.526371014675751
5.133868053995737,5.22375503098879,4.8604173567681075,4.812268982875505
4.324590312094842,4.321843277585334,4.324493720393342,3.908756036148494
5.309430440006106,4.2896362572137035,4.180299934221317,3.756191478262962
4.380063317582564,5.118297492310028,3.8896667807745215,5.044642969524552
3.828700269568486,4.951494791856603,4.6230762664066365,4.272892124526855
4.685010952566061,4.141303522032605,4.43793146549491,4.389627727215543
4.6984973978703115,4.385656292366865,4.498485532350112,3.7732304034864215
4.4368276842413135,5.06134926245016,3.538707306009215,4.995100086076838
5.215535952022507,4.666414336600618,4.776381970632704,4.71516870785234
4.297789424168973,4.22969021547203,4.847644991157253,4.196574025977722
4.728698844205949,4.171341273411259,4.998046455183817,3.9849696068023306
4.771282333170189,4.42306194055141,4.267346987090495,4.3843109955642126
5.088112121977755,4.828740821264882,5.487685348841926,5.138408349420878
5.436665607457852,4.723182694307907,4.616665584176465,4.782094714925918
4.6378549013832,4.349069038816318,4.558423059248881,4.109223741409807
4.921563146413073,4.689170803381115,4.670417151860807,4.627180931665191
4.25006352781621,4.521084936218202,4.747489660975371,3.9131560035465722
4.310607011337016,3.759889626824249,4.879744606177805,3.954505603168771
4.650503198341957,3.9655047989121166,5.146910697520663,4.227522291052958
3.6249420129361334,3.854885827317523,4.1468109717543635,2.956893255924299
4.504658826481454,4.405623395701679,4.73197025720776,3.924349771436793
4.730841382367602,3.8354684557835133,4.46335522608274,3.3381323307679063
5.250782134550879,4.586052947739934,4.132268275356237,4.538663374487991
5.771063044183659,5.30620736176191,5.791554910015253,5.314437877682882
4.759953843497252,4.409045462723768,4.647036773984634,3.8538447965540557
4.987189070870959,4.18827960786382,4.360617447538696,4.270351043205097
4.794331067183175,4.6010559748703255,4.795039234735866,3.659504081482432
4.903178672346946,4.299683363081292,4.370233688263996,3.6088059112234863
4.288888288164648,4.525792529391485,4.677308041027462,4.429326901216992
4.810877432352901,4.859058305982142,4.750154445483134,4.3886677703345
4.367970184575413,4.143845419151741,4.851779951123941,3.5473389959168817
4.684499489577124,4.104391544823893,4.686091611339135,4.0199063508152095
4.270835326458162,4.293986407251726,4.696780843905345,4.028576401236582
4.748205477758453,4.255372977942851,4.671270251938725,3.759163805253807
3.8491349437204287,4.683403252128694,5.102237483297859,4.481031877322354
4.329145040965808,4.643904676958709,4.829046986837351,4.469972165837259
3.951665630509517,4.71243488394276,4.73949844216682,4.543845853107078
4.338128355958944,4.0330758143030945,4.567369811661454,2.8211746442276215
5.467854594335092,5.43685423845366,5.624676649989957,4.796433613772315
4.223520441583966,4.3079160663768725,4.873890042018862,4.064361676784391
4.336767615683058,4.13542871609214,4.798718589205813,4.453150155182439
4.69836365106231,4.493595605841806,4.593105060606617,4.189477263131918
5.3241774547761205,4.896585846451723,5.1747509374577,5.019945824488508
3.8854451596802915,4.229129672590464,4.643405236304324,3.637061146913346
3.9356843304536904,4.0991812290714575,4.517635933915637,3.672536180138696
4.359702245080203,4.390943659653838,4.764454602918258,4.292607255466365
4.617681272545452,5.049295260400412,5.138874614801058,4.99398833854704
4.0538178166315175,4.74734817996953,4.470970700538151,4.543757128728199
4.11283936970394,4.053769927276102,4.682071225688438,3.428300918318793
5.455009292540837,4.899111050590112,4.54203842394376,4.7887227828792325
5.139199172477806,4.932851538929812,4.821311310726579,4.932820168940161
4.403027671671079,4.9654701966657715,4.2084360221058805,4.9076178586779635
4.628938857064405,4.341007163286032,4.906303908937084,4.150573698888532
4.431511867301959,4.660506743175976,4.778882165467316,4.476405461628272
4.1351418028442515,4.425539857345938,4.9230876336308524,3.4516904452919706
4.400037041923887,4.606599800546859,5.486884300754217,4.531166636718321
4.416177757401401,3.7789767546625437,4.341210630377841,3.018109082707091
3.7751675456234297,4.476504993906,4.625129417242295,3.7867869496929325
4.025665690720621,4.538096079075898,4.597301233148746,4.019796469987146
4.826516928464081,4.469719636133704,4.191711208686728,4.03901527405417
4.530893160600582,4.501433390454682,4.400792016028991,4.637738153548764
3.7364685378648406,4.031006953364346,4.631544923502914,3.8459166048759257
4.371769588151104,4.997199788741395,4.927373799665236,4.645098339664335
4.557292043983645,4.186260974107458,4.546239680983601,3.6802504368568902
3.8307804616768157,3.936996067428755,4.633088741667184,3.900154657273518
4.4363752682538005,4.093084261742974,5.12163398021463,3.659367488931017
4.496674766274425,4.8005577536375075,4.517174183843954,4.834948872201467
5.239869270577322,4.731009310596981,4.548030836851764,4.369083034183448
4.885436017596291,4.77440618338769,4.979367800271223,3.57441086933355
4.48431056960584,4.121620697199222,4.964872970890447,3.9399202216056137
5.150013188545233,5.551372426334045,4.946412537165056,4.6815295333288445
4.204174265453323,4.558097802510318,5.232683131928624,4.713664032878976
4.514817298697844,4.484896917368522,4.50389769204846,3.506092800729452
3.9309524590261278,4.137533560579379,4.544824665819277,2.939755128973225
4.539142806049391,4.739127810869614,4.662529241115143,4.877115259091209
3.7846541650240413,4.149987459052742,4.789479014886328,3.912285736888114
5.673039058595119,5.274803451788207,4.393460301272644,4.807728954022402
3.4388641091089336,3.7064486554153513,4.703613014731162,3.070054625062984
4.792372967318887,4.2463627069793235,4.580688965682983,3.543515121531235
4.296205036972977,4.806800186859761,4.234894124698843,4.492594001154464
5.211166369519774,4.769165200424659,4.563683129654654,4.315284967332836
4.872409219813917,4.769584597485632,4.67068080067438,4.656218023561014
4.837545406457322,4.118566458325924,4.723481559452998,4.485048458124965
4.072392186261532,4.763774235937995,4.513142546153942,4.559174724647503
4.543867893532848,4.409395207140843,4.219957575993342,3.9569773838208446
4.783813149830303,4.248653889736212,4.639285866074983,3.4024197928112256
4.693050172622079,4.389811434283577,4.819469156533032,4.463762485157944
4.0825582652812376,3.9700760030268607,4.680797253473493,4.1448448508912
4.0230328276449345,4.419609158812041,4.246368048483762,3.0807485937233126
4.829914832251141,4.942858575981499,4.078416641698429,5.313213166932347
4.792927106244262,4.141823621119902,4.850201078585645,4.002825703475488
4.002794560684654,4.125881492120102,4.606006124402172,4.114130232559181
4.334664961128177,3.877819743863714,4.334288911081105,3.68707456590277
4.8259587580024625,4.439115455064823,4.050748225432842,4.307210954233324
3.904369127939604,4.206423958748613,4.486827478413172,3.521055284930745
5.3339802082567624,4.476004522033462,4.875754080869783,4.336267068664333
3.6707815594173105,3.918958060893417,4.653970352464311,3.0447674707976633
4.996635174850256,4.180177825860185,5.110433767258557,4.465258249438917
3.966874689497522,4.146463548046119,4.557784945981478,3.3239004706952975
4.78052852809317,3.980581752146189,5.030677419530166,3.7308668504191536
4.452610649705968,4.705199799043833,4.996537380573629,4.339019403162471
4.135804158980981,3.89956127916106,4.569962778977132,3.4965250404108974
4.080994925500695,3.8460595735378544,5.092348448534928,4.149481452190208
4.417425748990061,4.0560734829202545,4.772578310983386,4.099214506476238
4.544921909554536,4.0320027382916335,3.8618982806216375,4.391895108025022
4.680695745841511,4.664142416046783,4.892515717004449,4.641660505186582
5.203226596138895,4.348751367413846,5.012488916675226,3.89167226829852
4.510572896232353,4.321832085114224,5.096873033353014,4.5318972490967
4.517995426538968,4.808062466456072,4.385327577818559,4.655683656828986
4.613377048830015,4.723184984646046,4.64552152151969,4.832668777209256
4.444718963689558,4.916846430105074,3.8820251612992798,4.1334408196080705
4.821438688051974,5.135242243210388,4.489595806443822,4.8210089701412135
4.8943742774025765,5.0240470693319885,4.7242491912700615,4.877280042942615
3.7732223843521946,4.274129969598934,5.020642399594675,4.345562087459292
5.776787404439451,5.225998474840388,4.275780867676006,4.603842619089446
4.337103893696028,4.734244375373374,4.533740938823583,4.401517791529796
4.645623572996517,4.449355765336888,4.285965048489109,4.113691024639642
4.493902035708466,4.318999542772147,4.6839941093618505,4.253577343862078
5.472196620757442,4.960257303144011,4.649501223162221,4.802622765296185
4.135950002759759,4.151725883154071,4.426738497281932,3.9892411191634176
3.850072385660618,4.106317775956668,4.498531114911758,3.5097695645272395
4.2312646196911885,4.991617224302058,4.068941363288127,4.283343679937088
4.822923699577825,5.012893060290055,4.74056913091512,4.8508728283252625
3.649032380417758,4.808525567982663,4.710858368600449,4.540058587738226
4.692628999418834,4.709901941016776,4.718113843699322,4.376452965990465
4.090941040911361,4.43413478359855,4.970632976506147,3.8336723395625576
4.651242168370446,3.571403969700214,4.78459963671864,3.720012684269571
4.776456225196782,4.724777516487022,4.462618319814225,4.649775612433933
4.815706098742753,4.0980872787493325,4.402727932992046,2.7565085943605268
4.766067870450838,3.9396059847909726,5.308555860813718,4.0500718673650296
3.8713640097588704,4.9629627890545525,4.452824549908604,4.397742401843749
3.7512063608219637,4.070063247009916,4.746415993853301,4.052763826417054
5.021799427340376,4.766230707403103,3.898508280304416,4.407167087475133
4.472307804157676,4.350574005241411,4.48849399992042,3.837521038196665
4.9463815431096645,4.82149116497676,4.385535559844619,4.592476136257791
4.659599816923213,4.519145642740089,4.468459230429833,3.9812787135739978
4.530040147055434,4.162916134160504,5.168669899278734,4.172667060328001
5.079474276351753,4.857979387796159,4.617442671491751,4.764188970048693
4.080517439319341,4.179125889909727,4.6311556071229925,4.067423859521938
4.066294024719945,4.906097645913028,4.523403899436277,4.098300466403941
4.412008734278825,4.341004004134435,4.492415626230656,3.9268817105369678
5.2235755479938994,4.683071054309691,4.930584340993015,4.520336891738897
5.1825974480187345,5.183613915076256,4.35898388898931,4.8137839155327224
5.660177934397465,5.024308788748227,4.746323579678736,4.966241689944476
5.142929083789438,5.15639867901361,4.881325282351101,4.88627527532913
5.039918556688942,4.234589436358459,4.849349523575107,3.903768162566841
4.240934900699148,4.963935186092105,4.551197546132113,4.692179437168487
5.1845215598730965,4.17457513449021,4.092436579646988,3.992778283751223
3.876898562395723,4.39748207245873,4.33436289270129,4.1085508408856874
4.632088611213807,4.5482912112507865,3.972629541556818,4.154771202595659
4.906837174999807,4.9417340323740975,4.228353352963883,5.192265315731293
4.728087655577525,4.185677341635537,4.544582831089395,3.4221297458778763
4.79667485544817,4.572572575781347,4.84524048523969,4.301207352042162
5.185844920830476,4.750919030489674,4.677601438992336,4.743606737139345
3.8508025472405327,4.320258627545537,4.0196718297136025,3.3557499476902377
4.748241133859013,4.623913500062926,4.262776697211319,4.756906069806226
4.196058183151014,4.631471150551159,5.031285622833939,4.528433529317576
4.590145312563828,4.79573504463065,4.465707581542611,3.6884264023883446
4.869850815801757,4.905522799513666,4.395020421211149,4.863507356134553
4.604227513812622,4.860492210852601,4.410764958758037,4.281447559368842
3.556457827170895,4.202556802320744,4.069180733048556,3.6883049721971872
5.217114840152325,4.953222583480546,4.763240495884852,4.951333959816198
4.357683125985618,4.211614247359017,4.33430584957998,4.320585220034693
4.747523007552547,4.839981553015309,4.820197037773476,4.458846608586506
4.169395492870465,4.1965680699832895,4.603669627904907,4.144662231562694
4.931349249261422,4.642677382047963,4.340234657932995,4.3066166405717405
4.151182588774808,4.272267597227759,4.329237474859974,3.6791537315804232
4.681066576192743,4.594062604756772,4.401900158685239,4.351716443181325
5.189195670957261,4.576708985072225,4.3444885516151635,4.099925164030861
5.467918579975601,4.6909327961224,4.48645591814073,4.567369090441759
5.108723793711216,4.449980197133846,4.732961631876149,3.8020454547860956
3.5291981499893277,4.819402180037032,4.2362656572255935,4.593839172776396
4.371904946604597,3.8791393007332178,4.588402466757016,3.306175220464727
5.1315212827854575,4.4792164115502064,5.3640471121747515,4.707374725245369
4.331341851833024,4.473188845094869,4.505754375039727,3.504599065976756
4.669977929308425,4.576640700443402,4.802694853896093,4.318661423854624
3.61185158509179,3.8345890725550182,4.290638456077761,3.443342940185392
4.660588887940175,4.530098144437709,4.99728987875486,4.434481130063299
4.214712034788684,4.6282317990248245,4.661121144513404,4.522385429714225
5.071517685582129,4.5378318721841175,4.723888570016507,4.016001053390086
5.249467023309603,4.869341409929675,4.144277881960694,4.318439347853496
4.5700801319644055,4.624908263719936,4.980374159083316,4.292632164743494
4.782506752346595,4.352888330521562,5.082487764639816,4.676824301698622
5.111557383959996,4.658058951193909,4.051354480758469,4.35407003934144
4.711364881614281,5.092731065407399,4.555631914913837,5.0052589438471795
5.154769395294377,4.862356694923084,4.841306634811914,4.366627130055164
4.51604536510446,4.170802893886566,4.174964697089258,3.78476517221272
4.364424631184542,3.773582587417007,4.524359949628848,2.532308090208144
4.754674604400768,4.157486646376578,5.036038957956618,4.07277780257364
3.9597774745910796,3.528454818670705,4.608878315135736,2.862536716407415
4.668509986071786,4.042140389079951,4.337988103981418,3.3041830701324595
4.722083439263753,4.344735962428803,4.716994342945655,4.088747084706083
4.506774471666136,4.399689001832535,5.054186808442887,4.101451416879168
5.293612282750218,4.809472664906523,5.04747531996344,4.847952856399149
4.942860148188331,5.020146265049531,3.8423363450891226,4.861758363580424
4.652838498924102,4.691227223164234,5.245968992941391,4.707106915413616
4.37266208962372,4.5511215605400155,4.24828375960724,4.165781300079614
4.783609626342672,4.822802834513735,4.840757380143771,4.831649934947995
4.125595891615424,3.7675838979058027,4.625248544912053,2.8782533851397414
4.528455668011725,3.6741490563949015,5.106723565642077,4.1710345776646855
4.366879088237767,4.56868309518982,4.284436111151779,4.119000618727457
4.206512306148895,4.366499553974204,3.838152325601477,3.8152809645912735
4.449277757969195,4.858329990417065,4.497395101580799,4.763205908933186
5.489514417013086,4.683475983601806,4.943535684061932,4.7816116768003365
4.407282327054998,5.188274658926825,4.348942685927287,4.8247306740010965
4.079135359961691,4.121042083722817,4.460470521379306,3.6632560143950403
4.989814066209017,4.215805718800557,4.433944709387853,3.8397156247727358
4.882634533844955,3.8706237787664977,4.434935858651858,2.859393997070039
4.920735852996532,5.034844172416356,4.329972809259536,4.946950448066968
4.702754891292001,3.753616321821089,5.092703090211347,3.372961425872453
4.441865648163313,5.0116067602693715,4.3919184652364995,4.264618901998162
4.414720522035524,5.356783767787112,3.8544955086090917,5.1937248216646035
4.590325978598509,5.037964887671259,4.535084925645835,4.301595580140699
5.216770878242293,4.637103490148489,3.851520302534332,4.462030916077728
4.734582672995043,4.8181525744782885,4.602947773182847,4.519309355678251
4.9463739542028415,4.612485678597518,4.2021583311689445,4.397969248850252
4.083282601068466,4.494232392642505,4.644902275476863,4.326520859675256
4.373389117736021,3.8093503754672415,4.864479820070067,2.9327996079420986
5.21192489565088,5.141021780231118,3.903318449435697,4.456942488040881
4.749934358917528,4.152035839680048,4.5813053027638855,3.488520677695382
4.883852089641887,4.721688988737139,5.0700249700874895,4.69137688406642
3.5239890929749653,3.6947267272039297,4.676049091944292,3.082032187773733
5.314001151327862,4.72169491750921,4.104481742173418,4.569368935323921
5.291712585759689,5.176160155166792,4.5293851628663155,4.801205926300406
4.635856313774912,5.266495375254207,4.272435033519915,5.191012197137223
4.611195224845614,4.7247169998310525,4.996218770129599,4.496305944730109
5.259955473601129,5.262640412288067,3.8343467876849227,4.894877635970869
4.723284962025792,4.930767785025167,4.5481066758979125,5.063652384895031
4.2553055148060075,4.098533122409378,4.54571641464873,3.753782382655071
4.183918556322198,4.41087274681574,5.101231284186634,3.753871725306054
4.328372015709419,4.331217969509233,4.884875121612488,4.3019637842624245
5.268835151597014,4.898228818839199,4.54505759890162,4.443482623244091
4.892685541749273,4.893067461797274,4.370795697770622,5.0465477753079035
5.5851730652847875,5.410270317112101,4.0055939664100135,4.942122360097856
5.93583087234538,5.1850079948988235,4.390085924860509,5.102727027044879
5.65323292961778,5.571504337682218,4.497423906339731,5.299391700058012
5.445601828964341,5.30266103746766,4.427690900451624,4.988693802074116
5.860783058770773,5.37160676668363,4.526770637243527,5.47595916019785
4.38044142130345,4.805644073183157,4.930700275432156,4.698726091018168
5.216015562164618,4.274364132241131,4.504818744180617,3.7929427581664967
5.051985926254563,4.226057565724354,4.962519242282765,3.5430022030095145
4.760439481019963,4.863572561782045,4.924196966783158,4.434574146980586
4.860485610930532,4.871611989700061,4.461721131361092,4.614778371091369
5.200413961711186,4.539190273087747,3.9974748700520455,3.9954461754813124
4.878200093313438,5.141492019833086,3.813997722521919,5.028383406591989
4.039470554073125,4.943066188415622,3.8643555036690573,4.676122701505733
4.713380478939716,5.093075114976456,3.6690263490465136,4.964195315524738
4.781470489623332,4.331871925068224,4.768888799137826,4.022540322634603
4.1923088055830044,3.909158875014404,4.509714368479376,3.710339878506487
5.485686945941267,5.212289712147225,4.796765347205625,5.325536615503589
4.467430688407612,4.693507892631803,4.817998766651236,4.445178716888519
4.727526065562337,5.1662812292781926,4.0406846804755485,3.8528094834253865
5.002903815730405,4.80465147473395,4.787752029281115,4.127370846886384
4.43354270121428,4.032912488309619,4.617746191225374,3.671066451585361
4.317672244086483,3.898066183379741,4.619119375221835,3.182604628264106
4.522760519214861,3.7960432254008594,4.190965115275852,2.9461930716550837
4.403049783073319,4.055511644387463,4.527948647562078,3.2937252606214966
4.390357431251916,4.765864910543854,4.7575822841952755,4.330665299586878
3.950623061296776,4.362064868159067,4.427841014281717,3.56874398583722
5.015577334283233,5.3368043260354,3.7088808326497724,5.105351350229541
4.648749806025791,4.758381339413584,5.046889007615136,4.554224115670507
5.409519966279808,4.685829877608134,3.683177272371962,4.53417444641257
5.031324826294806,4.119560362051164,4.067531672374513,3.2269033455842258
4.392578550046601,4.273226286670437,4.191439965103703,3.933049762466062
4.580493010058776,4.58576983928987,4.790055789610116,3.752771148526335
4.258031507715696,5.018796668723966,3.9326365012559266,3.862714216884634
4.845391378079641,4.677808358906054,4.677858624392392,4.072605907971295
4.630870831466588,4.7812055998484215,4.820523088224953,4.983872118476602
5.057122020672702,4.876442809683291,4.768263743741076,4.933859305594904
5.41424245828611,4.938250809993184,4.502338291519551,4.295512046199141
5.036689261050954,4.372652804729929,5.133661786418678,4.398388405882653
4.845235477632724,4.374305818358772,4.657159685162022,3.7960573847908505
5.1221520417416695,4.5197620513182795,4.846176500958205,4.844252231306681
5.150717219647677,5.120765398391535,4.186009566607473,5.227939136698576
5.1141917057086275,4.812860123722623,3.790735837375581,4.969099583381477
5.582937999641031,5.243489392438945,4.207465503008596,5.066794543891987
4.823743847736377,4.974920455198341,4.388245317396249,4.237493448986879
4.500824583188162,3.8206672438766356,4.33090868660398,3.308297686159715
3.9890931028417516,4.806752179700492,4.24761750106487,4.287535517403443
4.766812309840161,4.216622384927842,5.2237752543318,4.394570497934111
5.168844275674488,5.3859828444154205,4.696590867480201,4.885247866486552
4.678556403611912,4.184936841845826,4.861514049128993,4.040133768653167
5.402421186917603,4.944105267524571,5.127971608859408,4.547579493349528
3.9902605025953544,3.9005212787108032,4.6121284842917705,3.885840633777114
4.266509790999462,4.2035655952903355,3.8923627907972165,3.654704508991506
4.573588453652675,4.935599735488851,3.857441411374409,4.88670116730921
5.072664720455711,4.817315273414703,4.283758118080922,4.422919515726209
4.640615633736545,4.440361277750688,4.7518048238729715,4.200693629435875
5.145692420974808,4.936327976705662,4.28716404160072,4.547954283538534
4.8687978230228515,4.986546580222959,4.799799766036906,4.6871022233815065
5.141686719114819,5.259322966261016,4.81835019834533,5.361997440725922
4.048587842548593,5.013231720612119,4.4066355080272945,4.950721550155691
5.143079187126358,4.563910460228871,4.33837129043658,4.439725041494957
5.084302988058025,4.908914572653458,4.476939163777262,4.903673639321725
4.921008417905348,4.400502382536992,4.67041553433692,3.9312424788186657
4.694818218458064,4.707796927837841,4.880983263848118,4.556586687848606
4.697534715051515,4.458629765919873,4.919824390683335,3.8354129789363163
5.230948282920951,4.804193473971927,5.526508886866889,4.810968732043393
4.931282972590199,4.959513205375795,3.936602634560716,4.656563364024649
4.962594493862886,5.355420320098052,4.872066102389326,5.067199745703829
4.963366550077551,4.171511702527027,5.041310604550107,4.8280188712308165
4.889924498997681,4.77436308410137,4.246019780145056,3.9530846474938968
5.38042578365283,4.73752064824886,5.1592103175339705,5.034265294559313
5.125427660435027,5.000108362757398,4.595375729539165,4.953860888171974
4.150336489080994,4.056925577755479,4.6770629480293575,3.9501695847301828
4.8897117643991415,5.336330377161464,3.942121193379726,5.2684994878044895
4.949219478456981,4.971321723925901,4.644951904340821,4.7221018239958426
4.909798289869826,4.86462888000762,4.897375997971628,4.026077069827533
4.057025977286428,4.928180309314285,3.9305535718710822,4.398196848726288
4.698513623375876,5.022670258873294,4.43976078931205,4.783131625168391
5.348602357660127,5.22420309579866,5.120579676985062,5.050661289742274
5.500697975893729,4.82557608784941,4.346171494723171,5.227796765447414
5.309824709478596,4.406722633364352,5.209916319734057,4.177337444491198
4.62689337340155,4.389704116690308,4.922465143107647,4.080145065918561
3.81154153324461,4.520125239271245,4.3887187691771326,4.611985820792364
3.257322328781415,3.926501717203089,4.470950113036099,2.9087836190115155
4.836464460075714,4.737670080031504,4.818029128173635,4.915632459615294
4.7264255595289795,4.874406345461002,3.794115181565216,4.276502406645719
4.52822679779209,4.919400289032452,4.9493472832314875,4.353497511560187
4.732958950570991,4.284558443921017,4.6852494236915,4.269229912674464
5.302166691485976,4.835284982957717,4.628800625978203,4.420752418706019
5.24843755281611,4.156274905214559,5.182460965416384,4.064552550925228
4.738332031643437,5.185869660676397,4.236252826591593,4.924782554904662
4.866070063900495,4.825848093836727,4.64519850338658,4.524142416862444
4.995278111854822,4.496909627081962,4.822078313375908,4.969933798477663
5.226232999675584,5.234519070275189,4.897670159545135,4.951920379020306
4.759038565055167,4.184018162827839,4.316940656905777,3.957369520841262
3.9281915595561663,4.597306765170416,4.464212750362492,4.204407600273317
4.691607807416101,4.328984790895521,5.134204265381087,4.240083628493184
4.225263642768563,4.666033738641362,4.404352978722475,3.5409552182386537
5.231903596841452,5.089695088362198,3.99293021148571,4.816116355461933
5.476672222124576,5.055278936230387,4.724148993648246,4.9855404260388125
4.412865771842197,4.6129290173615685,4.881179701334651,4.350015282967527
5.3296408165558855,4.429065282211895,4.951220586833892,4.14647363455583
5.46621527404626,5.254327002230105,4.654934537657035,5.318861296001528
5.252793325943409,5.157659806850516,4.3827896107912085,5.076194665371905
5.120706987526869,4.861585447856879,4.547302586775303,4.9964773945742875
5.005690723612481,4.77751256694268,4.370856963087212,4.70924896534084
4.444519154588175,4.5156818298482175,4.567320580882789,4.3977890224646075
5.412888232695503,4.99194030151959,5.11435374323049,4.900669572920987
4.694828998000005,4.281692741545793,5.073305385785724,4.609569870999515
4.0203907969294805,3.967871378932983,4.344837441658051,4.176365065561714
5.241599656567686,5.123396737070176,4.331418430413279,4.746928068291035
4.62827038866106,4.239556763946424,4.738648423083575,3.677410807406639
4.752423373677683,4.589476959795898,4.700602194585579,3.8223920875139696
4.815409870870336,5.185514866166494,4.571750567713906,5.054628946676759
5.337357565499985,5.357494482968309,4.637904345783874,5.116116399424152
5.087372748626173,4.698026055235144,4.08827457612644,5.17008210424676
4.19931364276261,4.304587715485437,5.278488678126691,4.344591492244149
4.5792429411975135,4.371985952436686,5.477318523431343,4.296802719183366
4.650577730015438,4.212833767785214,4.49045798284989,4.3873639894459515
4.575344133181788,4.829902071242006,5.386559588054323,4.951628699641307
5.139020138647775,4.628787534175279,4.5425925704387415,4.365096496087792
5.086348031885817,4.9060938535997805,5.253271494230343,4.706630107645095
5.635737332256397,4.515779044148939,4.5031676235066636,4.614211334097564
4.12567467898308,4.549145066229233,4.833506751190917,4.780736142880765
3.916715595060406,4.473026128720736,3.8816038246715996,4.211193486486295
4.2126859634294185,4.924970584134958,4.45630401062735,4.721173322047601
4.349106327591759,4.731234016543701,4.659583013213244,4.256003958662852
4.5106217279327305,5.736491684044145,4.325148094634242,5.084421391701423
4.7718194817870225,4.748616815509664,3.9704720758224195,3.940507404162022
4.9809032543074565,4.665034696217668,5.426657119294697,4.447069811342887
3.144219171626634,3.6509552419996765,4.455294403461848,2.6704739247571383
5.415315367283873,4.691385987869339,4.831235753832752,4.392401791611411
4.984723715998286,5.228477094350597,4.170453213763235,4.686607788934597
5.346243454227432,4.8615034669403965,4.08514456786554,4.21132758736874
5.250989833337001,4.660097546124826,4.434693335215793,4.180505428565334
4.591583169411618,4.492065692277339,4.917434014536424,4.88700003098829
5.030954664491023,4.0769793828065914,5.09212540366886,3.892614475160407
4.156808207321941,4.837006003505411,3.9822354018527037,4.552625911521339
4.667434310566913,4.882523448016993,3.8814517104531907,4.708753013534709
5.154665236100683,5.086319903559951,4.949138630838416,4.542372587903694
5.4301893553088965,5.051520703577424,3.892920854874952,4.611859243857268
4.929677872261905,4.90082349811944,5.219923581973611,4.724117436187459
4.3657071203994375,4.4648890401213635,4.241201869217274,3.9635798991817097
4.87648876390572,4.377652733350183,4.414281770231687,3.563159391736487
4.7552739031046585,4.338673778572033,4.747014239094118,4.600264029119333
4.832831550371804,4.441221908610004,4.929059319709713,4.037601144306177
4.744037708706613,5.241159742838197,4.517612741141332,4.479693535927062
5.191549953994223,4.426757372546654,4.535004584891418,4.576961293437358
4.566837772190894,4.436667061727499,4.470491007398759,3.8364629179500938
3.8003215732981928,4.338167659218445,4.398633322212995,3.259081764723207
5.349992483480212,4.8454967311732835,4.804967518777223,4.988718342443804
5.0962095848830655,4.921486295938426,4.355899083545614,4.591232138071237
4.287759771843091,5.198177306070934,4.500098468456733,5.070423677148698
5.096154417055313,5.2552337105748075,3.6362251341338307,5.094112271354335
4.413440939403706,4.751624780559939,4.293723949834881,4.452902570451777
5.235996078945026,4.113263285545567,4.669593700862123,4.076268675369412
4.906833642828261,4.291867766262159,4.601021757591742,3.795526603275211
4.707138590227456,3.9915399260586852,4.882621051881035,3.76939675763
4.03610171675069,3.8512612103833144,4.233743099572784,2.862795776341262
4.744154545866926,4.136062459077844,4.317762506894624,2.8438281332178623
5.395820927054855,5.098335330479777,4.163107864155555,4.867151199243347
5.179973690648042,5.408888913470629,4.009129456888539,5.000497760618928
5.144400240369524,5.32449116866748,3.9926429847846014,5.679001443804236
4.925298542142396,4.932902401952636,4.3622180465027105,4.844426840876439
4.754806369826643,4.2547123531206035,4.151234983343807,4.047692246519416
5.685203285563369,5.294763284609907,5.110417263888581,5.273465375894816
5.393411916145481,5.190897136629007,4.360399186129521,4.974240206411082
4.590011173637049,5.075364111514019,4.687220585479253,5.138616012959366
4.943812905625991,4.476630444062133,4.144299816503113,4.1636202484188365
3.9610459776722955,3.9228502578084146,4.33449552035228,3.4997141838945693
5.1776270469355135,4.928970409607083,3.655582281692378,4.251874560369542
4.253528562733337,4.206133795967201,4.357165647776012,3.4496472165807686
5.188332299251999,5.070867117374263,4.105956361001728,4.927439508921432
5.113989340664687,4.231883165190306,4.512525144261547,4.456639196061347
5.714104315568781,5.265336615886105,4.86228252850149,4.844222586609828
5.300169977421304,4.998772309957247,4.922380750247558,4.942394215218369
5.344841700598214,4.926353003041297,4.611095581590587,4.458599051130113
4.682757818340115,4.278284168684409,4.186089722557423,3.8839390153770745
4.970475284045603,4.718004338787036,4.5168227606808475,3.2974889063111115
4.837001854621863,4.751786686186191,4.722271295439136,4.940560411167556
4.051118210757171,4.36683451392181,4.640986593332635,3.3193853302954204
5.67329145571699,5.532667517918968,4.3626706050041495,5.534851124803253
4.402882864039057,4.646598128436489,4.64916283371364,4.791026196843576
5.1871919474240435,4.650289042013227,5.05539935065643,4.567318509648996
4.523547420285026,4.455980307984432,5.656835260790843,4.311189109112436
4.8982350102743,4.418589257430022,4.1198355657368495,3.6057830993146567
4.773979909370241,4.502817278410155,4.470140478528523,4.073315354244247
4.576478209496265,4.346646679663665,4.376184676295453,3.3636858685540116
4.7305253411581045,4.330924488704023,4.684731078175782,4.498371345731995
3.9626642305982136,3.974714713066962,4.6191656392791955,3.7755571098365692
4.217690769434558,4.42362087538178,4.569597905320525,4.033239225870879
4.580667499798005,4.083048828394927,5.131256527226981,3.775233822208715
5.363412175651848,4.774235493525695,5.539536461676204,5.258918475859286
4.3088742601708505,4.328298070351489,4.384046113392716,3.821562205004085
4.372288855081806,5.252170558468441,4.039268603449784,4.4767560827665065
4.903360126251263,4.572674673395696,4.514132196109475,4.458458195742626
5.296494447086992,4.875714787225047,4.836032610288372,4.7886302230370505
5.293249233180188,4.241217191633131,4.567776459316731,3.904794883919998
5.63787854388169,4.762544492146378,4.4674232935068625,4.888327396380261
5.100020300062031,4.941780414012602,4.735908293299784,5.0382600066876435
3.88808043429303,4.225042997732843,4.371687069831628,4.111921112185318
5.007209932158052,4.401693588390515,4.082910383842033,4.257635221162332
4.925734037697677,4.390144146277225,4.962372383169554,4.650773141971958
5.1446411047337195,4.854704695151382,4.378639951868613,4.244912410232862
4.979339067671537,3.896548727462994,4.698190520301138,3.2605932296550377
3.6672927853367545,4.204038451897364,4.6007935484553375,3.0958382051661477
4.623622943425274,4.626508979468997,4.406663054207,4.4245521970478325
5.187534252581605,4.691410446197283,4.030130312394383,4.778467473517529
4.848542312446451,4.475490921613365,4.330407395570673,3.2552572555280883
5.044524723130804,4.800663219546687,4.810076537066126,4.513562116179167
5.430990137562186,4.840208507551548,4.147362993345886,4.1540225986256845
5.348312682916982,5.1166391871335435,3.981371717859615,4.531665122783452
4.366529681344868,4.015464939126843,3.85697152684454,2.902617483657435
5.801264791799878,4.935417772357158,4.463205116874092,5.298807714594679
5.851591268320666,5.2204263087164735,4.198014012292538,5.137268431137639
4.4148519595921805,4.45425997536737,4.55604407016306,3.661543447014718
4.0416755556219846,4.290352930757915,4.300823746827843,2.8470913606254404
5.3560474881906455,5.0180856909865295,4.297904229668746,4.982886791752024
4.685643960466762,4.20756159587557,4.720046897647684,3.1522914714353214
3.7942419935765823,4.151999128635837,4.437474251333673,3.2836598512497224
5.327387425254668,4.914030714143751,3.917908752100095,4.14223153104052
3.7799544911785166,4.133330680047231,4.382592371354283,3.554523744720106
5.311756102110095,5.382443395208947,4.098309881069644,5.124330593096973
3.565761862048091,4.525598370429488,4.633029192969645,3.5236364923105166
5.553968808840711,5.199995931337759,5.036199556481807,5.017931224149098
4.439184744501215,3.924436866445402,4.931602203168098,3.8073712109968243
5.44122197021736,4.056038605353632,4.346030913425618,3.515256394421027
5.491420451229603,5.356453812128038,4.464807718143123,5.482629628786743
4.66833126767986,4.06409257049022,4.955514101634237,3.4937793410023157
5.060136409308009,5.057048836610766,4.018041181413636,4.738477019897428
5.371468651869219,5.328992640485758,4.5190423020073345,5.376208731987974
5.355453223679383,5.287921356866888,4.306389455423263,5.028359092641479
5.115010205282857,4.801038558890703,4.673245148790782,4.741965367062908
5.099044658908244,4.85056792511681,3.6411818700946723,4.636893747482263
4.705118130443359,4.5134642672577225,4.663370390011023,4.363663014432465
5.214224597296507,4.839590708328491,4.450785053127432,4.291746328860058
3.556930190741488,4.080888274833929,4.436266454458919,3.4116611399510894
4.541127696478397,4.826043044234079,4.479707440439562,4.388866659822474
4.531974592645855,4.6274208346787855,4.514797888328182,4.442082177414685
4.747873290313113,4.0546225702109036,4.58796038745307,3.776932233440221
4.839669401243297,4.266682121803976,4.4312832489905825,4.676362646177989
5.306662708363211,5.0973609570860035,4.3112984025834145,4.942753389147165
4.571989372575854,4.726882612579184,4.640976683374008,4.490048809704652
5.606013562878501,5.471996179301473,4.082672794370415,5.439781169900706
4.9958207493027,4.7489857288395,4.474467336461535,4.2715737382975165
5.761628830086031,5.514914167908506,4.23751061537951,5.156266864056806
4.78141092947106,4.567433267615682,4.221494955714891,4.0184684705061295
5.543947812882565,5.246836438608253,4.2117825923659735,4.902127338830228
3.909175861127103,4.337246011825524,4.799791417460273,3.9040430929263215
4.498764102432047,4.09257979385911,5.196987503158611,3.9551900128354274
5.172389719155403,4.781885612217296,5.510593717560981,4.979868882519743
4.625241687916514,5.208283566166884,4.520655458433095,4.8233049319770025
5.5059217359243515,5.06102736498313,4.532179971520987,4.499090070061136
4.405644076399801,4.980696645178542,3.766270769207244,4.893224132307701
5.09689295897986,4.855210469066706,4.917294412190331,5.074523096277516
3.973843318477122,3.8324834476079546,4.6430284235887855,3.5487395198120746
3.472832388503076,3.844454808069808,4.656338275496002,3.2974778651141023
5.198255155281434,5.2293032466733225,4.237074940937664,4.873638289765775
4.776694565803537,4.504285726447652,4.752687229546362,4.641822597465003
3.1574388690180895,3.802174390022287,4.532979705530117,3.1009683311117326
4.2357811707979565,4.166611065845791,4.45521217201639,3.914835361760067
4.592369271583265,4.77799681889551,4.777106397531965,4.68476758008953
4.489349190446893,4.482795091022087,5.053694606428062,4.245697461658805
4.092958471997621,4.255974934080815,4.877577507196995,4.056554988343519
5.444640096192797,4.78964247437816,4.495572816389809,4.376599638855295
5.459788931472588,4.805600853342475,4.5079374506957155,4.68551117494313
4.9506994663162684,5.1816022027749735,4.259316542686734,5.121894105898065
4.5391164881783865,4.0401476712384055,4.553170787403966,4.063934645763214
5.715117356829407,5.089262820816283,4.516303326275953,5.046466782233383
5.017516455594989,5.296414574214713,3.8774005650599928,5.13982629931345
5.0305616217746065,4.733700965203304,4.902130561712289,3.93181023552737
4.571872111508683,3.980054052358194,4.74317696326377,3.8437705659620587
4.864389470909389,4.370723683921202,4.620623218789156,3.747123266502489
4.672962968943805,4.594882673447904,3.980196830732403,2.9907178837180335
4.800492264549901,4.96051261017889,4.08762617598209,4.739272867794725
4.37677746010594,4.904413473787675,4.302527934339581,4.203220027499935
5.093059302220763,4.0273648967494395,5.245626609053931,3.8875345061507547
4.908861301435825,4.155708850577126,3.9724459679899295,4.094184613027349
4.930053986776731,4.685180450694028,4.0980399977523,4.402331188069022
5.0413725092056145,5.164995626597593,3.8551002284784244,4.780364304410507
4.5643081938276815,4.496264612608681,4.8129399812571885,4.109858329717259
3.631995161682968,4.45963268834921,4.007284844380479,4.327803527196047
5.2448345552902325,4.8562229238458565,5.124774359058633,4.875126120324354
5.246433481758835,4.570409274627403,5.593449483258128,4.734519489818088
5.034608085405778,4.094182702162244,4.8273469635487904,4.2966933202138415
3.9172295818885954,4.509925412895082,4.494096514510324,3.8287814903512465
4.651090645761345,3.809235572035122,4.886502931260424,3.256061793176781
4.675036892498083,4.425299068698404,4.646448715813228,4.528218094690277
4.768568390041741,4.884410584089503,4.599481378292996,4.851013267537398
4.192736762374159,3.9060642256899123,5.086758185433491,3.398350325957234
4.457883223674485,5.042975394661355,4.765679981902507,4.785594628345826
4.447683512920768,4.067361459762065,4.851179848289626,3.6931228984635753
4.59913804989069,5.243270841811308,4.480252885190211,4.907535335276598
5.049897799556785,3.905933749890688,4.292535094726908,4.0510749031858495
4.013168115718876,4.1195472536714695,4.683644144087553,3.4854398499912875
4.752489114827906,4.585935631126561,4.386703339825332,3.921019579336578
3.8991061900987263,4.961056531434817,4.3069604246852276,5.18489324323227
4.78224099344574,4.841851896203794,5.081487430004284,4.840321362169585
4.687169574511265,5.190819481566678,4.928214263779501,5.40154126889232
4.634007155895954,4.944268564309769,4.015163940757165,4.482000162303556
4.800896095557133,5.00348350094154,4.449910305438283,4.377365357359509
4.866599407591361,4.2367678544312914,4.719329723255535,4.006773401590078
5.080310533214447,4.724162019213809,4.948599159740307,4.748167885101135
5.467722952849059,4.745751340231845,4.104546363332274,4.316822107426553
4.8864312477092975,4.623190224260201,4.787757727611351,4.738290107594717
5.168333335459633,4.843235452276273,5.1661537352379545,4.959852671466782
5.51119420724535,5.01057940830811,5.030164896113108,4.51587967043623
4.555556817753531,4.0572920627166935,5.2734611261893205,3.5500973032418655
4.155024325610966,4.75542271623381,4.750384069170282,3.755438940714462
5.252208869148149,4.054909945129025,4.7725456369247325,3.1261361318556147
4.936281083431251,5.665578738203777,4.899300568869111,5.3618759450116205
4.875911523021771,4.453615041006163,5.503305567430525,4.831380661164801
4.6338084108369495,4.485550910219759,4.506754258596674,3.814842408782562
5.685870611206822,4.696187841287583,5.469374242308265,4.672931460659737
4.91939610672663,4.765513503278884,4.0796306506232805,3.873151213083239
5.289041094996897,4.679393421048962,4.437152443696328,3.8839417420437488
4.804384659506419,5.386273111211644,4.802097377554017,4.845426800204152
4.835135203026729,4.108279923763345,4.3653522482546,3.785812490290306
5.2175650175157315,5.152124026060351,4.461469238650375,4.395572113721291
4.91583036166448,4.392003407646678,5.288875648869732,4.25611045764231
4.307867781991948,4.606514423965747,4.34042255038604,4.208647203076132
5.5736816906606625,5.387741921469775,4.570128130610212,5.255487344546284
4.836151824297654,4.437729607167653,4.743756544125517,4.246976198023567
5.6281061459069965,4.741094732983739,4.363912828416763,4.406324462875949
5.5346730340914645,4.897987468940477,4.470875410444558,4.4631045108169936
3.984574023581204,4.823981290604823,3.746490714731282,4.040338614973854
4.650621434163003,5.0356687238391515,4.966546749546618,5.261936803217629
4.726290584388861,4.2025247778186285,4.7501327490410254,3.830740998583949
4.8806828129263415,4.5976057545668425,5.231860288169691,4.200808852839625
4.526432632605111,4.295270908695812,5.4990697941837405,4.683443134035356
4.586614651146273,3.8345084692714577,4.669234688427904,3.273020279887319
5.226008842916173,4.7549743289802695,5.166712611817021,4.4915111376952295
5.5335615430156935,4.708468030704032,4.684371426459105,4.532608734560677
4.869920034386651,4.892874945523144,4.568904043260262,4.456657989842176
4.5167224337702825,4.474741720150906,4.722586440418954,4.633346647055254
5.006281949727917,5.185301683608087,4.469058868117186,5.275767078776477
3.486615384507841,4.489794029210452,3.8309153606757858,4.004629398733516
5.597911926054413,5.256834944949352,4.046836351826526,5.454972838791655
4.803251456563098,5.051128628256477,5.268241777446039,5.202753981483964
5.033752143497542,4.894152167214403,4.931449827308826,4.397665461607457
4.8869029103160235,4.578323719710239,4.335886823807675,4.429430993552168
4.627183961197721,4.369559823412719,5.189696446811673,4.145189911648861
4.091102072533779,4.743833533654551,5.016872202502788,4.399052833133176
5.134282858057567,4.113568270186379,5.422658044782905,3.990608820651393
4.4138438086751295,4.826116402803065,4.0101450831398235,4.3805729710308965
4.53732989437356,3.540490130214219,4.639144901788816,3.0029716040933176
4.715416193923441,4.317292903218566,4.714957548239549,4.160149568396555
5.009554615484448,4.392476513974445,4.641326252289844,4.049095874168405
4.8629694089305655,4.718671762672658,5.232865991276909,4.792764698488427
5.212477056016821,5.054212718612392,5.050350296862764,5.466244054930972
4.447539277962001,4.3513334534981,4.5032841977472025,4.541838283903637
4.304027852124067,4.490879414447228,4.590595208407732,3.699788445211337
4.701906360379404,5.647296810684772,4.181020353958848,5.184325247032431
3.105559295663312,3.9579757227199193,4.589755337244159,3.878173578087802
3.923829518203474,4.024261949351476,4.559953863344998,3.076057827932839
4.630443091090244,4.458574453146526,4.472470844257537,4.207625191746523
3.72976950258565,3.7701324400610408,4.474330731118674,3.1847193963714253
4.6959641367687714,4.004614959050559,3.735903538016053,3.3464752596017098
4.7761991989450205,5.604438585403788,4.213099643507454,5.397610604805612
5.102326939191305,4.80941671610661,4.551100744222141,3.841421894622563
5.665388007623139,5.423389525455761,4.278439247417959,4.752458776395603
4.597807056787338,4.142305721462074,4.598359431196543,4.078029878319405
5.0555446843078755,4.693818275393184,4.608726629492913,4.345612255518809
4.556203554682181,4.877765332986349,4.874238895143248,4.457377702679104
4.337923522855625,4.585206046777648,4.643631761975871,4.003313220929994
4.710065999394264,4.533704637579972,5.609603694955875,4.238914922501172
4.774026604504303,4.516058481400957,4.909325798651182,3.902634915408567
4.188438170842075,5.263314275433549,4.7685515032958055,4.85847519240243
4.690803119569466,4.810674496311259,4.824082413241624,4.91130747182746
5.183098634216609,4.507488555126074,4.232600701568061,4.458988764350535
4.751096834975026,4.395109732718598,4.431592955020117,4.513599694084975
5.334710336582575,4.936006931925287,4.5310852577161045,4.361224572196605
3.698044296380146,4.165111736917941,4.849825064334499,3.91846674696323
5.269875397757493,4.82022424548815,5.129390466528064,4.778760953893259
5.3195405417299675,4.9335897262650965,5.1727696883705585,5.659002311353526
3.8775548306098626,3.7015537228304685,4.102970123638799,3.235261432364606
4.849366329691215,4.933487441469933,4.477731808439808,4.938482587652874
4.928915122716304,4.308333867577198,4.4160001222124645,4.226093490758794
4.792003977498749,4.463214879965298,5.336634251584183,4.95649063091478
4.68394156084522,4.959750985567151,4.682753311362296,4.4364502935642
4.674949619335396,4.429180816751373,4.811464981633605,4.3346964481516865
4.825562838484314,4.22020646484438,4.864290168441963,3.548124192489967
5.868846803748831,5.085208783405084,5.615955755262918,5.229481786474729
5.595252742248719,5.29145569993619,4.4292650632284865,4.928105350696598
4.980498406567359,4.617408411689003,4.223139169836768,4.068256754010618
4.241147949436004,4.793573880355689,4.754973514053624,4.5408095058448215
4.939082580610053,4.665716194601343,4.624894112848269,4.190906520262414
4.410311167226303,4.086544814031537,5.281213221538312,3.65170788596245
4.363279851435229,4.66499491384314,4.864946040240939,4.091438402619783
4.119171526001489,3.9283996175214275,4.727063020598362,2.9844212066037996
3.766783743921502,3.9092355840687065,4.583286627505491,3.3381738494132835
5.313379420270033,5.221730515932709,5.095793874592159,5.088935803625053
4.624466973214266,4.59814525212558,4.726633717945269,4.3194493230197
3.785690171827613,4.310823902399417,5.154025184134781,3.875403616690666
4.928237491344538,4.7994540535259285,4.788062862978946,4.743121765183162
5.189697802135246,4.372339314296432,4.430546110635363,3.9533648106829418
5.452842051222027,4.678190333316773,4.971203454871887,4.252781886195527
4.228189746358315,4.912351639988341,4.790158429041032,4.743514036586431
4.883980832380955,4.5738581580862325,4.842493449699012,4.7206042303730085
4.606850709860904,4.458707290145813,4.217000360852966,4.148924831080946
4.842178426109526,4.669886338783619,4.131923452970187,4.278235771280515
4.99735033314161,4.406272199668764,4.994973335903698,3.825193201462365
4.693018214333599,4.364229495033675,4.89781862972486,3.1322667338778123
4.761423297283806,3.8020867096234907,4.604029613497816,3.431268456983955
4.824712533819914,4.648014490946893,4.868225383921122,4.4281210806138604
4.840062879739465,5.081184230443721,4.798824996437101,4.501240574466876
3.1483429600895176,3.814453126774117,4.853247326605586,2.7830067336056517
4.552660274023513,4.195327703143193,4.934514159232473,4.175836946316903
3.8845242680892538,4.212804331305291,4.7688793617719165,3.698363114326136
4.489961324121332,4.23379771132191,4.143787062052841,4.123838388793973
4.38201221070162,4.212824993411244,4.304977037457998,3.56553658719074
5.117116873055267,4.6759112546212425,4.436345458619309,4.263764617645915
3.7040416812681465,4.210839120138921,4.747019817344449,3.8543408181693146
4.354242079035789,4.779990382547733,4.711487876555485,4.483954909466053
5.495477907469091,4.937538882004632,4.265265145470046,4.523978828303639
4.6843502501598415,4.586208168029054,3.805033716644613,4.505338082373804
5.156524243765477,4.431196239596578,4.542040580136147,4.148297589117392
4.781797243049684,4.311115416941258,4.12813971653411,4.308574401879685
4.769098994127015,4.678582712748301,4.9687347006451725,4.5608994516524985
5.093013142716958,4.643618843063041,4.514880242245822,4.398736141062915
4.628122153838169,4.772839789074817,4.207034847721416,4.6077052665051506
4.28537029435293,4.218439119176158,4.52731879633874,3.8579799475139636
4.384346768264042,4.652056544396537,4.76694078428114,4.54798419110159
4.91719404582172,4.519835176791275,4.387549419880555,4.287917291237319
3.823309682565188,4.507592190673681,4.473240322214413,4.424681759856631
4.811358408616205,4.417646893902363,4.77386638995587,4.102129204791213
4.589535098451482,4.1351169211577306,4.783875350999407,3.348436469391808
4.81921785609452,4.477227697201485,4.464867043486636,4.446605664284134
4.606005677021063,3.551900924749814,4.160378622457774,3.1021969119141017
4.512946618599955,4.195733698115051,4.909084318027271,3.4672616513354297
5.370937419603576,4.803888287772308,4.890326734493593,5.056674329052122
4.88141212826288,4.474586098708183,4.861221096904701,4.503525888162602
3.3640639248092943,3.5719387177618134,4.883542111500878,3.1969042227817837
4.875163334216578,4.131970570922889,4.508928047067282,3.513234571419186
4.688194377475388,4.785736200472135,3.592880893158767,4.403528997022495
4.397752588106962,4.496346203168134,4.055688558042473,4.28471512423616
4.385322884461536,3.9935340537698933,3.981817485157706,3.1620244232074106
4.210334697407296,3.853264316017513,4.1935964027767705,3.0864859241326483
4.800117798831399,4.75006370952731,4.672309324090024,4.821424025644966
5.418816716776219,4.9233957729351765,4.565585749071408,4.88742698304161
4.10777205842247,3.7061810628042844,4.6597766120689625,2.7563538995485564
3.5000533453323888,4.486184124302601,4.6769421124081285,4.043479911708509
3.548809991391315,4.015652247619545,4.641770762119337,3.6359583477020365
4.09286995148389,4.365868310305316,4.483776805161757,3.4367253906600874
5.072675826136859,5.313218539752639,5.199086719740667,4.883990417491731
3.822820291662122,3.9167435934448678,4.548960416713182,3.1166817794939505
3.9575027138309156,4.8789925651858,3.98831897319426,4.551544743219045
4.056573436150318,4.138395205407339,4.741218208569105,4.181687007814212
5.318368394413191,4.9617258493599214,4.238545897257286,4.704390723090359
4.202767724574075,4.307418544950152,4.620843826242614,3.7516879837860535
4.389985204344471,4.402286210572326,4.083882534988696,4.190105454959181
4.5080271156212275,4.855866994740428,4.210798718921871,4.4216908174451595
4.950150848622666,4.729320221191986,4.805489829829894,3.9354376823281454
4.590750188653547,4.7520572780976,4.908225350956686,4.617736374863507
4.645328052822329,4.6047603881481205,4.353835828397347,4.257270814918341
3.9616636572156083,3.34499357787045,4.347916737277752,3.016478200985274
3.4336946458499695,4.860634592825512,4.7922939580207125,4.570057407298798
3.9012954474586987,4.464423318903639,4.5732299124964335,3.4709473940524047
4.237782353194114,4.71333952454252,4.484491626063966,4.267614414627716
3.8549545447934315,3.59646695067641,4.633324355975038,3.065496948223977
3.8325221225442783,4.578020448383168,4.546412574562436,4.3318254774108516
5.6322930966294695,4.935308962686293,4.32397063539975,4.702240712342302
4.537659832173615,4.604080838581438,5.103510122271712,4.227531880194172
5.93941516920714,5.256001416406722,4.268256293961979,4.954421601782237
4.929969845513458,4.204787428795405,4.9177502410160105,3.9855836978046644
5.061628451208088,4.352477459845525,4.166935136834001,3.704385266549
5.2729593013766864,4.6138959861190125,4.929507520476682,4.277802289906067
4.569326688109564,4.508703846274093,4.288390692167139,3.870191069205397
3.9067905330934485,4.666604343523666,4.738727353138946,4.880723492998008
4.375816123837029,4.484034460540261,4.722267272412504,4.182130920305234
4.536574528880087,4.500949036462851,4.796053526051355,4.163679341685511
4.793006916878571,4.864454286623881,5.120162337068524,4.732976567331019
4.535863941269359,4.804837067551857,4.511757455626369,4.492081212073655
4.553084994309701,4.718737480305666,4.02814757317505,4.597222845543112
4.3101821921773995,4.237654797842285,4.566211218240839,3.554268621063004
4.6471111028148115,4.516615392279588,4.316696203350106,3.7525741352592896
4.617009322525227,3.9577158219741695,4.524972210360019,4.384598618421249
4.9375882212527715,4.961778851837972,5.809281784220008,5.106485908345386
4.3632578113930744,4.599676269104678,4.416557116638125,4.170386397194395
4.457906121037935,3.994398936832768,4.286105117131765,3.1951482450741633
4.384069353611687,4.0668499865141365,5.271491579998307,4.192216096898613
5.276923930292177,4.52777477515806,5.024610607197471,4.3051637979029795
4.4122494444197295,3.8844830790588736,5.189405659921063,3.4898438497211766
4.4781440028394774,4.596209559652416,4.702100386606029,4.130422769707256
5.265682691370962,5.032682244912949,4.129925970758017,4.384001223904303
4.753357996430277,4.45078996309146,5.021371804699662,3.814481625187322
4.555041262591372,4.371150508757062,4.842095230507913,4.218646312614872
3.8309869411968815,4.459483834409275,4.424086127785469,4.163413495126957
4.6889529114991255,4.922737074046929,4.932810565593731,4.683382005427169
3.69556424759609,4.0178409728062485,5.085785715545631,3.3966358382367
5.715193731841844,4.755520725666896,4.023390421766991,4.096928842222668
5.196944828886849,4.874570811166624,4.769221231534435,4.522108769450062
4.855763600098218,4.737037495606221,4.653963646633171,4.711491645154281
5.0947293258234,4.5502100303795645,4.790527292634987,4.25914992422234
3.9247706730946557,4.397059844167351,4.516776546486224,4.467913067913214
4.0597492015999155,5.04362164262266,4.566515402554972,4.953155401010653
4.151847557945559,3.662756649830397,4.465907820069981,3.1686399315879403
4.055423372695608,4.87102863442102,4.486870017951459,4.665553033400761
4.3675033996626835,4.2519826297202545,4.6846096959501144,4.205582314827199
4.582148279492153,4.112961372873008,4.746338265987208,4.169126247429329
3.700234363572062,4.5534609657812,4.598452287498026,4.195932188924277
4.6225475065759,4.013640821052678,4.603983231488848,3.3837470888900762
5.089368993656895,4.229336598201729,4.548597618264078,4.319238154550721
4.722578438206409,4.699515628728649,4.658077547849693,4.622455696582618
4.04743372387431,4.515454558103248,4.580979296376505,4.304535113976233
4.511263706532052,4.18212555476559,5.218381765941932,3.7107953232772872
4.2936307930454305,4.26902488726177,4.154347279421941,3.69893486494094
4.672397183150305,4.493491821080319,4.479397184245253,3.968805072750151
4.257971005821413,4.43315506909479,4.904174846889965,3.900847139769243
4.422954250000758,5.105210869470372,4.351919149599074,4.694452925556194
4.734929183857987,4.702695329475758,5.29338700587852,4.541808581360453
4.934349550611134,4.442423971182059,4.805251535293693,3.9956896308832945
4.481810869223568,4.844423111125496,4.471181480862341,4.733890984006799
4.876527822374426,4.8551153430207465,4.185294507749973,4.202425881009539
3.8597098531599885,3.8785701026498214,5.095888641774882,3.8035525111958193
4.603321481265855,3.5621388421963642,4.927550157253409,3.312794147299786
5.235585174801816,4.728119687872676,4.291815191129161,4.25325107733812
5.721787941781756,5.0762931370089595,5.308102630849197,5.452819772064847
3.429061127686734,3.784442578301659,4.563909619459346,3.0659636395907865
4.248298511559916,4.335752687935431,4.636180735303535,3.928658407354833
4.562576599311023,4.608738177335814,4.680934791102156,4.067395117630517
5.794915256055125,4.994899086383597,4.496087698053386,4.985639047113123
3.7818263584390426,4.01785622909269,4.676862180460607,3.6070729755224673
4.734604280204022,4.829451770327367,4.548752806716233,4.414883705074663
4.317154537361173,4.671424074684339,4.472089145159799,4.510460710802301
4.928701518048195,4.14490638270998,4.774423876790355,3.486290920334422
3.0294772898886864,4.311179178066668,4.522960329151451,3.539348132445327
4.041526253428178,4.044506018803233,4.7017809311563985,3.3670879093379424
5.139013636239872,4.946571988928253,5.102356185555053,4.795902020722827
4.813511808847127,4.738127463075754,5.420619064098961,4.5836259186253425
4.9242267837062474,4.924724959263235,4.490295355513891,4.554254281029621
5.692816143472211,4.950305086212058,4.151495106044327,4.9661513475284655
4.672624160396593,4.610470243511908,4.589564934411358,4.658290304625615
5.0298566780060145,4.736563769521494,4.654921028879175,3.999859733322709
5.255391404136962,4.570153581062457,4.111831334794931,4.380805184021546
4.025651963879275,4.134519123382452,5.018610952928844,4.216782430440836
4.5657284193412595,4.729077054142629,4.681648285855574,4.463563932456174
5.578152866739388,4.823031177158562,4.565783467882689,4.60926943693785
4.572949774771103,4.401478082260763,3.9739801755207615,3.547572237256253
4.834531915410852,4.793443605641507,4.738808224727187,4.698992445806036
5.60008223529933,5.044313920914604,3.8716441916469484,4.930141051212284
4.847862849035271,4.785780373059569,4.66541033960579,4.367270705049537
3.6496504021587977,4.264996091355179,4.573334345234744,4.066661016368513
4.856695985803577,4.726669632088823,5.1240271318317845,4.454192307907286
4.660089378107346,4.598432547415428,4.741633931497834,4.266708906820199
4.568915074847221,4.528256602510702,5.205388025195271,4.569026027410705
3.7210138477527943,3.8713026909823585,4.353915236549922,3.522532995744157
4.491033559306764,3.9815650545112486,4.411176313351563,2.8586227906248634
5.005582583698722,4.094535944536207,4.509555884987209,4.123911762882634
3.640206352123646,4.067768411546985,4.379494800473075,3.813295068149947
4.762661241720802,4.87639625740906,4.3599584709302155,5.159358624534879
4.154077186000929,4.515953117134954,4.817513798228909,4.422253759600029
4.420142436963306,4.351764966838656,4.623677542915277,4.208625572542956
4.146626549452827,4.000426565825357,4.657820918333412,3.410279347347674
5.212238248178571,4.946036123750833,4.228486210877468,4.089788141363627
4.056898087441262,4.4259448659434595,4.470396646971663,4.189033037958992
4.986348253717805,4.489477370550897,4.516234719306395,4.1534199033939245
4.619069686793183,4.370463231113094,4.901584173159974,4.210840924133689
5.781183747411255,4.473689044752022,4.863327251686014,4.111531417660172
3.6472722881417177,3.9225659039813623,4.5679741803491565,2.793206910171193
4.777515947030318,4.354673894308448,4.366410386040535,3.723069947284274
4.322214474446572,4.81199495090639,3.725453397305488,3.936091157874531
3.7372124490099865,4.2234410002708405,4.476356325527751,3.888101843148838
4.935323403454154,4.245701083032782,4.400107673599122,4.249360177448981
5.133258566680931,5.013303568106458,4.850924328431569,5.270642564764974
4.258091710716365,5.126180381117196,4.798129099554896,4.720213134711215
4.834447281089721,4.673899596130737,4.657363081506039,4.289999263352424
4.007607420583576,4.243852293898276,4.199719109036599,3.338275706558646
4.940107864373787,4.6908621101773464,4.255271407384806,3.9241073234458788
4.548102019871187,4.389121238870782,4.488209196150283,4.620014082890911
5.468651128214692,5.574414859368769,5.383293917661097,5.620746229863724
4.661570029870708,4.0511434564193145,4.338579297314281,4.634935711249145
4.8932678942405445,4.433254145943969,4.8423924713166535,4.462086828326983
5.2690243875336495,4.838689020406452,4.505597434769027,4.236364106343309
4.451357043185296,4.472729384558111,4.612223605237972,4.276450193033444
5.363765223997933,4.7303041564114325,4.736843276866411,3.890468056262653
4.569009377392809,4.112582189374653,4.762842514811241,4.017945749271264
4.6893113961134185,4.526792967917719,4.509759353376505,4.075862242311611
4.02256286883786,4.215271388838578,5.140848647628429,4.451526512052285
4.782165871313909,4.7754915977704755,4.604907181398246,4.4346659373779955
4.191436993830169,4.62602067452124,4.571730066961632,4.868896300586656
4.661299348020125,4.11464117110174,4.151800333411994,3.434060020445628
4.776897398362248,4.041960145193375,4.429093312421363,3.2425655854587356
3.877210197416896,4.389654943237231,4.47983116944388,4.03341800495746
4.972518515245978,4.697228353713832,4.6144437200613035,4.7030940040239475
4.096955729701646,4.20716394605671,4.456734691724419,3.7432604123233
3.666729723689411,4.162907441988287,4.5887617723843945,3.810282983413506
3.9490110129122495,4.70703475386772,4.250169089716553,3.8206015734627865
4.683192843531649,4.268224363107319,4.079615260256549,3.3005836402908506
4.459480047601355,4.791118397643815,5.18067895732798,4.803528790856371
4.737817951156406,4.213923816950588,4.312225822046658,3.977184160967086
4.327104107096288,4.572671185436851,4.535681201846991,4.431971679757784
4.134682744420914,4.49137643569565,4.055022677424887,3.947896514436128
4.3660484173305445,4.037792203552846,4.946341844558618,4.084320854635
5.057704915460068,4.500409302797865,4.553526178683109,3.8760949393574893
3.7012677733640085,4.496184197962848,4.530873313374926,3.415646733635177
5.290364596377961,4.315570447514165,4.595449729117371,3.685671885024497
4.498089965661613,4.823825592894182,4.289732558216394,4.901173145658245
4.735856028391026,4.303881074889888,4.683607497128944,4.286292506392932
5.5654730263261705,5.061350877026014,4.777491012534059,4.586850208540873
5.243208784851849,4.743310138402231,5.035193304664139,4.836835256465971
5.139516585545469,4.501024273563596,4.254690674097072,4.5501306028607305
3.5266595306676574,4.825465289993136,4.460666264126097,4.501411701188193
4.813478732289186,4.409773753247899,5.27647749332579,4.1463246118259915
4.896478481781981,4.499478062189278,4.776828345122263,4.307304173103013
3.5723929004829875,3.942944087064589,4.621057037942974,3.232759713659256
4.235879847327227,4.711284314192191,4.503426481073575,4.639118485993443
4.42059332398668,4.501016154435825,4.2870379939353604,4.044135729488169
4.786782821139896,4.251111771305941,4.945090170718248,3.976482702603971
4.029701605490353,4.176681902992533,4.5509604558756935,3.4497402404578232
5.239846663495473,4.862590402607574,4.639073987138983,4.448464614014971
4.861506173221091,4.674108398287775,5.416180888417826,4.747320726631373
5.74493058628196,5.255999689406163,4.1237567644162905,4.9350502582616045
5.7437268616297255,4.910243390962609,4.226424053062809,4.653276589412551
5.333903710370539,4.52435472910441,4.553823976686354,4.649681766642947
5.107686835451647,5.457243163356094,3.6250094787432907,4.682126888008243
4.611842350880302,4.7406617750880775,4.502775430388443,4.320927503949482
5.141442484770267,4.623698593420081,4.635599463467996,4.730688294876303
4.927461032900418,4.73729001173189,4.127746143606814,4.524343838237237
4.858356273565357,4.298150234887689,4.5110635302966475,3.4189396154704736
5.7935685341564005,5.120750621116008,4.371749124566809,5.131504420143294
4.7930306628979285,4.443799184147863,4.737113470502565,4.100511743434592
5.072475115623156,4.7492100885093995,4.537634124158186,4.282460330271645
5.371089437609584,4.996563850563841,4.480687246122764,4.77631265425827
4.876148734512284,4.430278218719542,4.811977597745111,4.023943391953743
3.2469546066195543,4.048187383680323,4.4581664317857275,4.204828932870673
5.554504570812642,5.032822396417535,5.047130518724394,4.8057613622048825
5.457627097723197,5.294125754252505,4.428064479640797,4.811686829552913
3.872856933999781,4.567724343892198,4.764467071814238,3.568045162694268
4.365704514197954,4.44285845383637,4.610815139694594,4.071632212116151
5.190408695393775,4.525512889224332,4.7754276509545095,4.333801228516948
4.867005685177306,4.946058347044345,4.557800837814294,4.873692992851115
5.308507572610035,4.668419764643837,4.271218655442523,3.8765764024770286
5.302428060723806,5.0003631705541185,4.26525611407211,4.8665737042877995
5.220984611126293,4.5502274797833016,5.005702800656155,4.452545753490917
5.050726921312483,5.4817146481652435,3.7889372204440166,4.390757594968742
5.39193312417777,5.295713349178007,3.9208197396407756,4.267212488242095
4.7872265779404755,4.515925408425539,5.370692382774875,4.418684007338072
3.936653139828857,4.615778098807151,4.35268646154904,3.982923810865945
4.355473098678435,4.018208345107542,4.548113406399393,3.883838664344462
4.584677221849379,5.263428721852901,4.711025217144529,5.31872171250647
4.46193055118065,4.91772633528542,4.844505261555907,4.562755221692072
4.4646426453421855,4.618601482746715,4.467597118708329,4.12533302906441
5.172158955019265,4.797037610644201,5.061450958190785,4.883373114733953
4.363574071030261,4.758408994863662,4.39159860238708,4.241329928234722
4.660880431366542,4.00090566886085,4.150004508785012,3.643022041389172
5.470316204916731,4.255028473056691,4.756886071129122,3.741769554225904
4.08157891531993,4.177720399166144,4.47576018653026,3.724177770129648
4.5052918253650684,4.792028765601497,4.332596333949092,4.291429150787164
5.671392483008522,4.808119262922717,4.590858720439148,4.455554560735593
4.48464194747159,4.714463186302916,4.252142515846387,3.745245538438357
4.681211599306715,4.357119053919368,4.5673495649808205,3.715770817443219
4.807411087152506,4.936409476191186,3.6117618275667676,3.9936476378412493
5.053301448896452,5.240860821882485,5.2514087673849685,5.2713683465454935
4.830823543012113,3.950425326932678,4.316646789734445,2.9443714447639397
4.537506177527829,4.2641488901029785,4.916664680573213,3.5669257708056077
4.562606207324121,4.093902294450553,4.52368624503191,2.8373161648938026
3.3429601822742154,4.770803248535893,4.598855517846708,4.340857270402892
3.8773270205790356,4.206907403197184,4.428912631540666,4.015940126392564
4.405081000873298,4.893598327685804,4.289917922616068,4.170450139086032
4.480702532234627,4.697416159215792,4.555410433463106,4.03693461805959
4.665504419628462,4.701989442126525,4.7394176546091,4.42049227841776
5.217837125329624,4.668359063053852,4.553904294284881,4.308853549882373
4.531187926907651,4.562863241779011,5.320774909178742,4.471593386323104
4.7181651389416635,4.474577674533946,4.3997690317139675,3.823988400520043
3.9696565481011223,4.393541717907243,4.635562392987568,4.080061603170113
4.318715887285744,5.138856129523515,4.407993549757293,4.92806160851741
5.534273451734455,4.4867243667400745,4.908708969107829,4.4821615343470596
4.906437716724477,4.48381792599147,4.748561666028588,4.424134836521243
5.487509641742856,4.585741916848757,4.803083933855786,4.276287389951182
4.534197582544312,4.691969284934595,4.68234449170702,4.636014231092202
4.573014199245604,4.8298075721363185,4.881128350116451,4.475539194295927
4.078737285627659,4.3429455629260785,4.79206192062196,4.37626433222076
5.026337437451992,4.633554812253568,4.638965638953972,4.402023948153801
4.84511819578054,4.923946907542548,4.595576102611763,4.353421917763276
4.815914305985258,4.5270870654888435,4.906516108562969,4.04730534401407
4.353766614473331,4.476540502040992,4.590007342055311,3.596358627145466
5.023150300610516,4.363454702419187,4.675985493997642,3.1536614043672664
5.094286028245178,4.489572956374257,4.996610003824757,4.114073847120719
4.605853726013172,4.698728928765115,4.206842907017737,4.53494875161699
4.922291232387933,4.3192640986438935,4.850267851963981,3.7167942186751537
5.353781392036096,5.097290087069976,4.724962517374194,5.0655874472694595
4.751324730969046,4.622628189073538,5.033422999143593,4.419827817055281
5.279937070132023,5.181559845289692,5.188921436430967,4.986480249317836
5.360644107105461,4.729393145220283,4.456106775523422,4.340979414927621
4.825133205854487,4.754167055333628,5.314800535153355,4.614820526037981
3.501417431630148,3.8944029587249847,4.413298047692593,3.407516557465549
4.853937081410199,5.0238676285908666,5.334264639578132,5.100990185312945
3.693965272720506,3.8955167651948446,4.352670982563363,2.9763432972448154
4.8407321409148985,5.217331589139243,4.497447327246111,4.732121976494848
4.861268497562347,4.96684128879773,3.9979330905316,4.82737306227481
4.5961581198187185,3.8200533590290973,4.487269151578749,3.0635427732990546
5.543185194670743,4.831648568275202,4.190598062543254,4.532750661278961
5.150776944807387,4.8611975755841605,4.526265185214932,4.751168486915814
4.746939791908655,4.631885826253107,4.8555612023580075,4.652655145924216
4.81137806218721,4.284552471388746,5.048029697225024,4.0265277936835595
4.9166706671188996,4.447311496476261,4.260358715575865,4.398390592885242
3.6590126949510826,4.180422184217779,4.627752128738423,3.1417375284711677
3.8999218703348477,4.4958372129540285,4.542084853030274,4.5541222798433925
4.500336183742841,4.068271340977574,4.387858646146672,3.6891071652348444
2.7856758750958335,3.4280255858061177,4.230071942259927,2.545381485651424
4.119470023462091,3.752380167752392,4.634512255393229,3.097930916761606
4.519701452042571,4.622621504803981,5.349590417152485,4.836006494782249
4.5192780266475685,4.24666814531228,4.663941954627966,3.609212038952839
4.475037127404865,4.4238501519534426,4.5917009839341,4.018938136436273
3.830475681332393,4.647292066800838,4.127686639565946,3.5000640540767702
4.593457406665949,3.661636333488504,4.550138919095564,3.3107547410582936
4.872312927304503,4.472663400069666,4.752300287984488,4.076371367220934
4.762531539298884,4.921168406297897,4.730939522630992,5.163393661338266
4.642868529357361,4.582503488523427,4.662053318678563,4.397264156703042
4.669087569459166,4.535503185604137,4.726484351744111,4.555913999126593
5.218545368987582,4.767888469573825,4.210390925122384,4.222959397800443
4.957400254827327,4.51377483420435,4.691071919113516,4.306119500282686
4.1165799191789665,4.046593032973471,4.632864258706979,3.3655459941993566
5.1920377334851775,5.025900347183636,4.289124139434526,4.474874493841749
5.009990441225423,4.202760750700547,4.826206105626686,3.6383356871529755
4.5506919181989485,4.1942160177720575,4.353526598160151,3.719346511386463
5.176423645282601,4.568379920349545,5.281565960562907,4.847710066081406
3.7090008539818338,3.3439829162135504,4.708608247257173,2.5428479489156244
4.9613424168960645,4.426376997545162,4.548148050535145,4.114913441543999
3.8943268899881325,4.609467088274531,4.862226784392041,4.436660636654766
4.900484331448685,4.783346698868265,4.688148109099501,4.938685488183539
4.680524407675119,4.190998834666127,4.906760009118238,3.9345151300693
4.443688123644232,4.102589839858799,5.108875117455788,3.7604569226848152
5.382576018431844,5.208185711683992,3.9271064437772685,4.810079787002653
4.232036562265564,4.693579320720969,4.686999673462772,4.158890520270723
4.2981138145069,4.510764191350131,5.122364154831675,3.8294769240670625
4.846608810196636,4.6690475408426195,4.84521075070001,4.070303784150188
3.4018794379216066,3.5009376326160013,4.607540308836659,2.572532658124973
4.779155397212708,4.631086037090609,4.899267411126236,4.009739749902804
3.47067448169222,3.7947442965792124,4.5467614053716625,3.228477806903033
4.235961558188485,4.744840679263366,4.4154654546847185,4.323878520486582
5.183061545459474,4.71159715314426,4.660946562710133,4.812442913561635
4.625943514470578,4.740744205646027,4.558513739883114,4.597642862266744
5.17117762342463,3.9624669637253405,4.582055193542075,3.663490518581831
4.678928728866198,3.902053558518536,4.44622358922905,4.491323970561431
4.675518923062919,5.059098537226258,3.844484181258128,4.838135533303462
5.393166074870414,5.106514977157562,4.192286579773427,4.895534676646666
3.892784704322298,3.7827812106623027,4.15752196281879,3.2564462716216784
4.93584038923942,4.875299156553594,4.7496659032529065,4.564938940294403
3.5960051570446727,4.0563918219271375,5.0731592831346894,3.8356412016299712
4.676512548815854,4.450761897755965,4.617911994670851,3.661470669601748
4.397060706017305,4.398964721734728,4.630810878656406,4.1280112356995815
4.946444875032512,5.087899831354703,3.660174137555215,5.115186352935971
5.151915360168207,4.461581077653462,4.88305738917557,3.7257686219014285
4.958320611283678,4.7013591471888985,4.733029631402074,4.430598223924948
4.22641173248125,3.871378083231,4.3093924995798005,3.6119255834256414
4.435610196991829,5.450168649273971,4.314076448989764,4.741038902274986
4.871681059969526,4.153443724638682,5.130893356828764,4.058897721160368
4.518736619300249,4.848100780617469,4.484772777541885,4.430342740808166
4.6877087654500444,4.488264082798547,4.638179329060594,3.91879987262483
4.131377479680385,4.061625459782736,4.90613792588633,3.9468709356482425
5.481885198110992,4.874687194747713,4.654659952892189,4.98622816558973
4.256830917720139,4.841096543261773,4.615614367770873,4.331288557119792
5.350952488826124,4.3565251291679745,4.479863401438481,4.101143744002184
4.950937265054114,4.559566213184039,4.359434306084196,4.22220891505668
5.012058429787871,5.043806196592836,4.767630797816037,4.513031145172949
4.915328351669435,4.704478217506249,4.351032143045323,3.8561477884599795
4.896923866626905,4.218442231186486,4.0412238168825665,4.043595012853518
4.8307832575285,4.354849493783774,5.422195723546803,3.667979315908087
5.067516602524428,4.864285748986637,4.366274922280984,4.424408994490966
4.754724979032228,3.6371271724934555,5.294854353706735,2.6975862841764093
5.3426814380275385,4.901422187346515,4.178215658721743,3.7429448724199648
3.4554057417590083,4.388287749877268,4.2469432626729615,3.3854449761327876
3.9849210258579046,5.1149616953035215,4.890189571152395,4.700097661810278
4.305058431436019,4.483150310995574,4.591635632940621,4.610880968756536
5.231583917927267,4.995787705449536,4.1010488841783985,4.394609735542006
4.389036214362324,4.293009319497521,3.9546078906473063,3.6979849583930005
3.602784208161269,3.3834375834035972,4.517932775152272,2.6108988451265773
4.780049864061243,3.5936287696164264,4.10197403368482,2.3233887257626424
4.260169237038536,3.952408933113566,4.592878248875386,3.1522593139106876
5.2155662617047085,4.152685866372449,4.32928717719635,3.636065732519878
4.600665194803379,4.33861909053604,4.546408911383676,3.9878949212593118
4.5895028113381615,4.256662882073792,4.675583333421918,2.623768585235388
4.4478141995432345,4.656501537356963,4.658130505551507,4.1940068767504055
4.890224999211689,4.823065932784549,4.5898510249771185,4.677760838115698
4.4704246609133,4.028803854163768,4.937502332779251,3.9101484031768226
6.209778305089731,5.117057199671063,5.405231802060727,5.537019082534151
3.3631734292870648,3.6999858105043613,4.572741941232977,3.507905025065381
5.326648123162578,4.935719497019634,4.943332191390914,4.78035162118464
3.7307283481188525,4.198756987794301,4.5436573859752105,3.417421234153055
4.3628228088549195,4.307499123308629,4.561652837923752,4.241347269836559
3.476587854362964,3.8016398209646898,4.72156297401262,3.440819414235606
5.489179657886939,4.830382644517103,4.684992077957593,4.613454584595625
4.688286336496245,4.596113562000953,4.406228412660463,4.035131199557316
5.103171186073197,4.803421325218721,4.451863342374192,4.746796198859311
4.169996164834154,4.121970234152347,4.809039417968502,3.6573641798777072
5.441240736452226,5.180734395318466,3.7780943581954993,5.223852566691806
4.570197418412192,4.150659847395782,4.605029102912182,3.276067235700045
4.131934075650066,4.5267759558120675,4.347270107222884,4.599411017706068
3.5698639388858147,4.252226497673606,4.466351599859802,3.380103115719126
3.851058015307297,4.318293891222214,4.524772458887869,4.077867885483227
3.9530668643654088,3.73939531319003,4.357181762719217,2.82458414881936
5.17600709454275,4.74713222204351,4.9035447580580245,4.758184209126831
4.908250955070264,4.271938000763842,4.980383303477047,4.036450600689021
4.630122843839282,4.612917334363973,4.6729427412329985,4.040629014120312
3.832065239694684,4.444698055271762,4.592261152477524,3.7393268015544483
4.500258311108187,3.8679903037048877,5.105434399117508,3.7136311995886833
5.503653432953146,4.9355332066463795,4.917886167247562,5.023953728740785
4.008620278174796,5.164001944429082,4.360486186805175,5.013776593991253
4.257678045718315,4.938185494458227,4.184411814548228,4.945511392181389
4.590693056144829,4.191473839300629,4.727541261396414,4.08226097352955
4.648800978027637,5.121232166130926,5.008009163220607,4.73331938838879
4.428130523606545,3.9005120256873136,4.678317168053277,3.70710368229542
4.480688537769036,4.415566411860372,5.362778564884336,4.035031276422386
4.544628021668318,4.6106419860307675,4.936231978884427,4.100789420418281
4.728282311032541,4.359936962467864,4.675346981179908,3.9080688721867616
3.2342656792920317,3.6143072749920333,4.054862939848677,3.02129101707583
4.862240395596262,4.4406322143134584,5.0623185083306526,3.9935698331654224
4.544202688813025,3.9079355356595094,4.798251512224067,3.1472702146307343
4.8683968659289425,3.976436373772572,4.474863094107368,3.4824566094609795
5.692887108784766,5.720737697638036,5.675663315079168,5.680601647648521
4.2182405985914455,4.7101529516202,4.282323426490472,4.703871807338131
4.4071918904971294,4.527684993223832,4.71713900648848,4.59337707787941
3.525030384558589,3.8057599916014966,4.960760616739159,3.1027526108867702
4.5624192134571615,5.478309753370423,3.9415028095073943,4.641563112441721
5.508736518532254,5.3483172641713255,4.313333806824894,4.761925475911581
4.583091620559341,3.894074698035799,4.863972556621536,3.074796163335351
3.9050210488292842,4.115678499457704,4.897596125500729,3.842467569579635
4.712443793591407,4.164756249704208,4.837038249080119,4.154154837451004
5.479589124500431,4.907074998561159,4.008853995050803,4.803034059590659
5.20278800938013,4.808849169743348,5.336815391509802,4.70415453079142
4.794473933006345,5.270851828252269,4.38186791383895,4.947602561387973
4.767629976997396,4.461201527439488,4.128393802028599,4.072714365144667
5.404038656327914,4.6662329097903825,5.028953016827031,4.816663437578751
5.424942557751757,4.426649106943877,4.521520857293474,4.300778791669969
4.4889829867016635,4.623838411629547,5.080098955461172,4.643716939347683
5.5546425989487425,5.172036554974826,4.89341533148691,4.906207688810788
5.639224278330427,5.0279366826485585,4.164779099640734,4.9126786140909084
4.6597396036827945,4.979638319182519,4.532184194247789,5.118194202538613
5.009426169074881,4.4777467248950735,5.0418326642851286,4.881119897686489
4.103971860629061,5.047500830696599,4.473811326125079,5.299781251331888
3.4140251652502043,3.1814211009812445,4.6359305930158605,2.9982247285824477
4.124970160854651,4.262123152413783,4.8661236940530435,4.311799343169078
3.6028246319235633,4.244933158283831,4.230045280746457,3.7779606630839666
5.45784247285976,4.923312615404051,5.25575601833563,4.958538853333491
4.7510287140060266,4.177314688520398,4.288789177316501,3.2743174394393404
5.99081166424726,5.350188554102305,6.030592139355034,5.436611346515418
4.489983809858034,5.5611279329767855,3.6818121458346287,5.123291936356949
5.5335240059084025,4.827779878589349,4.29481445459084,4.446648211775613
5.070631463073975,5.138838932617943,4.650813386441234,4.4568491204434455
4.990064725384084,5.329270077198249,4.089120160640788,4.826444976684582
4.535594937717707,4.4172898935394524,5.222548163001402,4.700599821543899
4.844468107230262,4.7239075681102785,5.189806105972451,4.397451133046867
4.719730304917628,4.070202818490957,5.140639287136399,3.2439572313899303
4.943278494421874,4.76921971772279,4.096096783530036,3.9524206582831627
4.771117638872003,5.401017527970268,3.322103172452426,5.350075861479373
4.859311853891979,4.95822804694881,4.72574676753946,5.293971509224802
5.073336255913916,4.508514989981928,4.505347072402873,4.1943287114683345
4.587729777357472,5.113913151829573,4.357969921233678,4.6197816337287785
5.156545531931413,5.2354905107152945,4.38116404656941,4.921087573136246
4.947225793571862,4.62295595521041,4.440436468154659,4.442271233434645
4.450027177309289,4.80832769114161,4.692166383424213,4.888663412866237
4.701303602566653,3.453003819392867,4.508972992022354,2.778976380503615
4.888787932452657,4.943893545029078,4.497256544120865,4.94158349120405
4.700316722019733,4.420724460257482,4.25236327048207,3.903797102432619
5.005230667521278,4.300289561281817,4.421687287369772,3.560646255382995
4.820731965614289,4.093334909038698,4.932292584137575,3.7452833090315827
4.9071326827385935,4.786099458903043,4.798390870574217,5.347273984284903
4.460594430533851,4.249832244346413,4.360302662235418,3.733245642579554
5.103777431777031,4.306604124549053,4.353195710928318,2.92437186450635
4.3843561886439915,4.556139727526775,3.948362810095569,4.509796742628702
4.771632053126045,4.8056607850840125,4.926483362395617,4.52091935574354
5.296862676587962,4.6714323189452704,4.498822362695093,4.604661531631153
4.144160953185002,4.467401658754177,4.548497594936214,3.758985519361433
4.50735296231849,4.503559990919072,4.8804589446858335,4.469587583580901
5.13567530435373,5.0508297145653955,4.792557782328563,4.9622787819699195
5.239433745363341,4.636891702299962,4.954858176277786,4.690998996096384
5.045675406151934,5.069741043528809,4.610145767289735,4.540178379233025
5.1625119679889435,4.561561843766974,5.480170324658139,4.7359585530542185
4.741476956460062,4.97441575778666,4.221874997590317,4.313763465401345
4.254885494652745,4.328749854432438,4.532598826568113,3.774076220836131
4.7832171573039215,4.8192177825472,5.374977429888087,5.152619005509073
4.887586512673611,4.400475825669678,4.530300215355067,4.581138135432281
4.6506920527578375,3.8414506836557094,4.942628695435497,3.725932907511144
5.292922843349028,4.595469186837844,5.4981861288789995,4.773143112350839
5.088174787719996,4.682940672877927,5.217125451369773,4.80103549483395
4.556126564539834,4.1619602481956175,4.736333305586321,3.418133936496287
4.579762184395191,4.709196503021136,4.356488296965629,4.263159387008817
4.628157894710741,5.3368279523207285,4.361008258113584,5.709868595942151
4.8238759199473495,4.378158572661575,4.681560471830567,3.6667218474668886
3.406998147063571,4.512278832164863,4.624600064035089,3.656904524870923
4.975939889355161,4.582314200855475,4.744383313911856,3.967613918237644
4.219938925074555,4.474680960628295,4.9286061439569675,4.208700350189933
5.587953358257218,5.15797665250255,4.655151755595482,5.045469012253853
4.101229461134002,3.634768783869553,4.241787991102654,2.779898828330993
5.2479885787053115,5.468819547607974,3.783242327643864,5.435031184973111
4.625945859261943,5.0638172927590315,4.391284482001861,5.061263280300563
4.937556157010675,4.526964959064962,4.50878514998795,3.600702290925857
5.290799180345493,4.893022154199538,3.9526371107778804,5.132223149335289
5.215288977095784,4.674378120063144,4.093688922608278,3.958523122274251
4.767540535812293,4.340598248007611,5.294039272707102,4.279125615206586
5.366633558999847,5.434547306439041,5.173589469068991,5.195124640034977
5.031776429625076,4.454576770541549,5.0644449985152695,4.803417933551525
4.354306664854926,4.529236508527179,4.827827419033567,3.8466541261499243
4.9340162379680566,3.686162618933648,5.18175998649925,3.873206812421068
5.113265686794224,5.031005847949302,4.7349219115025205,5.248787160254278
4.549132661652817,4.654869177368132,3.880549113943098,5.483782301249807
4.528946849374527,4.314447663993832,4.625183639656459,3.9106687817893526
4.302530708329368,5.468550832673731,3.2487561139242174,5.161309808441131
4.904122564160545,4.782037172462436,4.438537968145825,4.614388779968363
4.401112610091716,4.258874439666789,4.897753171852218,3.900795613718666
4.63910627748789,4.780855075845959,4.09922547597879,3.997691043618689
4.302862818736231,3.650825292476512,4.784742082716422,2.8311456884182173
4.74465059226864,5.323699494663896,4.2377809490231355,5.115091346099801
4.906913673507206,5.089252850496404,4.842680100510624,5.020360317636558
5.227776973932398,4.751323535549288,4.750600779204824,4.690912937943491
3.9836072290199787,4.473541449088109,4.875295920712126,3.9107242305913923
4.357493707291863,4.480380311508086,4.259793930367019,3.486517169322721
3.681055392481668,3.8166914192812813,4.570293039255005,2.8045345683917255
4.621570058374566,3.832444980582274,4.707226113436007,2.872611310461326
4.133535911637248,4.087096294606971,5.120070201733185,3.7275492236002314
4.660577168174145,4.943912168580492,4.455976533730986,5.082465189755162
4.449081276101819,5.106604404322103,4.553372467520409,4.907959527911587
5.836852969922445,5.2863775450268715,5.175195580835161,5.140928252823792
5.113442280600254,4.9935072015312905,3.7083242478139407,4.898594417512936
4.331497451461677,3.814913698681569,4.888064977838546,3.26157897478057
4.2746482407166875,3.8218863380592354,5.002216774716411,3.602582442216397
4.374706306944494,4.010240880235375,4.12064401206787,2.8805750308331457
4.4535886037263595,5.020029092523186,4.333477848151939,4.670955757189792
5.108677520222259,4.740602549419243,4.784992373134716,4.225739606625406
5.215641194393602,4.848136483058502,5.557795596185309,5.0004226106530565
4.098013404962341,4.572702961355245,4.612496508426338,4.362278926893679
5.224842991325905,4.457300603202823,4.212225574766223,4.248700894040727
5.462410362563423,5.008084008657718,4.514049328485763,4.982030198059343
4.421850202580947,3.7988348688210842,5.151738877519486,3.8294187640547976
5.4549687686172,4.7052171770844735,4.7005724608734285,4.572604808003833
4.842242306100456,4.001285128504119,5.044099209367364,4.244215957362316
3.355014680243319,3.9051610766993976,3.9448374376897593,3.1863552115148757
4.019209411747545,5.045806812356912,4.363586170010222,4.789191439237298
4.8534743539280205,4.214020726032878,4.704518272404821,2.8289778199933067
5.5199076724073945,5.151856099445554,4.849664746889334,4.688951646901189
5.300000627203412,4.7688960496517465,4.480235870860142,4.369500386347635
5.697236412496954,4.778465155758911,4.532821560596192,4.342169355447412
5.245221985605038,4.771840286187625,5.031468512406262,5.164255910455436
4.079681871400768,4.711779401362196,4.306809119563386,4.249521584842266
5.9723494369517605,4.880154930252375,4.327702509436867,4.940593940490682
4.712371772714118,4.407150918383727,4.800169195243944,3.422292012868783
5.290645576065835,4.914950518481317,5.022882432492436,5.067733456804433
5.360542557183566,4.800962624691434,5.275108358867608,4.765450479432075
5.7614358076172225,5.377142287031917,4.437926310385567,4.95743215695521
5.070170180675311,4.682905029627237,5.656310926259595,4.745932762331694
5.110130065728762,4.127610237171878,4.765333108685243,4.256853068224421
5.385065097128862,4.895225295533248,4.029518697953586,5.215187870396003
4.490417976281393,5.175503767958928,4.1234137977123995,5.061059184018979
4.175995912756089,4.704415639553914,4.6791256711125655,3.580867661074954
4.961962398410403,5.201309933373599,4.5256549554711025,4.863967456328958
4.112263548606715,4.544677535809206,4.635327005151966,4.3870572740271445
5.163927193044623,5.015949333546462,4.899270707148124,4.529428946896576
4.972006223793262,5.043482555998715,4.792101842904372,4.907158043003147
4.397604370087488,4.574617947732574,4.480471428402022,3.9393745061422023
5.201811180264519,5.010345109630394,4.666566828691485,5.16964496058977
4.829496171132644,4.070093302104006,4.954695976438006,4.494909142285101
5.158532890215214,5.003217736450184,4.226227626216121,4.553538000162544
5.318141644321749,4.8143994345211185,4.441835942988875,4.448962085416346
5.137312730280202,5.171807784223162,4.94989483176499,5.28928760747411
3.3582793135606304,4.048366020154573,4.345932808900205,3.0577705479576744
5.5800737436661665,5.060639628465921,4.65206373193317,4.619619539177318
5.037549376857164,5.418624363063141,3.6254295815740427,5.260765930553947
4.403814722964199,4.431445668593883,4.591038230603836,3.523240956878463
4.2965412128179965,4.821812923146521,4.66664182783699,4.783554435959592
4.514867027930593,4.311361542024836,4.696958349957613,3.56204796681347
4.951618032393608,4.674784449327009,4.832678389596144,3.991454675620066
3.820623699094419,4.232041869867186,4.504864000242312,3.8227004036733585
5.583666707568673,5.196452671685897,4.5699069908851975,5.174506657880424
5.501384299990327,5.071862008953386,4.54928995280301,5.173367688966232
5.555048149958573,5.365483680835877,4.615256186526856,4.957924632943031
5.0838441041189215,4.635425393432223,4.4713627648513325,4.619263586308093
5.156298435068131,4.6483155888738095,4.459775749319249,4.24533020245074
5.5025963278722445,4.8503309916844035,4.385578666865756,4.5103452735298735
4.825685042797723,4.553420225880667,4.536579417634667,3.8857400891128697
4.5201721968822195,5.058893568203219,4.338311491241909,4.502545219638087
4.031463516261871,4.881094752176367,4.471580660259886,5.359842247192244
5.027402255682155,4.712698917262515,4.3868699122420045,4.669858870570648
4.250639799112614,4.3516001500404,4.682252667598751,3.6882978956965506
4.758521225763389,4.498078694305275,5.138671400979299,4.789675539494408
5.544021390143104,5.568313753018279,4.5152288466042485,5.295720462446549
4.799651118904747,4.879142862854451,4.454032874221117,5.106406605514531
4.264624253076489,5.116875995977505,4.460993958375812,5.130223524525958
4.30799661193841,5.09804043313528,5.022481435053465,4.978537806126051
5.157803143102653,4.864728331392268,4.79008743477844,4.886819681907573
5.068048984301551,4.706292972015587,4.525351138360469,4.80379552835872
5.271153244495569,4.339340554625649,4.578113821078629,4.293537729792824
4.3459955260602925,4.665053668320975,4.565305986156087,3.982895459018108
5.57741023067566,4.854546254420321,4.284778772304039,4.595016498452858
4.620596712292793,3.947637983774615,5.412494736025669,3.853168877596721
4.4227930228748304,4.790141009606774,5.251504163646221,4.681594334522593
4.992858016169596,4.72991579579684,5.028935487652181,4.863522541292226
4.751789286277358,3.889106416477973,4.614694816434723,3.553297987285683
4.880030947927527,4.984337361953335,4.308155454564236,4.821450999093034
4.686116855452382,4.477611173242347,4.799075340639959,4.237410142740662
5.110279888325162,5.160275752370391,4.220505256614,5.039852423136612
4.693614263281336,4.244313847673615,4.7804589366350205,3.9663631837394764
4.591949042103456,4.6890132001867,4.165139786320297,3.8143106708498933
5.040535633144218,4.541404651431046,4.338659319693033,4.087928400691733
5.086930548235497,4.3146395827376605,4.827991462380584,4.061543684824555
4.43196836927897,3.879252976697514,4.711032750636496,3.210632656547444
4.26230828257497,4.835489132964196,4.46283061225091,3.8908071021100104
5.384966284960574,4.249855594360999,4.406568298605239,3.7444038074388795
4.312065975241128,4.719084210961866,4.963543879738389,4.312598659396217
5.2015638426491915,4.436067807836247,4.572966957543722,3.9139199977373735
5.213122473273867,4.1547669790019,4.27926541316701,3.953170386649549
4.398878256902485,5.101687367192612,4.377319433591149,4.721675110728941
5.322410200590974,4.864518751864529,3.775412425629511,4.678343839082032
4.406619789699075,4.7012748412944925,4.573959513426219,4.150973949128077
5.215553442329565,5.222763566721389,4.7932868674006635,5.1620570083532336
4.597833690384808,4.787484930576575,4.424143805659167,4.293566278679344
4.755047301401332,4.845532275473938,3.8725796170219007,4.050780614686156
4.676955269803957,4.715708101466081,5.071119789550574,5.129332025493266
5.43112307730498,4.855743127981545,4.859498459214401,5.11662803375809
4.9911629613903905,4.666348245886225,4.183155961771628,4.497764958365163
4.797651000356234,4.947618540523217,4.232912861675258,4.298409561537109
5.415960532942264,4.514112812592675,4.7490903744181825,4.176868164678833
5.047911814235092,4.602338103849119,4.962277078376317,4.703256813645365
5.401464954440624,4.586922460820277,4.501841212744645,4.2851821835483435
4.832953712698022,4.542745963253592,4.692854047706368,3.7180889322118036
5.602051677964476,4.833277587948286,4.55653248712309,4.737924297607886
5.0112537600909315,4.985368054439288,4.6217672915425965,4.828104633176419
4.881519942564326,4.663332152335163,4.910881688480082,4.482656234369457
4.688670064791957,4.5816594150081675,4.945100034114873,4.532614540956018
4.556426880809942,5.009262885566619,4.792889692870047,5.366180461980357
4.8981617253214065,4.1112045261109,4.602653147532549,3.5397355006493485
4.905605921345925,3.53712460696597,4.270529357974039,3.5053670083330988
5.085440250165297,5.153296011808718,5.3033853042810755,5.117405178715745
5.2235606786814985,4.8606988454445945,5.09075734026878,4.501056255415467
5.0482037324473925,5.067770609911709,5.462116390209617,5.074000980939091
5.252644119799609,4.560069638060393,4.742773267043662,3.9225374828895863
4.852404962018218,4.212584026347845,4.616326848692419,3.529040566220455
5.20573804710741,5.012841499957583,4.990949514588003,4.925789366621201
4.961760285995666,4.687096501380783,4.940665627915517,4.041848605814587
4.7307366403828945,4.1231632288431115,5.113701383260038,4.25715039997964
4.772760388307156,5.109932188028166,4.90691536207925,4.7296260904593845
5.282844244292425,4.82971804342222,4.741681588027282,4.520377833809692
4.857046977729077,4.383829998636825,4.491003012115807,3.9595708894811
5.2831844734173155,4.8031684829151455,5.21031457382151,5.084102514842369
5.447461642388103,5.07402334195512,5.178930803737414,4.6087071221592835
4.33762638097652,4.52153095350232,4.630515877803047,4.148282971876935
5.037726667830242,4.913380846366673,4.943477051016198,5.407126275103991
4.702057709175306,4.896328916638501,5.3963381613891555,4.56492688936161
4.5965394449912855,4.774274992557216,4.638597852290282,4.114516673679563
4.874726475241746,4.705847438724913,4.196643004887194,4.5151355287689885
4.827155765539302,4.577519413964566,4.475580344299474,4.748176365093976
4.452924830128337,4.426151508817676,4.845486357091747,4.552250177354677
5.6320729273287915,5.080391408091543,4.630940057498317,4.7144853359215535
4.854208961117944,4.512239580735452,5.287583852450591,3.5757189705200285
4.626286167895151,5.114442245030822,4.462966581179078,4.661274046686778
4.836498169566427,4.34323709492486,4.663037698628443,4.166889818279702
5.115688458716215,4.928293073899348,4.6115391986737855,5.153757063443977
4.41570886009062,4.896978803125867,4.331599905725736,4.870504701788799
4.682485716691755,4.633020704436631,4.060818851092993,4.401302252870212
4.773326807635142,4.2422959801608915,4.857608924255126,4.086769121371444
4.930566663755347,4.4143108573608325,4.088211387281859,3.227349374368344
4.760517651110854,4.459464096600468,4.898661610377698,4.6352783797287955
4.445421094577303,4.004944376387202,4.712557918404939,3.697493277572593
5.6369392284919435,4.925983584055409,4.56336214159791,4.762531039534494
4.888448913666016,5.118628508943473,4.499041700164935,4.652134758230274
4.698756290832363,5.192069232084447,4.697100173973827,4.681911188848214
5.336802898792629,4.779832924647896,4.536007750687463,4.431541334749032
4.724730890168549,4.25818390018505,4.624923282522303,4.693940062123104
5.431135114888539,4.637087356028639,4.644234955421919,4.578978472854432
5.398774137218171,4.639877212637146,4.512083230009637,4.270898087663927
5.046060489573637,4.491889728232541,5.1996771057904665,4.676441684752472
4.753026724017866,4.373819413445988,3.949880279523999,4.129132893947933
4.69886902885213,4.7844309143244175,4.198812495529361,4.66544064346329
5.715633688541274,5.135226702997,4.60913480337317,5.214847509455512
5.310794978112163,4.59543081952102,4.607039738315393,3.7909814939574416
3.7519274179253093,5.029173213799085,4.436312186784148,4.726746573535377
5.029435057855633,5.128095107663437,4.359464103714626,4.809259622911634
4.461823663870122,4.407321951066244,4.638099919833599,4.541253638342448
4.664812761805714,4.402517061219178,4.868512356744042,4.753593604601786
5.116530428671673,5.024793078344756,5.122226848205108,4.862142839038728
4.674480197827042,4.440678209586663,4.747592663312937,4.537804328821241
4.453554639980768,4.049192057516101,4.764784769538554,3.61714481976903
5.384149754470144,4.237667410349155,4.436796241718674,2.480552331574188
4.783131112247946,4.248901259936143,4.8153444858333065,3.7988328239873645
4.514526748745753,4.218349902096329,5.00208329987423,4.004902956784634
4.71125388786402,4.507291643522663,4.636467418602321,4.515475216988803
4.672699419503512,4.4959836550573415,4.739236449452477,3.9754694506599364
5.1331032542300035,4.355081889785392,4.557505463169995,3.927904692051546
4.379524914229794,4.636742733894599,4.463562563557122,4.7928372099386705
4.626019334115794,4.95936809390311,4.651322427957795,4.365487735467113
5.182873333257399,4.6490993288862805,4.531002712959326,4.44472529667309
5.173686031622808,4.560015176602975,4.679895657536417,3.4042100080971895
5.264353502830614,4.887822511686972,5.132372723658225,4.703533864489946
4.767213790639555,4.651854384326327,4.50757490730203,4.550856090466916
4.966435028540959,5.164994449231341,4.166100325921659,5.080841076278234
5.488120403758951,5.281354930996373,4.372629738978018,5.14860758072037
5.409676323894261,5.233823314052486,4.190484288805292,4.887715361802674
4.863187388279151,5.557201308277675,4.7505321356929,5.665743603723695
4.894034364588299,4.8896695407973185,4.7825636380604,4.896661614323083
4.804914955956146,4.876793434966557,4.741307060616879,4.469096522339583
4.839880742790697,4.753658282849344,4.61315533325393,4.462707197682132
4.108724028744949,3.962780804695581,4.556324000539944,3.6042275956038794
5.163700202548685,4.983965401286749,5.0381651097510485,5.226967547367296
5.320868625013284,5.279710389216475,4.684117698847475,5.2988017492446104
5.291425349769291,4.945745763231104,4.540561963665507,4.905415960965651
4.194668405408412,4.0190265250123725,4.433268538545435,3.5781609344135115
4.80665088555977,4.978517810695279,4.624384208691633,4.752153806544416
4.8398076615458,4.660680326107482,4.827015461686739,4.055278171389526
5.33985098729115,4.8424424604784155,4.8563930488240965,4.887106786712503
4.551083620479944,4.839327353593715,4.68394893277297,4.985043720211565
5.26356155824622,5.125920174032842,4.499595785798425,4.554384318647474
4.293926827806668,4.442008500501203,4.865906732035099,4.247757281638142
5.69166753311893,5.22456939926175,4.331057101813626,3.8474729457651926
4.695913225582522,5.073004304209336,4.626820681560786,4.675394067013168
4.613450896279125,4.780558856092837,4.693748363727527,4.352718549491705
5.299245070463266,5.134363789186799,4.331169080772665,5.377548920804974
5.361561784314072,4.903532254257802,4.1054640928874235,4.875233289600834
5.397526596563177,4.375612770236616,5.156466870272573,4.575073195861227
4.696175612664372,5.103821673133956,4.39515052765906,4.4778379950532505
5.7566783459124675,5.0238663073162915,4.353809177054555,5.1842204503240925
5.673851685419596,4.569173077329989,4.674115916367069,4.381058385585278
4.521677002978624,3.895897439818487,4.617273676738942,3.4231132432013727
4.487975744567211,4.88656003739424,5.4817125391941595,4.8165849375808225
4.480757259388501,4.194340888067691,4.987238040831836,3.8249384722309747
5.244071323225026,4.841707190433566,4.3402841308734255,4.45830397556349
5.319778718594451,4.954019057390589,4.567974345800506,4.600625823824113
4.614004909318571,4.302487084995942,4.5800280589939115,3.939647584245594
5.510993015677895,4.9265860488093045,4.660230984461893,4.32535310881164
4.556527358974652,4.52240856340579,4.671519758771514,4.366845804695101
4.6326304743338635,4.884515417661311,4.622746159966116,4.3230303419864775
5.391840337262831,4.6615171977881715,4.6831930949719345,4.4325627458374175
5.052128784070955,5.136037470626993,4.602014468268038,4.667497403803165
5.127701385574922,4.587775017037105,4.932054534921916,4.836376122831414
4.28395679634432,4.610714695528453,4.837181407171719,3.1886278619047044
4.564506856390223,4.260224348872132,4.707875353865107,3.739691139710078
3.7321959216964764,4.655436867691651,4.14072108685842,3.97960787766237
5.636810468006202,4.955995297261195,4.435166618745858,4.823779691952482
4.807836302492826,4.890798188282621,4.284771541754575,4.7644059266197285
5.004550651910516,4.176611071594485,5.101029402479397,3.936774125828974
4.866352002840497,4.706175207233626,4.771229840409227,4.495800633401084
4.8442489422388775,4.800339248896876,5.229950008019877,4.453336792079098
4.870604458184813,4.713959039946468,4.4965049283573295,4.845961986803888
5.2087157164446145,4.7806642505144525,4.835781493917457,4.572089090414116
4.714684544937142,4.877317641380596,4.868801445936894,4.154737195711502
5.018265085294524,4.521570106445365,5.313122060196409,4.393760154825997
4.423576524743658,3.7401483408830583,4.765374118500458,3.2922282101027163
5.611546095230078,4.692126877796524,3.9493900717148898,4.122113587996231
5.276532184044063,4.026861441456664,4.655009387369676,3.567241801227335
5.136581883986241,4.3519130301566005,4.756889789468979,4.334149302966091
5.356483657953912,5.005374776674181,4.573569720521133,5.052496535188152
5.640418252370289,5.095074059782123,4.830523195404112,4.673222381607635
4.2782528506418105,4.1324378340099335,5.055518743533924,3.5369678431531018
3.4577766760869957,3.4864643648919413,4.071881487097358,2.8337571566321125
5.655750546142642,4.9668475543360655,4.727562965678355,4.8003250752588
4.775737236262148,5.443790540465842,4.203450317467573,5.0293036619368285
3.8719116833861076,4.4954141629542805,4.577036386784239,3.822305638611852
3.724126940751897,4.295039287458127,4.268000749982775,3.4347579009997173
5.104348795327471,5.102379091245382,4.378494624236054,5.0635168912334
3.8915147903724603,4.545383390961961,4.573130732152957,4.542549424811623
4.895363713316209,4.7217089089575754,3.999669316989297,4.247926844107433
4.91595460061774,4.610929663176692,4.5785071719279875,4.604546040050742
4.730570923563031,5.3720979826612,4.08106672417129,5.1025509905480595
5.075855514723196,4.780680715761553,4.508118171323317,4.713085486118395
4.865090408345549,4.049820194158828,4.99618642383785,4.1449631756592575
2.9318246013153617,3.944227954872936,4.4909593094122,3.032665329127601
4.395955139478009,4.360429937021882,4.494415501601235,3.3797114915773805
5.7171916180777,4.848164197122045,4.738372215562377,4.837228313795997
4.84901755333085,4.198489939164772,4.653626218404978,4.0325181588284265
5.3938195076907425,5.101281414803727,4.370345248392705,4.68686090470695
5.357010176990178,4.892162397289076,5.064657868081717,4.652908747385076
4.779394232092555,4.788027155034679,3.9653360240023803,4.344600789468053
3.8477067497017923,3.6855526035909634,4.172019925302261,3.4662130745792394
4.489528892764332,4.818053003834608,4.402918019662585,4.755687871498557
5.408703412439648,5.099788691285748,4.561928880388038,4.982924421029886
4.336376807019096,4.914198132308526,4.841616844240187,5.087745767495565
4.172098341092534,4.5908988646295175,4.565011659835367,4.172419230380971
3.688699614546032,4.731867212359234,4.53645523532272,4.684409531027337
4.556333760799489,4.7686883161307545,4.378446314158098,4.62369501162641
4.014679438715482,4.931879374881079,4.50706399639781,5.0392778246450405
4.976653879991304,4.476676597833902,4.6305912081074325,4.125070678127697
5.23691594916211,5.2106623859096555,4.508488336122883,4.806951499453362
5.324458807024091,5.246059868754004,5.085024221716469,5.095967253550897
5.791617799630193,4.974953324710154,4.6609022292440745,4.859944979259748
4.229024436575206,4.806401501755938,3.7466314429855565,3.942814481564176
4.999618466473999,5.462546824837119,3.8201167052850926,5.30738012460201
4.743284468135341,5.07758508166988,4.3439514774779076,4.55103157521102
4.6208177546284,4.383821727838093,4.270184911885475,3.756377763605337
4.006291807626311,3.9765925821912846,4.691052327935271,3.8506703048388027
4.7665017915427885,4.344667823647985,5.062340574286419,4.050273012714937
5.4580702045486404,5.050193897158808,4.37250407511575,4.8018755552819625
4.492708719414279,4.237378058345756,5.215587098104838,3.596521274044284
4.210113623517573,4.418872524463628,4.46278926542773,3.680615748040704
5.138853041894376,4.698590775281782,4.842253618674377,4.3387675078635715
3.8966802218530128,4.5248839942460295,4.720017334088779,4.699864107727835
5.450198880112552,4.442996309178319,4.527985699515323,4.5270619610920955
4.314900798496104,4.88484628915441,4.349743885092214,4.202902967509948
5.068502025174362,3.9546324816572045,4.567865421894127,3.5884195965939885
5.085929589314377,5.092680899342403,5.044499113218453,5.184747242878155
5.632067773441823,5.257381764943763,5.320013125021382,4.910652846561045
4.863035499810222,4.405057652062083,4.273634214200254,3.868718065319191
4.266151187422716,4.469375195089717,4.968058141206384,4.36155062056291
4.1503309516010445,3.9246539503922473,4.497372293870385,2.371193037560747
5.01730718007544,4.462679897651467,4.999010156202726,3.8126735442243818
4.6323382958463295,4.993193519031944,4.174625656746883,5.166261938115345
4.83740293786433,4.665076980041701,4.908043706265619,4.246948346739831
4.458913299021671,4.736762449198819,4.883718584413621,4.526155164959282
5.0065647650283704,4.726025564196653,4.9413963716065235,4.472361426067951
4.706163304824708,5.497243214958504,3.732732013383294,5.1212761919875796
4.902361593451593,4.317011771466918,4.274937691356828,4.183536262136837
5.057348843890828,5.028984467880515,4.259600368233441,5.1844501475806775
4.53940227280965,4.902989012868009,4.531337710232127,4.795113217156932
4.498860628824633,4.42906993311812,3.987170169635219,3.682441173876847
5.169142245503495,5.118340980736585,4.037331781614611,5.045450943068529
4.523562277212502,4.057693313153996,4.790219456592696,3.8908877438211515
4.672270803724233,4.382143163346423,4.91410296581912,4.529617758650659
5.085500193072826,5.031353545038661,4.422414237818559,4.548298725663007
3.6836999806815074,5.123651398591122,4.380718578037282,4.801583661032971
4.935464004093292,5.071395238653345,4.673273745260541,4.920038581988516
5.16123246146338,4.7654928901615135,4.895317785531803,4.783858315359553
5.112453080421895,5.168306845965085,4.975543060613758,5.462478321698944
5.004830558346894,4.985153042574221,3.951149036707672,5.031499841864202
4.241622335332503,4.483659043897176,4.47070976920903,4.297076953684759
3.4097365482167157,3.4485777232552737,4.17518803437658,2.829007380312331
4.374640655271089,3.97528527926384,4.763710832735317,3.5554066921362466
5.55528331580777,4.8486169619513,4.681400308968961,4.7868226427278415
5.068922986544167,4.737903602593922,4.563714010081033,3.9552463413281065
4.618942377569407,4.303630727519128,3.998610132574895,3.7697114190014074
4.413347684966167,4.724343411449097,4.529574166946345,3.744029301776205
5.0539116947017275,4.413682123288774,4.359936441111721,4.228921486423039
4.696139111452298,3.838733485922854,4.548080544097636,3.7566237793127053
5.080413776047442,4.641178970887146,4.452084620239559,3.978526544111432
5.187532305330649,4.156253251945534,4.7835117137931675,4.079303126972705
5.028792233477482,4.7751431995416125,4.772338562152966,4.315795150495492
4.763853636742561,3.8642087482693843,5.109438794416402,4.00744935771523
5.389561268667531,4.826253914123845,5.035309612168819,4.8715834559816615
4.589726389719084,4.506511928847181,4.483835961108069,4.046540620774824
3.704736947483388,4.026742706375827,4.614254156444987,3.547330151343915
4.197309227973319,3.463382336328712,4.4691404389325555,3.450802602356324
4.400145858352822,4.118139738444557,4.37042486918281,3.5552359800787348
5.31053436454774,4.518104518532469,4.685161948004154,4.111953894974675
5.000317313930201,3.8699783353820987,5.068295512198532,2.9864332562486893
5.010320471695491,3.9480719767949015,4.946077131259556,3.832368230165413
3.7936482371913174,4.9335664669425405,4.745470219373551,4.435174483303485
4.024602578397911,4.2831767513774075,4.669129191521367,4.171653993175984
4.868416939001263,5.13620420057986,4.5076065900383515,5.0613580567672445
4.5208287021882345,3.820060101253491,5.075330702243999,3.4819913511207465
4.441208612935182,3.8198952957686974,4.734513963950413,4.316112545302788
4.868204763189043,4.778328206222272,4.572083034833181,4.790261664459022
4.365969595408029,4.6673784984727495,4.929814516759968,4.322682049197045
4.76132371325468,4.451405137280643,4.5030138016805825,4.762990084332681
5.250538997747111,4.702616456342658,4.627094626122386,3.66920943882019
4.701118100361496,4.359527689284857,4.721818702280287,3.9900630104430213
4.718540383248883,3.9376056740461585,4.873556217778993,3.300920391083759
4.574191368929067,4.119158859452758,4.8538741239142364,3.7261107906848348
3.6408364719123933,4.072947669044645,4.170377876260165,3.6968438733365057
4.684704716091194,4.155180910216436,4.772288321762576,3.492136327378907
4.7510088950516725,3.659963000987413,5.058988277764989,3.2374180846042613
4.683746684810406,4.669919645117143,4.412286989110737,4.205173265886819
5.599594098004181,5.008193717756445,4.353466586846273,5.119104005748369
4.344541526340564,4.2355841391567886,4.46920979621176,3.9523568657456747
4.4422361416439715,4.045046809868662,4.83271156108757,3.090691813621019
5.197364558442757,4.320578509011406,4.496796973261345,3.781173120657731
5.2468395986367895,4.70842524331862,5.135243527912881,4.868360779195494
3.9288037854567563,3.459999393820115,4.78990834737676,2.8103122746396223
4.1156041289103475,3.865530292118347,4.713004746385682,3.0863328717903356
4.8874445301614005,4.693473601354503,4.397886931461578,3.9977344879222967
3.604660023867782,3.8556752309201423,4.443847054825478,3.1264096751827073
4.933135152452385,4.441812428430202,4.809638073472942,3.684490755923487
5.0466658102635185,4.344439312047359,4.965404347935891,4.0995774692017015
4.144317690426854,4.621823771059607,4.5284017518196205,4.080336711896209
4.961821149299653,4.412483101849359,4.475273983997337,3.911850701045858
4.17545409014595,4.214203424797789,4.485517885274927,3.792957386489609
5.396687356760544,4.480588934331222,5.06489827884885,4.214626779348134
4.918170554061827,4.7086670960480115,4.358213375387045,4.688968651462895
4.124598674760338,4.4635512093108085,4.863541922328466,4.2698941715581915
4.5165543786923426,4.540457324247622,4.588105223357944,4.37370236667142
3.874984339630103,4.340062463893981,4.813715500278039,3.864065107072238
4.885723494033732,4.650083624660455,4.773944658255281,4.622707689088782
3.9914099758519854,4.364288112583655,4.478348243691951,3.605927899021049
4.412080259613522,4.253791997622942,4.492132167840005,3.6177365103959436
4.352376669975594,4.21966387617298,4.75291922919464,4.319045440446152
5.114016648325411,4.659963740916989,4.687522898138565,4.1670131662552565
5.203897495981384,4.702655845440553,4.463588917157804,4.632741783640741
4.537343532517451,4.541771105138431,4.147796514160546,4.655781737290755
4.932880631022736,4.234512241478719,4.517861408931838,3.009686718028791
4.6846163584067915,4.409946746534608,4.573231869469517,3.8051970860545405
4.3326655847813935,4.356659046107043,4.239905817563977,4.449399584268532
5.112440626676543,4.782670364920144,4.625047100265142,4.808673393601212
4.523539067879076,4.364974098295225,5.001515453237152,4.496298883587899
4.682327609215443,4.549074267782281,4.526208738732086,4.535513053602438
4.048096444460955,4.420551213230164,4.7256796977747415,3.9522142981958948
4.428300811448269,5.0285169708371065,4.623141224363935,4.290363150935376
4.298836279171814,3.662265039402239,4.97402750875269,3.299581055251205
4.389674023875994,4.280705440385824,4.007287283056778,3.2736256088758817
4.257186067966382,3.9483261317189133,4.649670617826309,2.9863440915954134
3.2301447850065,4.281186503321677,4.171448370489011,4.078192774921346
5.484035176082227,5.246738633710269,4.274501485882358,5.126246844728571
5.240455890333119,4.7634842001119555,4.824967225853893,4.163825978688015
4.4442015765071154,4.546339449222889,4.5737298275593705,4.533565720697907
5.459150293907305,4.979393517215452,5.000644795531784,4.870541755422598
5.2345559140327165,4.655551880704183,5.214687090166797,4.688904916215893
4.996650395507432,4.415618181188508,4.8976267704998495,4.603948035294297
5.518100151886112,4.5875553986785125,4.839755415925215,4.176836372360074
3.6311484515348766,4.25206247456094,4.716125490866606,3.3912601045111526
4.880092310834334,4.328410718313891,4.676217749718803,4.630678861677119
5.148552840862053,3.994767315102407,4.500671794989886,3.984755001484367
4.1281611761076595,4.185425589047564,5.111499121571277,4.097737723208049
5.369382635117004,4.7837029267530085,4.8525161390537335,4.711870557188758
4.775501789685267,4.170212654285265,4.425835783417494,3.3130851389350724
5.028322591225569,4.345313529353722,4.940283914102952,4.052404173045063
3.8043545490516526,4.172487767856815,4.081701413204062,3.6242433657636206
5.258062258640219,4.813381169038402,4.405190653223775,3.9885767362456654
4.401339357658445,4.882489133140904,4.763990767459249,5.101540953725985
4.995583587408493,4.279278994729259,4.576744595079205,3.5922710930793906
5.062842418758913,4.905172731489687,4.607592968350043,4.698187280453123
5.142900684049203,4.819315439279844,4.655591138444148,5.198008396618744
4.298885746508653,4.7199275740508515,4.505257664262179,3.966160601973953
5.0551933861979785,4.397561231630125,4.98785471532405,4.44104446158555
4.701979060951522,5.194633599265912,5.1616030325543125,5.498828214716874
5.053694390394284,4.445514327790087,4.547482461575606,4.463632459250416
5.315057561132627,4.933404166772834,5.089501941049742,4.771223396699421
4.555093880876786,4.882955519450987,4.553680712867746,4.498058065505763
4.187020305052968,4.672542567631699,4.708312950298274,4.325832226049909
4.675939496267033,4.790025403907079,4.630664671686163,4.45864540403949
5.028916905469844,4.816479343132895,4.490121795487912,4.265640243090131
4.703331700845143,4.614623689740253,4.735842915609346,4.329839043650272
4.802199139980415,4.663825421288651,4.709343716290989,4.383015157493951
5.371250513580188,4.9244331146363445,4.7072695266076305,4.7296329888772775
4.411570363146446,4.822077933714317,4.755862624648397,4.5169895853935795
4.445825375595432,4.117620506305274,4.695957601112991,4.000363520581647
4.224366297967644,5.368594747961092,4.771227149839999,5.198046457526546
5.498624583819988,5.041182321567158,5.096643701474167,4.869293114389005
4.658485408339061,4.770207808291335,4.136277307993131,4.095499342661336
4.911198680928227,4.180845703492434,5.135977846638653,4.295192779122661
4.10206954173749,3.6149677865667713,4.424029409346991,2.9984889115699227
4.62652171350668,4.907787272927887,4.463120333009633,4.430860485798066
5.008870918250814,4.663023467111735,4.6840322229538565,4.123783459614836
4.422787722485823,4.77660831775587,3.570435777844718,3.7641418482134
4.737810014487086,4.802045752867728,5.3211464399911845,3.8264470008346185
3.613514966183833,4.647324755955162,4.653736971802931,4.073174753542201
4.120155169733909,4.880508822299766,4.424681713077091,4.8179220250323676
5.082831477868105,5.1255093250927874,4.56757674712392,4.902871051516627
5.491145259204665,5.084351166237583,4.851253568863844,5.418337760805048
4.662256197535609,4.3342338057103165,4.6326967820059055,4.1996912335534855
3.3921780771489245,4.064247653268926,5.000734444698465,3.1324316358267743
4.78153592552894,4.685660683586403,4.496741351672462,4.6573580695367
4.98702803154535,4.841917111761384,4.520492936008533,4.95700689057351
3.9781922195208654,4.26464801230485,4.640078150684512,3.656467563454092
5.642669225509346,4.99720570276419,4.521454186141535,5.2468824239620515
4.993193648320598,4.785459197796736,4.643437530721897,4.957087927514188
4.6130678255995194,4.070578338741134,4.697372267611685,3.675069623890174
5.143793070486782,4.770401707117196,4.0109436552385045,4.659542550155371
3.792595116554274,4.06805906560873,4.568979583996714,2.723201315132349
4.5302344850708005,3.852813604063641,4.674957374467488,3.2650332556657724
5.022109021996093,4.584538343096275,4.500839636863699,4.512217832336622
4.294341989790693,4.430588749136252,4.107938655678086,3.684122832422681
5.330430019918876,4.498620964753091,4.954714011277448,4.92215014252466
4.450596635924145,4.282477559900856,4.466144118947437,3.8055809554950724
4.293225130084241,4.2876698845406835,4.7826143176376235,3.9310607968837554
4.337444758468832,5.14532627631048,4.907040584788523,5.083647305119767
5.422824435256763,4.700065387810489,4.6257106214158235,4.691167326124514
4.973863179982644,4.774709503324602,4.388404931582832,4.869982429952742
4.767988738207973,4.5901313012123754,4.517663781028853,4.7082779864437985
5.046848857223582,4.687303617934471,3.96815439628568,4.479055380477656
4.532862314159694,4.678334790635315,4.591159346224401,4.236392050292533
4.84104276357327,4.836259253172352,4.161822865503984,4.33831596727139
4.837732868165035,4.557320764212519,4.184267177800711,2.888228732753602
5.2386810204611045,5.211817684516829,4.084356083654124,5.180892958408217
4.399251424621659,4.655116415411663,5.077067987725934,4.050791370860296
5.373522296727484,4.438271868977009,4.4726267223707525,4.450949977756265
4.811692844011899,3.8472514782870535,4.294872856447714,2.96984872656241
5.140461583009104,5.538101873925849,3.925691093242854,5.003312252623822
5.392308049164743,5.171004669097841,4.790436205054983,5.025309709951743
3.719071425527343,3.7354405238973456,4.6868054267396095,3.3632961496739022
4.284060943154009,4.500616102069897,4.1273168127096636,4.021392102119112
5.43485959281771,5.077670580262176,4.371546460591022,4.938303593723626
4.728057314948074,4.175013744986162,5.183463373163302,4.074382913217416
5.156157572629202,5.115275009458348,4.319245938036107,4.489816402357143
5.060835775460903,4.562943006807609,4.861964706454448,4.14964636607762
5.580436588356649,5.0838224216447765,4.831008258928928,4.656363442635871
3.83614951687743,3.8628232742245054,5.061157676699492,3.605048802361862
4.427015697713895,4.502529413627324,4.990393253668406,4.4659017837371415
3.4677077254824873,4.127439327158613,4.062171243829971,3.221247101048169
3.89821707528823,4.581373051471027,4.093905416254861,3.2271198862001986
5.050569300141754,4.713330533672911,5.400773186044744,4.8288333476056735
5.109071496631713,4.483541430368529,4.500416498691055,3.9420711605709013
5.030368172856088,4.465749592830424,5.32692389499232,4.274618910502092
4.857845440951055,4.857483887083169,4.885704488911733,4.920797309080185
4.679584383819194,4.336856757402311,4.8381741181913,4.302696527233736
4.528479417882425,3.8510893189453967,4.8280302079453525,4.0826942748181345
3.804274374118602,4.323615977050243,4.625994740330266,4.225262500109685
5.01491607810344,4.320355292388309,5.237143540887866,3.4344558305192128
4.938677911363099,4.168828852255806,4.68540304313873,3.8664747433642765
4.836105950247772,3.9436356381024584,5.1545134931674035,3.483999661709879
4.388255962961131,4.817488626524844,4.405211035999749,4.426237460330237
4.655419723150462,4.226595946919502,4.944625001856333,3.87011394665699
5.215257995673473,4.394994364571944,4.642903838830922,4.555048980086657
3.9293107759224517,4.194428168125379,4.625564334906574,3.211280909525854
5.208135755216041,4.503418925683522,4.577664897942642,4.15732103908153
3.517409516676794,3.648891263568913,4.849779662274833,2.8237538274211813
4.928309187105256,4.160714310461479,4.953065307948366,4.138702639763705
5.310294896201279,4.625735759707733,4.791681485206718,4.13123536679728
5.237748829362749,4.626768990327841,5.274069332274354,4.536073634641235
5.052577409349006,4.721935824503706,5.570662101915523,5.3217434877733005
3.972552365894173,3.831257272519716,4.59651255684454,3.3741938218338663
4.482868977037569,4.882253968138195,4.754399896974581,4.993470260724448
4.185323529549561,4.452365176719716,4.522384337009728,3.9044515420244505
4.713413351284992,4.821152605208126,5.317625084170121,4.899999240968292
5.054691964970964,4.81079043122256,5.329045550704936,4.827424556577019
4.443959909954251,4.390317143956542,4.537727521447883,3.8090357150441756
4.747077641897162,4.812358530840867,4.539946058772378,4.607243461246494
4.896648053467326,4.718195474461745,4.062214816304755,4.912817993710079
5.07183338757651,3.991587817960863,4.282841082096362,3.1407599570587954
3.629197489890656,4.129952644450304,4.580921396346012,3.4566157836776576
5.512254332472543,4.73057495891281,4.496249090551987,4.3202001982676945
4.214725359254529,4.650314979330577,4.1665121232100875,4.423361357808818
4.1248977926121215,4.214557754918603,4.7296339059864,3.9357084418263337
5.465492961166366,4.785458048304111,4.165722102991615,5.153084270185884
3.45877089329021,4.749693485206163,4.408903107995262,4.420935636390764
5.419596213964941,5.226973836444553,4.3902712528473264,4.855560914237045
4.373623911761872,4.456646368020153,4.445695808077126,4.1035892778544625
5.2047670158042045,4.713009444681425,4.177778772936681,4.431179324065577
5.128261812167811,4.623172603231758,4.76879037773923,3.837669313072559
3.9754940433259054,4.157183699691166,4.4564571478472175,3.337315455160472
4.738998121768577,4.401977106128516,4.534139552092693,4.055104806871493
4.446337497984149,4.204505782964898,4.647916036433832,3.9447761006003734
5.249191263650851,4.803571826791439,4.7792337576133885,4.682810478008732
4.686217558628799,4.3642553306105,4.808596072086758,4.251815705362827
4.408537072285196,4.127058128578079,4.780119836469682,4.15988547305654
3.6541143896523356,4.457549788889281,4.433970904956583,4.303578874926956
3.713670219305689,4.386522681885591,4.432307935168424,3.5263463491899287
4.385311042432572,4.757759668547268,5.029675041981855,4.888520394095699
4.212678259695542,4.899898005426743,4.2426863467844695,4.927623316401438
4.624738512856258,4.409475458223131,4.476389003291028,4.220543232571174
5.06474003961786,4.392247838055809,4.746235366686718,4.460389100538408
5.187414327475677,4.952768631328957,4.631603718537701,5.04262317938234
4.5093409728851,5.248124334951435,3.633038566017917,4.9039743775757
4.936285223577747,4.988764345147772,3.8398747279179957,4.521970325219648
4.758506214897126,4.893000542121264,4.28337974456825,4.799964213394802
5.064401574210218,5.000577478753235,3.646272789215949,4.884809401704796
5.886648421674518,5.18501912114242,4.680073589561667,4.902786847065544
3.6597877314589358,4.207477587255507,4.32041674172362,3.614972599598999
5.608818083717511,4.629503033251549,3.942569398003039,4.279694397305826
5.2451167185397924,5.023990161105918,3.935624990520662,4.776037009737922
5.573397331691269,4.744007561620219,4.63687176461468,4.691083754965602
4.619713778677282,4.845728332004894,4.703578531745223,5.512654840189302
3.646926604023935,4.240811860351959,4.494884532341185,2.7558247125631383
4.9993626517295855,4.516258896175325,4.476855565312539,3.7658229351263377
4.255258624688842,4.051836133295747,5.275156048373552,4.465697767963396
4.807832728439886,4.411121714853428,4.930857022874337,3.822741841598776
4.5514064722866285,5.136440743526979,4.237525906680824,4.7040362059454655
4.5193363355495135,4.470880029737575,4.525545669843497,3.9595568725510746
3.60399728912959,4.40898810160226,4.621356170181664,3.9484782406899495
5.117825115623769,4.2558592743303425,5.161217052746883,3.818726816976411
4.547633267430778,4.44658446311101,4.530265853157622,4.097122768887186
4.5477468499597125,4.891758730535005,4.493267400993797,4.893135206671211
4.639679775338413,5.089828208056317,4.322700757598584,4.768678731929748
4.398171201942181,4.847946510698696,4.264002792118656,4.70730623125931
3.7828587657213237,4.582241204557731,4.481183843289384,4.013114937123681
5.498453384407437,5.145770408459668,4.409449687141602,4.809858822910911
5.455840245311813,5.13804688562268,4.001780834637269,4.90990426082206
4.832768064252032,4.327758908035868,4.132528734920667,3.977867682071599
4.050715499811292,4.406406272869708,4.3834438818086054,3.9089298206015943
5.3078003242903575,4.97009560573368,4.188142402377201,4.401910226945747
5.78096407174684,5.018563060504462,5.243925386724098,4.982051197047145
4.722526668763034,4.887514445523834,5.117716326774845,4.909951798930801
4.357549911087985,4.652446956894146,4.043499819297951,4.73514153425912
3.526523637293722,4.291369539795287,4.337374143162034,3.863824399129003
5.9712763839712295,5.345161826068216,4.545782015953801,4.926684657331292
5.364030222942456,5.258490839735396,4.421419259417792,4.607878345083955
4.745728179852385,4.719428491021763,4.68955899941677,5.095199795100099
5.172635337532234,4.577493458895654,4.9122772442508325,4.701872751348652
5.2585929443943025,5.081532372132181,3.8367026040823027,4.588854955426765
4.101769536659746,4.522295016891384,4.756845375384841,3.841623959061848
5.052786266088197,4.112249195783119,4.650724792555119,4.067137034968452
5.360669238906904,4.906460760316075,4.817446158831106,4.68215937452634
4.967727878674386,4.799034433453199,4.870115536511324,4.203723197262391
3.8818922781033325,3.659679122353182,4.356593742021743,2.9387237387624343
4.689944361414033,4.332436062905762,4.337292751333596,3.2447326019665503
4.659649670658189,4.630913588817567,4.628770874934162,4.218050363343633
5.208668358212308,4.078201965253599,4.967767141104866,4.310433005161807
4.215667432149512,4.769674483911111,4.483927594626882,4.739926880368387
4.376469954904133,4.708891832550944,4.383999144100083,4.41606816914458
4.9727777061032565,4.571015078066761,4.4697636635921105,4.412167832482075
3.5980217152781298,4.284250709664574,4.538490895352771,3.8452425987669994
4.754832878116536,4.084259420160109,4.4306943410011845,3.624307045386132
5.356042831407232,5.337486085224017,4.385371243675217,5.434194368445675
5.20788559952659,4.981797709176476,4.658889941903545,5.192804558465199
5.160313704015976,4.605362367479981,4.728841517783266,4.2390013080922575
3.964937833107287,3.630945081376607,4.708890070774839,2.8354990395496444
5.414387466352606,4.887128870127517,5.359544547186972,5.273238864739672
4.203305384419555,4.035409689441581,4.174491190992323,3.0846440491049383
4.206307386312152,3.9875466516734885,4.744739649439717,3.5650479050709203
5.112991791124351,5.0811212235711505,4.546589926102309,4.338312345574811
4.529191927615598,4.125930135669682,4.653298619615478,3.4458335476794315
4.111757985173694,4.644142845480249,4.9220933511626415,4.310081363002978
4.2954562157925436,4.327261740799667,4.527305583342585,4.451882985621384
5.106890904019912,4.837612957003227,4.209338660213572,4.516515242342614
3.8055441399080108,3.8893371547203768,3.9778535155423493,2.9210956818849283
5.154511148991606,4.6557377648593326,4.660320568150144,3.68128585183479
4.1462956520471685,4.421494512477531,4.907320716918157,4.624097702549029
4.7851287060814345,4.521516889484733,4.232614439793377,4.57360545932469
4.531207401242437,4.193116343132809,4.921848412969329,4.48189970761664
4.94495009967336,4.596695007483047,4.7949814269550375,4.874552993583784
5.020186717350605,4.178780602822052,4.329283921606887,4.129200263099418
5.099008287494871,4.3262091013032,4.193637114966519,4.3586791917126915
4.970607779671539,4.404003049642942,4.434453648921833,4.001275948204635
5.658367434356613,5.297107865055929,4.329732356404522,4.827888159953278
4.882517514069304,4.595469233634383,4.463565159028765,4.555080292791078
5.218423718724498,5.110937392112657,4.534221935950151,4.911136457173253
4.4412178823846125,4.437293633417183,4.437034915662282,3.7918157207455208
4.342885686135046,4.320495388737037,4.749527104695524,3.9854255539265298
4.759647723741587,4.644667389228336,4.750705167303396,4.433717147296965
4.205351752857028,4.905795120028971,4.608964673335609,4.819912642912071
5.218362416441413,4.886707838729812,4.828078946411424,4.797859001449661
4.992818759867339,4.707577044363156,5.316839079624332,4.253993289257235
5.050837287039344,4.134960643713218,4.667632670907487,3.800658628048006
4.770869076947493,4.4965170784375985,4.72345485507325,4.305560090886122
5.656313853572993,5.056720920395056,3.6596625201310258,4.380458104217439
4.26038861103948,4.430010307253007,4.11907347512481,4.457754592602535
5.5633244970838875,4.790300962470366,5.213379862439831,4.6742381055878015
4.788753248330228,4.987851733646779,4.657221055078122,4.634303727236674
4.167099422319629,4.308060607333219,4.329899882861896,3.880490787477002
5.136101721208681,4.790771961993205,4.976373890392373,5.131314757132239
4.438052806695454,4.5046463760030955,3.722686368125485,4.344551418382346
4.660352686966182,4.874290478709301,5.165037209739863,5.1291616669164215
4.33841020717858,4.366816659993605,4.576746367180147,4.14129225249107
5.259151263412671,4.896169287441165,4.808641639443565,4.817313367832484
4.1187259545165205,5.069095610427821,4.190911234830194,3.7393927264378286
4.606784102755281,4.226349938150987,4.409416972066938,3.219897069555979
5.196409795294018,4.767707404538862,4.911103465690451,4.699915064341992
4.451411559761315,4.637730745138829,4.762344710348617,4.448778481974146
5.098320772335274,5.143494986688999,4.135945047114525,4.532979089000403
5.421926409446908,5.016859468329607,4.400347106383044,4.803769841493478
3.8964700203206077,4.130572368898727,4.3863601474159015,3.7416344634146856
4.021358102160451,3.9292823839637325,4.342224020775352,3.39634569500789
4.841350988016053,3.938945611323294,3.8827538070697942,2.822710075669293
4.329047626718194,5.107467586573824,4.582152490042033,4.581714676413394
4.361704144364578,4.352422303348319,4.282758233361878,3.2764945249527355
5.48378770671343,4.967377285544257,4.669146238548867,4.6148895358814555
4.721268253319087,5.218289695831943,4.267600367959838,5.266199119386279
5.465440741168393,5.307762636611957,4.077039112813105,4.417657834771153
5.332709855714438,5.258789300040535,4.67311050723518,5.398171736742576
3.479524543879993,3.838642118581984,4.375082611039872,2.9397599747983407
4.101500958295686,3.6685044524953243,4.346720845877821,2.971646288647641
4.897435764607792,4.764710038147076,4.464142373278539,4.648625457806004
4.835043912387854,4.526593961675992,4.657205323782973,4.186710385006282
4.329855275712129,3.9754981914997254,4.4087565682181316,3.1970432032655207
5.536255596017672,5.014454159863228,4.883718086985538,4.8428123357759425
4.0259085209412735,4.308464770757911,5.180063818698383,3.8941767635927294
5.638387245928901,4.980651149042904,5.350222163777736,4.967191949337764
4.679263668873354,4.896348742569205,4.182654718319421,4.668704561065852
4.3121009288298,4.48303965945452,4.475040083171642,3.951340568143715
3.6831094586360673,3.793747337991347,4.506056161963367,3.4355121612157062
4.762530360177563,4.522496453605856,4.650478992494256,3.372508261448677
4.238381423464292,4.604662436500246,4.393960108488353,3.320583466174031
4.868077017196744,4.405945888645787,4.3975508845542075,3.4621989923164196
4.6056996875626135,4.726494155554925,4.562954790562408,4.656697616831434
4.985619479294043,4.8511419812020655,4.770575978584232,4.17087196766927
4.732310132645048,5.100430408793047,5.147601029877143,4.687295912199004
4.476351238855432,4.83818505622784,4.858011438657174,4.594339582556069
4.674456593973026,4.076675818214983,4.236720797413601,2.5445626555861187
4.901428768095739,4.861276934367906,4.126490787846852,4.6161107321475034
4.980223540520984,4.7287720059171665,4.317264073429709,4.7862937129709096
5.469028296155715,5.222348305465833,4.66793601852003,5.512724718349762
4.3048698014091835,4.214478139395918,4.462296871550928,3.6210217317233453
4.551853991732319,4.367800424282201,4.370565640758342,4.091177317910554
4.995839223487683,4.4103890933760805,4.395067713047769,4.443697590364288
5.084202269904392,4.931367702120604,4.625750672821237,4.663234537225473
5.112919208705612,4.694404865220027,3.836731276937394,4.080140183859381
2.8512353993918618,3.7074206746107237,4.328756443989173,2.92311368028961
4.818185738825634,3.9778809227563463,4.5180870336201,3.4180636148376435
4.0908921936137945,4.741610318454432,4.8368364116260345,4.236134186196162
4.795111916933795,4.601267958342827,4.875489286697317,4.05938396718634
5.2092969836813054,4.432326750073628,4.403066734450405,4.248776794015761
4.920527909509624,4.795057880307322,5.169781827047341,5.19131205526021
5.033646750834525,4.899831478884881,4.5866175382248,4.8030498433034925
5.388877912630264,4.547934607377617,4.702508262517627,4.10092844262439
4.617432529395644,4.4835233076173715,4.576588655167524,3.5438688467956405
3.9640280213814476,5.309843758480066,4.200632122145173,4.94293363558967
4.94643229161424,4.326508482394495,4.4077374662044795,4.203351930237009
4.792328439014476,4.451403022133095,5.035035647437309,4.335715850448766
5.394596853137545,4.350913727875875,4.62093201970573,4.288172662233734
4.3056973426354865,3.8460590488735837,4.78651913418071,2.7001819387545942
3.882072695679562,3.955392170551405,4.530230326385442,3.384876225903749
4.691159783981368,4.623633360997248,4.422734027333458,3.8360678266740997
4.392818620999852,4.106008453443902,4.614449407313419,3.7380747845695392
3.9196030620566202,3.990240959875846,4.469775275563271,3.6260566983499376
4.821194643056208,5.028919741409499,4.344437262693504,5.240834766910275
4.4018546535071374,3.98947667784854,4.618934690477485,3.410286022772411
4.890541391668714,4.157890179574096,4.507889352556906,4.196173520659049
4.856384942847052,4.222181949048156,4.806979049752452,3.8049428835426844
5.037766973300288,4.410394190983969,4.400045786851112,4.34142186500727
4.866214649206312,3.961476205595793,4.737613332856433,3.339188237551438
4.335910809101208,4.474975796861587,4.094014472810473,3.8858999403568095
5.8765282601359825,5.304627366190899,4.309900502642148,5.257636946820274
4.635591565337929,4.525168929864445,4.772177509053854,4.611160947851632
4.478350381882282,3.777335524967392,4.85225905993703,3.3062153632106037
3.9149082454704076,4.280233712226934,4.910773414867027,3.8915652682230415
5.250525595053442,4.499746486153649,4.824435020490718,4.124812757944447
4.7029309128291645,4.092159675139316,4.632755082560031,3.657338554652815
4.870055642624041,4.7987746981401305,4.3738815915537135,4.180060866353221
4.667516970130655,5.013003942780698,4.243800900571903,4.574383199347074
4.458712377417927,4.064792675293014,4.186874729607311,4.032176098700455
4.570432202760011,4.482459394672098,4.312784259688478,3.925613508814458
4.830629418096544,4.340344867371524,5.002718708515694,3.899300508718857
5.3666308317887825,5.005064621374074,4.585051603091328,4.428230034976908
5.221024383186978,4.944829384930667,4.600917420946284,4.728232450153349
4.907398745186578,4.605526407605815,5.195351141739731,4.7424139552208775
4.543743027440408,5.044836566716515,3.9686969763654787,4.769440454107229
4.727745049689335,5.095214044811104,4.374046827385906,4.601864009186495
4.182568184799337,4.462323377689873,5.096426629766534,3.690335595396465
4.286261679287909,4.019373986344429,4.546921828303408,3.125071204695976
4.317374196496049,3.5972270431547577,4.956977368983277,3.768261748578978
5.082870593138148,4.070645988560004,4.934715816082449,4.301001340412156
4.164527332210458,4.672129889047742,4.901660647592275,4.121546657848735
4.954506737746755,4.619539829014433,4.835708983427181,4.465902749539074
4.134819630803949,4.340442318196965,4.530584006714497,3.9395364106144846
3.6034199525462873,4.165544326388281,3.7760525370846407,3.685868125205033
4.559469324852904,4.385898667283205,5.245801900744735,4.451557276836787
4.827497389487145,4.4540326509340025,4.820134258812592,3.9756341927724157
4.3373248986150585,4.039427616697561,4.240467399711986,3.602089286582273
5.62623688771477,5.306261454182598,4.082901082562598,4.997957859718897
4.832287063559507,4.424363255160225,4.399390475114954,4.167272831254216
5.134136308077735,4.93665905069912,4.655507117508247,4.595857093642205
4.0386032651246175,3.9865722578927727,4.359262216563562,3.5345590164085343
4.364055180394509,4.487208343173681,4.134235239406786,4.42416636905189
4.6548151050720294,4.643122590144262,4.158073820306695,4.0887486268545175
4.607220368445218,4.508359415698234,4.596393261063965,3.7668509160810504
3.807944197174417,4.292488587466452,4.604614513032288,4.475683965532946
3.7130151423991937,3.8835935275602314,4.959491735399302,3.2527068009540745
4.846422403371335,4.503205536457904,4.311319074979491,4.587017545669682
4.152703383052297,4.3769522222673904,4.608387355082322,3.9774359744184564
4.883690526019531,4.587998150461978,4.205568757540006,4.141128038623116
4.534833470138623,3.65089109410911,4.688283342932086,2.1751555000426372
5.001008923683567,4.59073939568071,4.6469375506483,4.371475342431597
4.878948863493829,4.712848524683242,4.754864604248286,3.9571987743310904
3.549391581637206,3.79877937539467,4.615372347085685,3.575336240785051
4.408172990374702,4.629016163048845,4.422708678964704,4.078928943454449
4.2247622918768135,4.243194302611035,4.241117653699947,3.3042819701557016
4.803232934366085,4.800261672692562,4.661511988893186,4.172880054514501
4.495187047670215,4.564609326695693,4.477488834494155,3.230321204596399
4.997781185705978,4.529748368058858,4.749291514142386,3.9286924640812546
5.166270406463109,5.291317975163891,4.513445186559558,5.267316034620428
4.382432687161147,4.683511298541414,5.038970929169186,4.174217786818138
5.073075231228474,4.378871809891072,4.150194976187517,3.8897324110480676
4.975157556738324,4.578212442404385,5.152366146702133,4.43891645117017
5.0909713396348035,4.81409907932286,4.55329703063574,4.537876322808888
4.579043273567495,4.564373537746402,4.636620010094978,3.555903352666014
4.2806575516751195,4.616024047768003,5.067849392942008,4.554403944594689
4.162767337874021,4.548829137432193,4.661899568170447,3.639222607565727
4.899535300546231,4.58812790968574,4.867172077377543,4.566628977007193
4.779605005695653,4.988844450354624,4.45389986275281,4.810535935654203
4.525470882282737,4.391490139436294,4.28481650321207,4.246429368139697
5.33638174785041,4.798462987784727,5.302604306099634,4.738169652318415
4.532139426197332,4.531858819413053,4.216142323562804,3.995668293853986
4.753772969758366,4.185500558800564,4.679916542246558,3.003421346032054
4.793407174012448,4.959012097927443,4.449606543407254,5.0720892641041075
4.093405813030614,4.671810870507738,4.57740837041832,3.8930238985283148
4.48831196130052,4.916970895794341,3.8779899869874415,3.728480075817761
4.899323988886346,4.1117144878651555,4.669345565764423,3.547983877557187
4.913152538324916,5.055477617050027,4.573476400602492,4.600632164399581
4.704867159865581,4.353693163785765,4.88423412939801,4.0228589932297965
4.625607515588907,3.8950087113853646,4.589240893499602,3.488817249678248
4.503262467421755,4.681588317942944,4.204211669557261,4.21903591231284
3.167561609526363,3.5360863430627547,4.020019422224217,2.596051835975494
5.2449145093720855,4.267529963677697,4.653641010906216,3.773074307061719
4.760197427292582,4.692244336884454,4.3596647985807335,5.0617951149374845
4.489469546056166,4.523151810890653,4.709995170787098,4.1127915706169285
4.3616720956896495,4.817488355492711,4.421729896957277,4.782319868673591
4.981800523035001,4.999417469491686,4.373305086027003,4.613918486216825
5.38945594923646,4.500289144746849,4.565225046289301,3.7173591945818423
4.594783206169746,4.1111947769877935,4.45037670974814,3.794599209977757
3.821281762572412,4.31510447353832,4.634588340922958,4.177939782192419
4.306734377567267,4.13939582179553,4.472958613978882,3.44685354875619
3.896116804238833,3.7840101629301572,4.589820523953645,2.7975946455904275
5.235657070707818,5.1813356352718305,4.095860019896869,5.121601495331945
4.017671724952652,4.0390468791257845,4.59909578986341,3.798324126694232
4.752019947193556,4.770137726430287,4.64854379189312,4.461075364094263
5.35647526249661,4.774896579930048,4.731695234187058,4.80385797279282
5.024504412161753,4.228688680007591,4.486447378441139,3.491676336224659
3.5252936872445195,3.7759020508717427,4.3805127593111575,2.920356420031133
3.6586680763844313,3.6795724172461672,4.9968864400159285,3.2655458137424267
5.21059963629918,4.443524226786925,4.517543257826686,4.067406239057199
4.153420115791923,4.745756463993984,4.785887952293225,4.377793707424458
4.618962163676693,4.62135556228089,4.490463996772481,4.7978760929055895
4.558814691235925,4.430466891803225,4.8014147769699695,4.24806680876628
4.00166102742418,4.427171030331988,4.69753692312515,3.88699086167325
4.550349678078521,4.3366773509820185,4.346153276283914,3.6698793255072935
4.734399517383231,4.290601391119684,4.853707342328134,3.9213332339394102
3.2367620547953986,3.2753891693291353,4.538492481331981,2.8034666272005055
5.1328114880078335,4.419477727715112,4.256949969870063,3.734286845897285
3.087944668826026,4.101392468658631,4.528484646241344,2.231721496289967
3.7876448025641207,4.902698711110598,3.993912979807207,4.750419303423765
4.405899173865478,4.928292877298625,4.946590672882885,4.762068488589793
4.587299996292596,4.4151680411857965,4.330300113143174,4.463981523622622
3.4086428312660173,4.526219227870616,4.528030582664034,3.8547078310436933
3.729047948203975,4.720523272401867,4.814878650280923,4.560356121663493
3.8229986169593486,4.344428141804814,4.781514940816988,3.666340882826859
4.303443725025982,4.481262856954642,4.364266591130966,4.350873047635419
4.836927129679337,4.498995811236168,4.850678200216526,4.558282525224891
5.545033979191637,5.262041251054682,4.4737046241590095,5.292114683494771
4.079208048209304,4.652104669397696,4.507329530369029,3.821847080438292
4.193590769682276,4.721416504786312,3.796270768261978,4.572538470578627
4.734729346563254,4.3947834996974136,4.88635582968138,3.6916966142917156
5.044959050241537,4.676806848251745,4.696563268723267,4.249799965784354
5.072239183380286,5.060886819262531,4.078836943032987,5.04613791456885
4.898980816848916,4.2493455611762,3.615709763699428,3.1829852617579775
5.229407174978026,4.673190895068629,4.61525025963658,4.024253874104098
5.3995063849168465,4.588408087732159,4.678666039709166,4.905446356732787
3.550873556774959,3.53074290711354,4.3192328284171495,3.1917054008998402
5.006144878374873,4.5509657231711,4.74132185868725,4.265925741330686
4.561762683856481,3.9602344416125295,4.425837333571775,3.3130243559015655
3.875760006933711,4.065779671887897,4.714898079929863,3.7342054312669077
5.060422850382738,4.616517524495314,4.738622567537575,3.897327937968582
4.4968717511095395,4.8599651389847836,4.315473596707689,5.185604891415825
5.548553031888169,4.765156830999191,4.273788966882654,4.18697556190913
3.6699101486341523,3.4149132192619422,4.616007145529049,2.7705286426710005
4.803982394811896,4.072446999609958,4.841975989682548,3.7630434720996453
4.101785631669419,3.9997152586835263,4.699024870765034,4.194616918451745
4.925849604227373,4.95635697995873,4.919817892087945,4.425370107774969
5.118578159436518,4.730636156963688,4.442975532021847,3.569197064148665
4.676695924069566,4.405314295094514,4.297580566666591,3.281838173351891
4.018573091263288,4.766479149249668,4.778793948787481,4.275420196648809
3.956262775284395,4.696047947365645,4.314931953247238,4.509325134664234
4.918479419941092,4.7179857116568975,4.901112245203695,4.469014190112416
4.468716256223897,3.5500675271916986,4.722075630599954,3.1844124519186465
4.389786483682977,4.269575880052796,4.654348086228395,3.559998035689546
5.205975761840213,4.791985525002125,5.141327081812532,4.797160570442168
4.560608384180213,3.847214398069118,4.688285688015495,3.82643218518545
4.895365633642861,4.521462296150616,4.797396896310464,4.305453359828797
5.014770349259064,4.629892539863433,4.259032725132746,4.638709144219113
4.253577064432238,4.596665310396306,4.144441190088895,3.848551650885953
4.706146890418065,4.571076735993313,4.661708064107959,4.2523364328051185
4.3323234290212165,5.291076618085634,4.136061508749883,5.207990899606901
5.1548226447479495,4.772851791104682,4.252801077927812,4.777968888123006
4.626630562230481,4.672524623087051,4.856945597835524,4.998627973512321
4.943470192863802,4.0543565400931305,4.6976237725257635,4.390899894105134
4.396733362920351,4.503064380009007,4.571241096934976,3.976302304988254
5.547891902753137,4.762991753227108,4.5836167361158315,4.673147281558745
4.771943656009984,4.717376056521211,4.626548019910645,4.424188544705577
5.1334707883117545,4.923397477486873,4.552258768185178,4.429795148191307
4.237576985665766,4.046206975224197,4.569800671760692,3.230899295439796
4.395546593295358,4.711148222914571,4.276315415072004,4.420518260011126
3.706778566539357,5.09999311881536,3.596702269330029,4.2521484417664315
4.617756510350834,4.158714702270929,5.203153852790222,3.4263627955744496
3.716847753984857,3.0030227354458168,4.68082447223874,2.929222768488923
4.826872048758429,4.435963699655979,4.96103105612413,4.385027528195558
5.085405502009623,4.851278527409652,4.538032243533133,4.110303934856647
4.968170691935054,4.795079736938232,4.876608481287783,4.719816499353592
4.447879424110673,4.746429107540603,4.524768456299927,4.140557621423723
4.045311645518122,4.764143263544079,4.609539447655713,4.855189678484583
4.364090234131006,5.3435467061608986,4.569214133199059,4.929222095197513
3.586478128109006,4.947797035332357,4.627631261853792,4.745595923722021
4.597618036480281,4.599584232897924,4.899200254837527,4.120660281938108
4.605293636021298,4.22545490966247,4.6265026286625694,3.3608158064260483
3.9943313610584346,4.392583602610602,4.284400607103109,2.9859041385408545
4.524447275471013,5.019306511803613,4.900913923771029,5.020620753804246
4.762384140137994,4.5169122084090265,4.648934336722266,4.1372054164939716
4.489058965939583,4.053202186421582,4.658736158508341,3.7149427592806283
4.9831642293156,3.9517711604335006,4.451354645073755,2.626393621301098
5.338422634395543,4.512136655137029,4.551295193265456,3.7130716858678894
4.880366573609285,4.721207224024821,4.357004402688581,2.8263401712655734
5.3419078889615985,4.792009797555121,4.863228609354677,4.777548172754072
5.792983905680695,5.042019859094424,4.426741471951812,4.8554604807938
5.432964112482521,5.4592534316530905,3.7731096832980042,4.728626917487037
5.245278823305603,5.227067003285805,3.9788518814443807,5.274380686857049
4.795372680710444,4.637539615912253,3.8187017469272977,3.9531233753684636
4.267882755026836,4.8215901985960965,3.9330870571007295,4.264961819409769
4.445022142979716,4.768865290200103,4.524998091957477,4.4281803496523375
5.099357094488699,5.078939003605789,4.200432607221829,4.776977222763871
4.991665464866242,4.933314199432685,4.650593885534152,4.151255816930781
4.150401545461029,4.050914220816504,4.378900526678918,3.8782519490895693
4.69593313167346,4.637728865524329,4.761647351437956,4.264288216723759
4.599753862936092,4.644172990000189,5.0707970990515125,3.929167434544622
4.090827252218299,3.9070622590566164,4.453790675714273,2.719356628200547
4.6750065861259635,4.469367279554455,4.935054542253377,4.660001207908102
4.657559783835491,4.0349292623461475,4.946929075990856,3.895564321930408
4.529513326594196,4.609996485927695,4.650854710219423,4.370864717444342
5.294049095183516,4.903189806588521,4.822071259267034,4.6553275784444965
5.289087315143878,4.963174820628378,4.251789923372059,4.475831553062868
3.4139952062370877,3.785296701246922,4.627615209140866,2.7265033026051806
5.394072976388998,4.225802885525912,5.0280444990449755,4.398053695664883
5.67747605111159,4.815041512093367,4.816005499647461,4.812730249200844
5.414892858318835,4.68744837081986,5.34316806592007,4.696155883433846
4.197689803317331,4.301751288386614,4.190201306310923,3.5973279429413187
3.728826945525195,4.282243959715696,4.712572607053206,3.3753723994145974
4.670135224965392,4.566093289616323,4.549810618408924,3.385216194802197
5.512865639300389,5.021354667649709,4.596998228901301,5.041298718358064
3.944537329820538,4.476137555242131,4.437445229714775,3.764131346582569
5.036140261166398,4.743872099380574,4.816800205713207,4.204543267503633
5.572063145637534,4.652401497049738,4.870836707052428,4.99671487099236
4.3867423647639265,4.0479919997638945,4.111297589262618,4.0290761668382045
4.715387971840637,4.423967721901942,4.2453141736505975,4.0584655857370535
4.680175760395084,4.0468214762283585,4.70437872073331,3.399156541739172
4.044233495124124,3.933509156559297,4.94984540761771,3.219446537640646
4.883317457493177,5.123427137218863,4.204297775565678,4.559047252712905
5.472224069914283,4.822079592411246,4.655255731308821,4.471791029746223
5.407486430665448,4.110265913502948,4.85311651723897,3.191001842914461
3.749956268522039,3.9403788584990287,3.630751053090716,3.7892216678167743
4.7719402259017745,4.883522568040583,4.847293614103745,5.158444153200608
4.636484754606787,4.7369585419135705,4.200820044495724,4.311018825553594
5.23944199029324,4.731406456152991,3.742575091050618,4.768489936058105
4.879265939874531,3.960713919446082,4.217506463138754,2.862619549299808
4.587240091187911,4.144470372119527,4.82875083994995,3.4498573027819184
5.145952194886543,4.807300390647375,4.540996789636569,4.949233123316412
4.8282295838083,4.648513089120179,4.643631782271782,4.378090386238165
3.480964752508611,4.489220745077569,4.465272447843711,3.7326754969341276
3.5059970450165716,3.4280423727409186,4.421601989020721,2.43738926810156
5.257909728083208,4.926163503706757,4.717675437130766,4.3989884467949185
4.827724466629226,4.644085217338825,5.190918800070453,4.936041319636351
5.30549000793981,4.709259673599743,4.706291340400933,4.673513606770673
5.543435421749781,5.152811292840341,5.052184267127032,5.185680780061817
4.2666225989966255,5.0871056054001516,4.43449991873714,4.572545305038894
4.2472925276529025,4.5701562973331695,4.467636198942254,3.9920508734723703
4.444016550430352,4.805035390197546,4.590978250086041,4.78701597602489
5.580030522422852,5.0370279251747005,3.996024291926461,4.777097330790219
4.57040793853922,4.058275237957562,4.595333264745125,3.238821932164879
4.900618560650412,5.13758165809748,4.086740758617303,4.417408220957877
3.963506436053776,4.406778122851708,4.157933588600382,3.7914082195257146
4.548166811129379,4.689286109700018,4.3198526810853055,4.498534758022169
5.054865901651392,4.949108231423743,4.016442150592986,4.63696900785033
4.601324899103421,5.180428804214912,4.450703391380069,5.374094295464683
4.9020456682138915,4.522149617501389,4.437394606254802,4.533297571236217
5.624574648138228,4.882551057722314,4.303532510902455,4.602238301109789
4.9823773328337335,5.020563384634966,4.082007251791922,4.347897060958972
5.004880298260148,4.7135750446757125,4.8056834585255865,4.872657378672532
5.73423449979854,5.072846429151927,3.9798943918358134,4.757418568824804
5.468153411228467,4.708877665419761,4.572397436319695,4.665908984708114
4.429282163909144,4.004900746934723,4.581362022653116,3.7292687189354456
5.530696060927082,5.0233865909060995,4.381229640224944,4.430234785557709
4.95686798361735,4.056994147751578,4.223414780400366,3.3508537454468996
5.506179601564412,4.897153587138287,4.570117440094167,4.9110315367374975
4.330539092504274,4.939420627015883,5.213717239156911,4.759848261500968
3.367333205513064,4.390177058018726,4.829813094162954,3.9675400424032694
4.643033561445592,4.772375577624106,4.980470667308501,4.687020720528435
4.793368141950088,4.490905989468992,5.395572183426827,4.819972114050407
5.147490358155101,5.187978809778033,4.574708625200739,4.781548001711477
5.155012727221362,4.314410217843203,5.117605773155706,3.8488951151516733
4.244401285611596,3.991972025251277,4.475685840306225,3.663948385990831
5.57736912047162,4.461272091929861,4.120895026844864,3.955439624386037
4.677445088411154,4.42280378054203,4.367255428318179,4.030208869248061
4.770717657840886,4.758210793848931,5.355671639601005,4.318151314286129
4.691719448092812,4.669835287224255,4.200265467570476,4.495982540609769
5.05655519908329,4.729424457604694,4.390320123052572,4.626488788730172
5.328615249819394,4.579463111908346,5.285439049564556,3.8200616950443913
4.696925118137881,4.311733984596838,4.882581533587731,4.193526530833622
4.5868799031984695,4.494383070132974,4.364331284930642,4.663771116734218
5.638477541539938,5.14402015282182,4.384936310558574,5.1107381192184524
5.127939248509233,4.218174869679572,4.956624087735211,4.371250478840946
5.0908589532273405,5.081795911110071,4.421348830771274,4.465830309208547
5.564708865934405,4.776348244088111,3.9251473420053644,4.607349677567421
5.2770914133506786,4.776484532836927,5.592746340135919,4.723965215469307
4.827790458514601,4.390207509929683,4.353207432788859,4.2192508499151735
5.410842480552603,4.687062492936755,5.4234935372465,4.725993561320119
4.138650180361436,4.254888038132011,4.706716655829515,3.6818672024915253
4.949385141483021,4.9306662144361635,4.235660631719225,4.499062387043513
4.44774675468253,4.68694619104595,4.591915755072288,4.586511046607446
4.342575667864888,4.047716541102891,4.833072845295947,3.4494161989742764
4.577804891425203,4.632156513122207,4.331203667005089,4.692168674397112
5.303547279827639,4.863197795885629,4.966170695654988,4.79157577746567
5.468399999139421,4.6532168258611435,4.047587517782151,4.580806916931735
4.717648221569221,4.326951934578674,4.592599499729436,3.891864878824721
5.106278839855566,4.543937819916396,4.3624809393350885,4.734308588724096
5.0130835404167255,5.0400920316993485,4.563975062950399,4.5235022088282895
5.046607682730058,4.389899287168271,4.354973966985145,4.36932749941507
4.702190099772117,5.334264162172537,3.9349224048947873,5.05075897045869
4.294159850109403,3.9219034808504496,4.699151571105651,3.659648564222587
4.004375940881364,4.1414238617749275,4.3195446880242585,3.702720496644253
5.004168208994932,4.518111330029855,4.3884294944655124,3.6031616071653603
4.059446568412141,4.706346296937297,4.222534048201709,4.37212606330281
4.655392213765029,4.441130095388728,4.205765397453285,3.567346934440034
4.313982068776328,4.576489060062406,4.452485448176505,4.1078734346012755
5.641841196972453,5.050375780840699,4.993784794785936,4.891635570000407
5.030237157934651,4.071799572868554,4.180438626388358,3.3288932381660588
4.908229431101745,4.696077705683237,4.713068308911126,4.357757183472228
5.332863988569602,5.037355525458807,4.036395756120961,4.7525522574310415
4.49565209378691,4.343751072827066,4.899908428840339,4.08602458960753
4.666075547749846,4.386668782452109,4.2263274110671345,3.7167527532773494
5.167303919940618,4.13488698839321,4.493257705962635,4.056343105157142
5.334882796325284,4.682668774913886,4.106110913704017,4.2395909614195055
4.346232828280969,4.635451890472754,4.186385283853009,3.6494464972266503
5.112732224855587,4.540712392226718,4.745285622706547,4.417008462399513
4.884933288392558,4.678259315768733,4.2986832438386235,4.26147675859871
3.8697824480741345,4.385087829096504,4.47058905207203,3.7929058801805082
4.665000442959535,4.218356580259381,4.986391957666922,3.775178288895731
4.903022032746288,4.762574802431522,4.682472116033182,4.688920775444343
4.03047874776385,4.627094321449383,4.159588667770407,3.552764902451608
5.058530718944532,5.152590917289083,4.649862417747471,5.167278957548813
3.97842935853839,4.04496885272007,4.075100922530993,2.915894670582438
4.661695448753058,4.430616141127228,5.003571496472823,3.92124023791638
4.611267543150692,4.818736233415207,4.288742999593115,4.528533561917601
5.552579490619929,4.563456108270813,4.532558937788901,4.144794335358696
4.81015155909104,4.77089695679962,4.574830238472613,4.403803553425442
3.9170409496208003,4.830081728775654,4.8017452053335825,4.487933349019267
3.421328771831094,4.494191306272807,4.186164619757463,4.153014149648393
5.087667764254229,5.124033986299221,4.522584260587222,5.176127800786844
4.34877085831945,4.064528981076621,4.444031454659202,3.652186608927157
4.3388795565617535,4.560905527834416,4.431275220337665,4.010673425967074
4.664641101796238,4.574856454745097,4.671894516588452,4.611887089366509
5.1753707741826265,4.469429412924376,4.9210846879851875,4.376850018283249
5.285899774338054,4.545846354162841,4.457280264079801,4.437699691825752
4.093377694097965,3.9742162557484395,3.925358593879816,2.7424732521395163
5.376187882811227,4.582169490062959,4.6610905254670865,4.723637028176011
5.347235327769419,4.823459558025651,3.730527658501832,4.727283153259889
5.161697350607942,5.064061933187796,4.637763359800233,4.856732560431133
4.765581249740391,4.8493901561442145,4.225977361034841,4.656620223955858
5.321482060468207,5.362810836421034,4.411768970183173,4.8580521663758365
5.807735034068101,4.866087958777191,4.3967946639275395,4.211585198379177
5.3079091712127235,5.090482312718815,4.489455799588392,4.775783705794343
3.4915996442741837,4.880128830171528,3.848887038417678,3.79476063931805
4.783049966220392,4.957844524421876,4.470539996305614,4.701829930457595
4.1336807664135895,4.103951241666903,4.479331867677622,2.961981419412128
5.053606399706309,4.443594782249497,5.139903252659491,4.52732951600037
4.337466120591531,4.050610130996603,4.685268240610701,4.1825167196852835
3.4114006347165047,4.346403561824495,4.7287403154315175,3.8465248431878742
3.6478818503055814,3.513864816685311,4.4114629609690805,2.7565978352387335
4.705986135207664,4.513741552849258,4.665117107611701,4.355452611429198
3.6374801780160335,3.8913067441756586,4.53268887947634,3.627234191567471
5.003923341876673,4.411509196474376,4.975825279024894,4.022180043943278
5.608611800660791,5.200713302865432,4.397238109521928,4.994613455384292
4.319295705057767,4.542589511987624,3.7178914288011855,3.3731250841635068
5.0212269004502605,4.262698650032966,4.228645445745788,3.7152915826678967
5.480077505366129,4.494593579622173,4.4978979281795635,4.23120514834694
5.451327936487347,5.104031215792424,4.204862788055487,4.1485487378987935
4.5177159863333625,3.696178064459575,4.40934194219228,3.663497674188868
4.053505846351658,3.8058187625416786,4.428125445208896,2.8928515732150704
4.715453470629487,4.68104867979029,5.153311584921087,4.011623288090405
5.477642577240875,5.371136103241178,4.332368475417151,5.342075928283264
4.012874960204018,4.541511396990036,4.053235255738322,4.300235488269014
5.476126935336124,4.865875747290055,4.048056501613234,4.909021986736193
5.07315288703665,4.87609265739665,4.6977344839041315,4.541583304576352
4.602093777248897,4.591834960313893,4.825855238856817,3.9856808123271037
4.227520369544066,4.4734088879853475,4.585609957351609,4.159868697469678
4.332593089778427,4.560442422644969,4.932653459759205,4.4933635523995
5.465294061149717,4.953296328331503,4.185975434978629,4.81299651985049
5.264104649060761,5.007056797887062,4.107053106376251,4.691340833230929
4.516091173011295,4.631329901471033,5.111638853092048,5.10171644993652
4.755942926287207,5.274331213467063,3.9344048145816175,5.077144357475266
5.05745957998915,4.738256863667356,3.9915454350688995,4.221149813874398
5.013432261900938,4.76496945910885,4.079096962200286,4.262679941159174
4.069084567724519,4.74103510112873,4.121059784899982,4.63899531444843
5.253441510303995,4.853232511254535,4.92893624218479,4.385675909504957
5.131482775258674,4.230003158261077,4.63475981986508,4.199970114062937
4.528589204439299,4.590513696138261,4.041161555271123,3.7172443730340943
5.245910230779489,5.182915136398717,4.080299847588014,5.121562125776373
4.5222462121420595,5.027638706238222,4.12840919626167,4.535069593027418
4.9281976015593765,5.139413906081531,4.311332090837646,4.337087099426487
4.86798283616017,4.834360589999456,4.5920474129091176,5.030251572444245
4.563816769399626,3.959624662052179,4.31409657995536,3.4750262330248427
3.487071078684678,3.89161646445786,4.331050045007978,3.0770302873172377
4.1179008444405865,4.670587133752373,4.7779704763904975,4.18572347799588
3.688074724616802,4.489482030133841,4.813900898876366,4.958832921564544
3.939727071667253,4.536417824622332,4.54075234833516,4.393450200203988
5.293004754519794,4.943853688903347,4.629304215559958,4.82657812005784
3.8666641919798486,4.181040704455662,4.801123041535304,3.732858695709423
5.222983969885058,4.967538369155629,4.719188990538793,4.857688054448968
4.869509568476871,4.974492808054693,4.5909077557675975,4.908239835629534
5.534793538612739,4.692635734179905,4.826917108012204,4.646961575932123
5.597696936002462,5.008498886835929,4.740809750583887,5.457697285041138
3.466970013027237,4.233821369308797,4.6449173120472445,3.589091353254414
3.9924493394436755,4.611583724746345,4.277888997544839,4.279864691771611
4.259246659909136,4.214915859888247,3.949454227779364,3.5245896690853016
3.930169609577351,4.898940849836269,4.688589614450577,4.87762610909598
4.7494148360848385,4.71230003093536,4.1548559639957565,4.027045754149852
5.441311878845607,4.84312376540858,4.826932467854905,4.9536566004391345
4.468637180065284,4.54081440860251,4.528243781845709,4.087318576475841
5.274960940217942,4.998631477363186,4.755512658528947,4.754546579880332
4.34119613155719,4.3013952607175385,4.38797716965818,4.137425399544163
6.005142851120211,5.043258126371727,4.150190529316157,4.511716820779007
5.829132582893352,5.194903482852037,4.768835042472425,4.9134123756777734
4.888853095376432,4.642056143774058,4.685425898678004,4.5766228384584755
4.177738576157115,3.724347705314281,4.535059314000658,2.905524474318121
3.7928156769081287,4.324801897345571,4.4736533176098074,4.096288509257463
5.104100720284984,4.351902619228551,4.882452507108292,4.2613990736386045
4.1566480586563515,4.084153821723815,4.081762642336515,4.233081202082026
4.307799255567104,4.077767832323,4.652650779657633,3.635420522239423
3.5854688770986534,3.81875256369981,4.67806102649698,2.848376909020728
5.242217208702649,4.919346491283968,5.4911754648669735,5.20210007165273
4.9146466881409765,4.839755364090855,4.566274817436343,4.414707246915457
4.779724223663995,4.182633410968184,4.9389098358929875,3.9275469749932914
4.7184198577344505,4.5308149581548545,4.782306643109668,4.2179648924345505
4.76999247101585,4.010883913588853,4.904897402561209,3.704874018312199
5.18934468324859,4.947921697555437,4.734810557371824,4.673416719656449
4.72792109924546,4.797088402248653,5.058283760042036,4.531009057760729
4.379974168859519,3.6543911006163463,3.866623359870045,2.603444039887413
4.760405422967859,4.182693064840502,4.651137617790232,4.122546043898195
4.2704647873002415,4.348607985927337,4.692285420493163,3.838982606598142
4.220585663005992,4.096031192632075,4.379699875589396,3.6371775005117772
4.046291444335196,4.065363076117116,4.824898998432711,3.4226562208900004
4.403434324388475,4.552297809269006,4.377931539681892,4.241486071704952
3.364716219781656,4.146750984716094,4.279848554407677,3.776549449362216
5.538992430379453,5.051734225833001,3.956614515238709,5.015631732152288
4.247906334961962,4.147733429130765,5.0205982376603675,3.8270780521558434
5.06664431284754,5.042848949123133,4.069886176379005,4.9272432475680885
4.462272130922762,4.574061274589408,5.244031494413541,4.851497618517857
4.521058176847617,4.529988070103784,4.640488646576615,4.095774812274845
4.94346179143173,4.157409165702959,4.797288345190136,3.7412288211892575
4.616180771771228,4.9584420303702625,4.505758690002728,4.587677009301255
5.014422103298424,4.733068377588149,4.494451974572792,4.437705605134699
4.607878072987908,4.787184387977131,4.749420581939011,4.8859471014891716
4.966955732366636,4.51393469355092,5.251314854419307,4.153642610120996
5.015195004190588,4.097079035481866,4.206764514101055,2.6153351452144293
3.79315286094146,4.217666091508755,3.7163230570116466,3.4480934075774616
4.039685476529474,4.236429115474478,4.55882517366047,3.4555705033780795
5.037872467141945,4.21000095445095,4.904675988563073,4.591478091624822
5.6553865381721735,4.761851299941006,4.490301070801583,4.224453992130383
5.11271309008674,5.184934003847597,4.661819527243203,4.782292377652957
4.631152238933256,3.9148156670677903,5.009796875495324,3.7241230865859416
4.608341412956654,4.680642782374809,4.356712293588007,4.27064536797762
6.0164737261605215,4.873989807761164,5.312967566120121,4.919299040997857
4.897628729489528,4.782316889140536,4.542217392484314,4.634430599464094
4.852722825578493,4.152440273629069,4.921209870346484,3.7108692145083695
4.990356233487404,4.687966436433937,4.385692235168877,4.335698593314628
4.9411707078461,4.35202159230201,4.815208882947101,3.7912304569698767
4.2520195895170465,4.16837398249802,5.153697407029055,4.014213168421275
4.802867894738118,4.0217092598037505,4.146504952906248,2.7312338555241245
4.922331193154754,4.8232134155190955,3.953549458692049,4.329598014490651
4.657123726075745,5.011081053022493,4.504529086812266,4.49335261195533
5.032333246989084,4.43253252713105,5.304212570879911,4.126956290540648
5.128116004739953,4.942619512690828,4.258235647369101,4.548453041802828
4.8753037544841815,4.279737433626347,4.942258224221624,4.7064507105657825
4.488791636567095,4.97859622090192,4.761013224592142,4.964715937340356
4.48072963798749,3.9332571760482096,4.4819460239917,3.853801658451117
4.303013111111313,4.2759464661118765,4.7750522866930725,4.197129510043311
3.983776745004586,5.003377964685203,4.620723236811166,4.290163206142478
5.503288127626536,4.83000599085123,4.693360302726519,4.236224426797396
4.8138406669226965,4.728537648855342,4.68398952235788,4.638890468950646
4.746140916259221,4.328037960562724,4.700636123559737,3.6435545691090048
5.687137454746177,4.991181491620032,4.0891509654256915,4.626916305188728
4.653557887055528,4.59935628232915,4.806059606148937,4.619400763973763
3.859942096164494,4.182087662856831,4.7332893218559775,3.7466028204942003
4.740371532905164,4.354893733703451,5.088702727353444,4.243257406237858
4.062777515208008,4.1932713376376025,4.798285313246763,4.050390984709846
4.142831458474071,4.3168767014091936,5.079829452811747,4.2036226414546745
4.963034706938253,4.380223945215088,4.727535146817232,3.895842865435807
4.753140326927304,4.013319405434499,4.777438860679535,4.0022857427097005
3.194837031968054,3.578774411279835,4.671974363234349,3.4388747193545384
5.0012082372856055,4.407148939426886,5.2203283512116165,4.315516270635351
4.0988157868549235,3.962621611262911,4.737494586022078,3.9119352953871953
5.034486535270828,4.471852695662681,5.173668590043426,4.289276212689629
4.387681787899819,4.360537633766982,4.3888273607515655,3.991578683841204
3.77597626125581,3.297615803682339,4.62840405257242,3.055844552191827
4.783400711620897,4.736588716507927,4.632821869518083,4.669414426713104
4.542235336013998,4.434895452966929,4.870664542885649,4.359589642907461
5.304041409632119,4.531403531326698,5.273018513898004,4.619484485496264
4.404616055051057,4.014119906679186,4.750448593105953,4.220341079039285
5.550942895692862,5.054097830291455,4.1564115424832995,5.218592558540026
4.343475708011035,4.230857769824847,4.9818168319760385,4.2461850121501605
5.64425658470209,4.75838798717532,4.277286453679491,4.473729106847526
4.765129079801546,4.2408932295333015,4.857855227222415,4.015293352481566
5.41817903510111,4.937510965775498,5.428017760442408,4.914632411157125
5.454098703351062,5.020570658964213,5.0841466514707125,4.8472640815061725
4.181715921812332,4.707502899926815,4.209384160816591,4.1059680415423
4.469029706604221,4.665498394992381,4.653440796437716,4.385375262949169
4.378952884184414,4.3474838907834705,4.645929274238534,4.187415620021257
4.383531869751659,4.0767355427984056,4.635207959106881,3.956151543735369
5.435565059270359,5.199507205490723,5.044660801707984,5.393284015487725
4.573799808569633,4.675486997893587,5.194233126100215,4.564296843603301
5.151158841768852,5.287267498732295,4.041525451307327,5.204255725391585
5.175462616230089,5.0336070968477316,4.256119708256944,4.819916837539483
5.679532010684526,5.386597463309577,5.228255755239637,4.90983059968678
4.656979537547318,4.294493379965127,4.817486361448786,4.279888039914887
5.653707431299586,4.793821252221497,4.440958736344515,4.150533797406866
4.460463471814683,4.46376758925048,4.436129828966968,4.102299047591212
5.359836274120698,4.941472124146906,4.645933800159365,4.358918699448354
4.932754182795885,4.533188437427057,3.8190545608425728,4.200952988387974
5.294634843578922,4.734400111776119,4.958510588958658,4.986244412525337
4.835204279533834,4.898384115636205,4.674036372373684,4.728753068347379
4.90113643832757,4.256352391509245,4.7143520550929185,4.09206595702906
5.083059207993156,4.45658987086889,4.696187318978489,3.9772237634283316
4.846343218980113,4.637810633338739,4.772193562975114,3.8118662672489374
5.228277409896598,5.191744353326186,4.119001384064203,5.247936501174465
4.061806711271281,4.825431631780904,4.188959291359848,4.998116287558824
3.7533121881999763,3.9149645631404066,5.076735637666584,3.712487875760892
4.7784052535664765,4.654325098209575,4.606543750280035,4.699232757214527
5.446129034134792,5.262325750482479,3.9335062228455215,5.291359430330723
4.96453828490832,5.207347022463438,4.538409891656753,5.318774108573093
5.025469029901645,4.738041859953718,5.420200909841516,4.7471895884153
5.033309414727366,5.167830799372339,4.001679867417828,4.773112780945804
5.414356187865695,4.888043323243476,4.667467505440107,4.913274160401047
4.923962566082114,4.144979188083368,4.735398574625003,3.9847402735415094
5.0499467648408904,5.392247419339458,4.815706073121537,5.006288944026643
4.594978755424633,4.826399556207333,5.303779365748603,4.646008904767726
4.824529108248276,4.827664038720597,4.802004303802676,4.344697812779067
3.7082584954331086,3.727330610871824,4.543172714530672,3.0471275209778756
5.455837629922332,4.843459334226801,4.297961251982443,4.44447580328231
4.497283550230117,4.705973488200295,4.453496267306678,4.898205551171465
4.949147357132372,4.81535545988639,3.8988190677157113,4.445632436439962
5.116066807856986,4.75901737185202,4.116484784082836,3.583992593876743
4.635487306813261,5.130332788731832,3.4439005106213223,4.19554112035124
4.712752565387104,4.441849446122302,4.754145425794518,4.341013509995051
4.815352446517103,5.3845229375134105,4.18068669539919,4.979093877376926
4.647891118859678,4.810194833765515,4.4853492062295786,4.47645790236198
5.352714153828942,4.226558338016233,5.157342138276987,3.841722973822652
4.749369733816202,4.822655294665512,4.437021822549843,4.786466929987515
4.566022298372915,5.052895179714692,3.862880216597501,4.416273747109523
4.19948507170205,4.052545761600051,4.497133010514445,3.6037228482960306
4.904941715245245,5.119865875886426,3.5554226822856565,4.593549910252386
4.868326465214189,4.365537325113137,4.266785395777261,4.595232334959503
4.839997923032789,4.7404990354994805,3.787509728154538,4.003342218308913
5.082742582029248,4.426296632118386,4.514632540287111,4.809040989158155
4.704443898941995,4.615978326045917,4.337581756693072,4.008144203969835
4.18334700838524,4.5900658876759355,5.2006391613706935,4.368592695192551
4.596643538033406,4.546227442530152,4.533687118336263,4.624315514694566
4.614404146295794,4.7439949593464,4.400665913819813,4.352997917500406
4.768606007074252,4.741593928900769,4.271790876404042,4.652216431968473
4.8620071293052325,4.585267336792376,4.568031381709503,4.129280107228018
4.307140119405642,4.980915713273535,4.816946166790689,5.110848401571787
5.600706481628656,4.4827200329270065,4.80492252056126,4.228133691350759
4.961132760131491,4.353419776042584,4.252900565030356,4.160340045984849
4.184972847773426,4.498040106100173,4.460995084716016,3.9693913299847803
4.879558208161617,4.725987265538474,4.0578623345104585,4.366820907127979
5.399160003594158,4.989700526329323,4.897208137136606,5.085229418729848
4.4251372045951785,3.9866962383689346,5.21759599656599,3.858078821702956
4.077527267936567,4.296433827577653,4.950480328523995,4.284653174955379
3.436752832159078,4.597732035625102,4.26201809329095,4.023324693971843
5.062497827995046,4.285089780106097,4.675904091719588,4.3238590467959925
4.721713665848763,4.775400914314558,4.730818000275466,4.731591032588513
4.861667812462648,4.297807489351669,4.986289505938967,4.252447970581954
5.179590178548752,4.09454891055967,4.389335287796707,3.7953475862615105
4.923898643050747,4.651002646206013,5.179971192260837,4.382711770936222
5.248905664369016,4.909075945951073,4.533895317458706,4.764031197318209
3.9968757442748712,4.267176351078911,4.460887957975378,3.559900355360759
4.419287873633104,3.833713665845432,4.688853058828909,3.585952478515627
4.617983928512914,4.7732013104621025,4.484438633621332,4.664187696532982
5.089802332938251,4.5354587256897245,5.186443224950555,3.912309075155621
5.207401582406628,4.643018690424667,4.573136351275423,4.234156724201634
3.5319554861135525,4.573302685745835,4.147868934844674,3.2068766105766295
4.561011844052067,4.579769927041498,4.656320548559384,4.425035785391235
4.214745880059663,4.433985098399256,4.465952066390063,3.8307636609615465
4.090730273380809,4.142187806368083,4.47858830682228,2.9840767614411607
5.098239558082706,4.903688953599979,4.6373874317542665,4.61536022889344
4.367429285566201,4.162001123524532,4.770770212092027,3.514574891142921
5.024088160753523,4.680690624970772,4.2640935249671745,4.1270766768198035
4.591353824367675,4.936093903614994,4.4569550652722185,5.068215892331799
3.7676869040926753,3.874428046322385,4.708006604830461,3.4079441511876616
5.25079983274887,4.510526622077523,4.829742174320042,4.137104858757052
4.794281474943327,4.279959445794965,4.204261370200448,3.4235882594351885
4.047253984034345,4.315505173196243,4.429868951330453,3.3154930200875334
5.474204746971829,5.096487237306289,3.9294072317533386,4.295478836203148
5.563003185930938,4.844589095728307,5.256587902673011,5.2147855595947075
4.876191780246417,4.573409306232929,4.25247481295998,4.3757048671120105
4.05122050031246,4.682127987395409,4.433541280425365,4.463843767428648
3.8527933826186973,4.1755256537117384,4.944992611991785,3.931773919879828
5.418714031742755,5.468733386738907,4.643376438896479,5.457930521643809
4.307541480430196,4.335823396083733,4.170157318970083,3.98373610906369
3.5013129777547136,4.26897472710721,4.448821725474046,3.5681727890261583
4.3887542037766325,4.035236189791986,4.670931570006362,3.863121306146747
4.654806417086895,4.071160143941947,4.374194532613469,3.0294749085820936
4.571432242781723,4.324669371790538,4.099008185590884,2.977758224058344
4.672771595563147,4.257163075964821,4.3742134832195605,4.145665570786312
5.350770780887677,4.697521665450556,4.860696384749459,5.009713555480812
4.625200455342525,4.935407794761797,4.514818081744328,4.395578148219015
4.354292669023253,4.7909154304951524,4.5380422355147445,4.618544480115597
4.001160156095098,4.509386884065021,4.891908736071106,3.761869721067515
4.725650583943717,4.087335495077247,4.779992941738666,3.9655522231888405
5.090706974280642,5.002052163146634,4.488110769851428,5.023210849084784
4.900308860157109,4.553252516234862,4.671615852156242,4.389901134753626
4.352622341716913,4.012439220659739,4.928599962740616,4.090851114410589
4.051930897712648,5.4506356635391064,4.633649083463309,4.611862285893832
5.0040933030293635,4.136331596693441,4.794004077444659,3.8439406696592284
4.436020531169568,4.51034377719489,5.07121828730541,4.404505362554851
4.353517130598413,4.308551250767499,4.945351745612904,3.825674888618486
3.5667037181161603,4.557625389546802,3.987108668152559,3.505945454285756
4.430938076409201,4.589940264514343,4.570662994719791,4.375066269438846
4.451445551232723,4.843532508434238,3.950336693748686,4.548567955673945
4.492145188430098,4.498435008273564,4.8300728802449315,4.2306640000435864
4.892690736126541,4.70378859464317,4.478653576097275,4.873599394748949
5.3223888022472545,4.828261322407336,4.404796741340885,4.1389937323519295
4.615859003546389,4.556374345216595,5.134713635771867,4.639675442485408
4.479961885348618,4.265583484343661,5.056267063107162,4.285667667310777
4.923365924405265,4.588446744802843,4.436381161966403,4.081889845987763
3.822155256554285,4.629975916617402,4.696112976522685,4.068519152469876
3.9335418646862617,3.995308499899353,4.8057346868536825,3.571077804651198
5.423578350500684,5.319838882939344,4.672078684786276,5.299131105036487
4.6780412768912845,4.376898745423109,4.7060166771117995,3.843079791484257
4.406344586299486,4.72615442715878,4.5730852174849606,3.924350522610872
5.2648756105337515,4.933059466356843,4.679128791612506,4.720370790786499
5.386651430954292,5.267171337214111,3.646167453899235,5.139834729882312
3.711967941858859,4.782852817341835,4.431750006025328,3.928502159655945
4.3175606631154855,4.727361934353448,4.590423415135078,4.489347064249355
4.237687719122417,4.026417496633224,4.0699561577500605,3.308758159470205
4.9526938356963255,4.457553901573789,4.250027086131485,3.747238494281678
5.070970349054965,4.551945122060078,4.72191772262319,4.450996942044151
4.898899938537228,3.921906858780855,4.331095196642699,3.7012137513949814
5.26501107091472,4.633597037018156,5.567786754726911,4.280740516784438
5.281974978661655,4.4353372241309135,4.174713950926123,4.1544851224961485
5.0383262056261735,4.765898796185184,4.707174170368653,4.536337161206605
5.125479269953423,4.488380287375253,4.834209003348747,4.483549799314166
4.963646483734135,4.83773075341019,4.295014040279742,4.451192992239347
4.935500460026114,4.226902023354303,5.059963899369377,4.238409280550084
5.324000669271525,5.251314192549261,4.722108031462467,4.844935663928536
5.047337754725155,4.918313268003187,4.4645549790164525,4.4778755581501875
4.466729772270682,4.57211596437115,4.9504874543466615,4.414852398488219
3.6341356911387654,5.0087300815415885,4.619160298228533,4.089976161679494
4.8553281243404856,4.58317107067571,4.301738068623124,4.084486327938617
5.71571217919811,5.020085507219038,5.000618110330018,5.152013868365286
4.769974043170158,5.3266911001631465,4.150076683192265,4.771115885167379
5.258493221960907,4.716297612069693,4.7385052736157744,4.990803743847392
3.6304233927161262,4.081924800578086,4.720736517683578,3.9128173548380896
4.151707326917559,4.242976707078594,4.401541184358125,3.7908757115981158
4.945682982018265,4.443831465538037,4.499821291270204,3.66132181897412
4.707600878267892,4.023805479498079,4.479685770683318,2.945696677981252
4.538579512539265,4.054109316308984,4.837490668723234,3.80956227901123
4.32029123845467,4.154217821451057,4.674775553767723,3.8952710993851807
4.6524837941932935,3.8648756581183124,4.190326846654405,3.1615002258939144
4.34233683532749,4.446216908931114,5.131174313317151,4.312461640086165
4.550318356891669,4.8854742003508305,4.489665548413609,4.450295161047716
5.146784667468173,4.648873820353001,4.4920326829706,4.313640768369885
5.221387801860632,4.681596791763379,4.746295431670246,4.495154761270071
4.413339778326795,4.524634659760772,4.663732412333198,3.802269846763544
3.7843875359133237,3.3422738557947613,5.036707307036648,2.724359196381234
5.17799375140791,4.908335604130752,4.221572102670125,4.769326148788022
5.3128758767506605,4.926379224915658,4.367876770780833,4.989022303995391
5.118548284321634,4.284619675051769,4.438473698350237,4.1201091812137145
5.173220385180097,5.127009689843998,4.947669337642816,4.97042701025132
4.7597013872435,5.181902673315872,3.6779714455122887,5.368990651068145
4.72025651455013,4.452334496371884,4.676695192371776,4.031021637254119
5.090049811314001,4.980252715208518,4.459054808225892,4.460734287810021
4.8927335916123065,4.773063654751286,4.208179239808318,4.336180776163226
5.140431057809444,4.617488276122391,5.059622991307219,4.620830433968102
3.9026472462307407,4.861333050658322,4.1266819791916864,4.2652474330191925
4.574274994166216,4.180418778069182,4.274628629312996,3.6908495967840533
5.2780686149040354,4.809991120029986,4.462053257348659,4.470929562534888
5.250404521463613,5.005186162221735,5.0462610730079325,4.909027807959144
4.908690900424043,4.296556152262614,4.278511006245152,3.44727082849905
3.8668949275308186,3.922939659774141,4.4290259464094275,3.3360120964442235
4.423812859012424,4.964656177898351,4.719932869244526,4.1313417321687265
4.747585875409312,4.867746830949237,4.435560132731615,4.597615188213468
4.508693518929982,5.405380213065473,4.284820771560615,5.225033578472461
4.1339613361982925,4.765281964253606,4.786537762234811,3.5246760619079476
4.574297627892787,4.441693186701981,4.818920467552797,4.586766732702084
5.056134013709936,4.016739025874285,5.078423254514625,3.486780566420496
5.014913545508069,4.5102155808665065,4.609446301748454,4.277034105052199
4.952293813640502,4.578424087916974,4.307801424781015,4.198936591320423
3.075524904707832,4.183556960662955,4.710536026900054,4.113463984462597
5.354779460114444,5.154289697674582,4.331656933588125,4.997926087422929
5.216589136163637,5.432928774599204,4.125278912287633,4.607449115285454
5.269340810331866,4.882045107820471,5.00398143192558,4.758271974746276
4.5948014408552735,4.407023711761312,4.900518816838832,3.900271564762968
4.912270288150518,5.168810172820529,4.625376855082111,5.150473054181187
5.552601484662077,5.179066640229769,4.550365655204648,5.294074684363914
4.776909536725452,4.860196271115668,4.306432525261356,4.684018458708667
5.123517093803143,5.2272791366819265,4.376288224758892,5.26402623183836
5.183612470925933,4.465970401088256,4.476005539331049,4.6494568884263785
4.968559169060447,4.758498432995014,4.393756426016834,4.518104789744432
4.162865329577771,3.698507190156154,4.708171161422688,3.641956871832916
4.112691463285589,4.595988738740621,4.383535770403463,4.436067859960569
4.71533964167458,4.688106184105435,5.211604271308666,4.782394241640319
4.272233641982463,4.845245162290849,4.934084035018646,4.614091436457769
4.5025183849821735,4.084355569544278,5.116087144409184,4.072308494058487
5.484734214271862,4.697556707803637,4.163877461425651,4.640676024615636
5.200537566149194,5.55026019169161,4.283334106856213,4.979331739166516
5.3466844035714525,3.981687711167298,5.0363795505623825,4.026272195352538
4.779277731339072,4.598239145700007,4.789461481270625,4.263822390969407
5.116068182996254,4.313978963929679,4.973064145788491,3.6829637430926643
5.119551210088213,4.7080478733467634,4.473260133456864,4.402332243997704
3.937405737442386,4.384039043305286,4.444990439393004,4.234666120091211
3.884921064129577,4.056930512161152,4.360876274942672,4.318068745239778
4.5764393570024176,4.48500259435687,4.400398568377493,4.043908330900601
4.124964851932814,4.280890996224463,4.107362850946753,3.775258437597506
5.430984080961814,5.26974828108727,3.7771483043841148,5.309879574038665
4.83705848906471,4.044215858343931,4.06237028299338,3.3403401256105796
4.303603584913314,4.75300931903912,4.877717365846669,4.373720545538231
5.090175280765874,4.494558844995768,4.991947850501054,4.74956149000776
4.74786359033737,4.762287564492057,4.34589105040261,4.057589918897617
4.910891813048334,3.878854038742423,4.244421195246653,3.6342167645531673
4.21824948233947,3.8321560814592504,4.595705998810143,3.4803689711621133
3.955601231746504,3.916847496385195,4.133814071214141,3.2339606089288533
5.562764679430143,4.661265674381958,5.091487772254407,4.042870298963249
4.919167284010783,5.117276109761328,4.685500800285425,5.144336538115878
5.330516605217844,4.448454441604817,4.403887707995926,4.72726177549766
5.270586864252616,4.49095832570216,4.479396292730372,4.180281187720413
5.197433722751011,5.045546729901414,4.389160798023174,5.242678678870161
4.820212720073874,4.908603523543496,4.151149228434982,4.797847123262702
5.03102917704976,4.904481699716861,4.337669541843752,4.526766863126567
5.6235354283059396,5.042453497656895,3.987035839609395,4.597278847320988
4.921069275345294,4.810281471441504,4.091617338159198,4.355927607463515
4.475210455970926,5.04133379246152,4.322422658059366,5.034124069360911
4.987330730562873,4.1079236001712625,4.8367723890132845,3.928672395728142
4.355909591567012,4.048895027459204,4.96131358754519,3.870765719836365
4.6258378843996635,4.796739105598114,4.912505260154217,4.413875450189155
5.287910976408083,5.355266158512667,5.179205869143735,5.426555472015605
5.184552161938869,5.324066986319286,4.303997883482376,4.961741247277968
4.678510086385575,4.766199057101331,4.094735161870378,4.372862548959841
5.153090973577421,3.9352676025716122,4.932398681957932,3.7744731457492424
4.326760394616369,4.085778357130032,4.913117148737393,3.6275707003857818
5.136062608109315,4.867075822994191,4.190765703184012,4.476640825025829
5.405141516037841,4.890563928578312,4.435592030270082,4.359406572845914
4.363283601608649,4.728144864371934,4.644712483824589,4.819099684213777
4.533437146288509,5.089720150653778,4.65097029316358,4.747964557754781
3.551399948941261,3.655139039551573,4.124612457204702,3.0817813856007303
4.22261258852865,4.002001788038693,4.496585723609696,2.8866324042545526
3.3347495010771904,4.184610147122703,4.374364482756516,4.18601275402379
5.524181867557569,4.8836143197660355,4.247489939246933,4.633057557822907
4.030856549706758,3.376871197190742,4.560216417215856,2.650803863732927
4.455542719466476,4.70300935901962,4.601560304349408,4.753882274885268
5.224811402014983,4.609614515748792,4.581828866234381,4.473545201916019
4.915159440106564,4.39739148224983,4.768017996299067,4.548226369007154
4.33421040788242,4.39794209732999,5.095308429995894,4.646789142710413
4.787441771084976,4.788547757206486,3.7650248190888345,4.64424532968999
4.612608149054346,4.929497787334886,4.958772964511362,4.412861245393385
4.668531685041032,3.9406024832466544,4.435375653151285,3.3742044036359853
4.163144516260037,4.095647064076026,4.179319769816469,4.047357081017377
4.444599815233243,3.9832913086230515,4.219371561439857,3.3573140542849176
3.621398257801041,4.327098437047227,3.808317443569727,3.7686064445582415
4.871215358109868,4.73575876608142,4.103912355743116,4.357005713634461
4.629689108237376,4.151249728594259,4.806886744265065,3.2156915670953183
4.3134395956711264,4.63119667690134,4.928804270777149,4.168435752469632
4.341786665464669,4.233408544231321,4.391784266337865,3.643296189998944
4.256896987810266,4.4081938008358215,4.679414788142558,4.0522199041830955
4.902572601966322,4.059309653167495,4.2228417987971385,4.081695250301697
4.481950170636442,3.9210233744184944,4.739752447184942,4.152200661120963
4.2141713114565755,5.215736103045741,3.8854471366865475,4.418068237671672
4.556349599066274,4.499433774770459,5.260061318715421,4.700632561774703
5.011077035452867,4.594099907258233,4.321615378578959,4.580752290448581
3.896575700152436,4.516193628510449,4.276217557322535,3.466437805900593
3.9638761203685893,4.562145657763724,4.2767412896604755,3.353512139110462
3.8747222954221687,3.5763969885766715,4.786023973455005,3.2329897845427653
4.826217245615471,4.921115568994097,4.327712323781445,5.131693953528474
4.208908195013917,4.162761290812638,3.891574503369732,3.3166749259741084
4.87485564624814,4.57682546924941,3.7388101371075204,4.066172557739875
4.231630943001845,3.870133307150971,4.375178009771317,2.464310104804661
5.193578660664275,4.2152581556376205,4.320408405487639,3.8190595204529787
4.342091910360618,4.320974227680477,4.781228642337647,3.8100920680246966
4.843568756293221,4.069539050683029,5.1222475901808595,4.126271978259995
4.602293465075906,4.533619354209688,4.274557729273746,4.201338702348105
4.362667621984738,4.383246632246101,4.479777148579625,4.183537416735163
5.096226700580785,4.527693180739568,4.519280900379269,4.3345067482198605
5.400555773594933,4.585299104188169,5.260133820903049,4.330564340064003
4.157856273091301,4.272390972863449,4.854652603955447,3.8012835005607233
4.007612894603451,4.4825561976013635,4.278315874678166,4.175337734565926
4.732481087419666,4.068375780646581,4.790948545926154,3.7586013255463193
4.204485561469143,4.150405721612995,4.711517824371712,3.719262989039785
4.407489327275715,4.611327124200488,4.615432725929651,4.722713499774336
4.441836048606216,4.614363477117402,4.613342727725756,4.236358499182857
5.191884555531422,5.016539338382178,4.7166849488029845,4.766911177788543
4.422835877345374,4.488578309946762,4.9757289554758914,4.907162579527829
5.301071195967003,4.65352997267881,4.553829952173247,4.1916074528421605
5.055453624135778,4.238010592202927,4.729433065072697,3.999534811682267
4.103734271803068,4.087448880722523,4.777308979805653,3.62766020701683
3.8711410748755197,4.452508584931298,4.706615601191644,4.002158744268041
3.6988252557771104,4.2514535664945985,4.899289140590221,3.5821559802685954
4.6260933675513884,4.028656072007978,4.6579386203185065,3.6309577969839575
3.5019232830529945,4.627075348989477,4.769337558685783,4.236780175950174
4.634692661401152,4.023536061204687,5.082408167018355,3.6560158905174545
5.3343228402007945,4.693382701924926,4.6970882733356945,4.8400917568206845
5.053294691381729,5.037039597773217,5.8953523652079625,5.509870586886252
4.501971397982109,4.967053616140293,4.354347209374386,4.3798504649660845
3.6347531891102056,4.33711570589824,4.482423887333326,3.3582824640655495
4.317451610095316,3.82473802172506,4.70734184061285,3.7768104923044032
4.768877885742354,4.738888409279985,4.812183853254981,4.314838415433886
4.230197334805907,3.6516771537844184,4.486783263518346,3.217922556891949
4.109571767892249,4.7433743566002375,4.7389318814695915,4.761055402103569
5.164368165651279,4.515334092037362,4.785469748234795,4.023691782067261
4.832539848420468,3.8498187587746524,5.06857078119922,3.674367455549273
4.24130107036717,4.738639411256063,4.964715071234009,3.9070508595805076
4.885713705424976,4.801352871857472,4.512803412073491,4.203446672547574
3.7408294465796788,3.600562094526185,4.755562575405935,2.6336057237253914
5.377873836226994,5.1248762600666335,4.441471868171434,4.344743659590796
4.64131438165052,4.355829758287661,4.97776851845803,4.015062313904689
3.809226654002397,4.436539125583658,4.219944559250494,3.857595345717128
5.489146712701137,4.716221483091527,4.918816653770553,4.630306092651175
5.19580098418673,4.628630886435881,4.934885395470064,4.090777360016676
4.685244909922672,4.8205739391278275,4.380501330451878,4.781162758807936
5.075586950665086,4.757765967718575,4.97026044179092,4.910138493801779
3.9883432384021704,4.218748679829008,4.335852800838554,3.5442597102341655
4.024214700148547,3.939360251858322,4.76882187361814,3.5116011023205567
5.0987952557993275,4.572207727731236,4.2226309771949815,4.382659380366298
5.156669507712527,4.5158017353685524,4.654300869044769,4.316143928039181
3.8627522963182446,4.209708841963254,4.684859996264773,4.196530699107974
4.102005896100875,4.326512117978934,4.500408672269675,4.527147314880485
4.568997786498385,4.855635779183949,4.810821460612922,4.089560351610001
4.7022779008650035,4.215240578944789,4.997297715828292,3.9356488939968557
4.404696222601699,3.8046604265869686,4.7791845109933755,2.993116303976426
5.679204212816544,5.364302441449933,4.4914963521176,4.884188593381035
4.143692750717394,3.8023396794781266,4.5574842820498835,3.5357224215955343
5.088284985093549,4.708095174312835,5.146444550750408,4.052846989460762
4.398036449314951,3.1610384671241665,4.8517837969505235,3.051206733930128
4.315773535274012,3.5720421266896,5.194317088406583,3.4135923278983356
4.475451729741788,4.512066283226694,4.52401724133053,3.8739201274426476
4.773345078791431,4.947692813353214,4.464048112000161,4.836210885599187
5.119485626228516,4.233982806222443,4.679446230493415,4.447017821159906
4.729481293770763,4.755176248677939,4.6489255149197986,4.780380721589605
4.870597320434938,4.77977802155868,4.6131391356729,4.506879930730837
5.308329719199332,5.219214581149746,4.477879175333398,4.718098921783639
3.703948298145801,4.6435916065709995,4.646323701287423,4.451469011740294
4.914276454433618,4.679267808326717,4.472392075153812,4.713993456725329
5.013038592447689,4.5576817386455435,4.878672866208791,4.141001050576143
5.340633406113663,4.6753145383964805,4.705722073517649,4.570480005353913
4.511061211570274,3.810806505025461,4.72609297741776,3.567974991967588
3.855152541048726,4.295123291844748,4.561110539982167,4.596490631764091
4.50832850127912,4.739138369535508,3.9903999343390764,3.9865990194960133
4.97275788380531,4.8554965238091725,4.083369511094833,4.33835563142106
4.59057351982888,4.925215890104292,3.780487246636463,4.582278911902876
4.419653575936481,3.9586999194937453,4.788535362534966,3.6600968526500766
4.403050704225244,4.54767274078151,3.785870090084263,4.3103181044730166
5.350173323307414,5.128293449356318,4.782371744086541,4.8655380961139025
4.258352603507091,4.744171043249365,4.449226634979951,4.493272362098882
4.941894165295815,4.444755131545392,5.380893191508679,4.809834843719377
4.613943212068607,4.571178176277229,4.046873840846936,4.047467490491898
4.9310066637510905,5.047126214170535,4.931768724021183,4.625753289111209
4.982668018058826,4.8886316404400665,4.312230292646144,4.842852827553195
4.5933268382806745,4.234258014625679,4.584485052578472,4.403726657555105
4.91537861983365,4.933638899552509,4.143369973732175,4.705250721624117
4.570443083506589,4.182019983330721,4.620364326888172,3.305124104935992
5.271214865002159,4.712287599185128,5.0753655981161945,5.002905615680318
4.905546214698451,4.805463895265575,4.28186903001797,4.619684376761735
3.271646696110985,3.5123705032797465,4.475230209571859,2.692372077494521
5.365573829684239,4.41593920198713,5.230433635139411,4.540823510218271
5.823713324713624,5.397996061571548,4.137927832962165,4.522426364676264
4.628518437506649,4.439711583331018,4.397877067780535,3.8689455122169996
4.37637038671791,3.836694186317909,4.71837485779111,3.50884242115186
3.968319223041547,3.622373121486566,4.830662938687192,3.072933720073774
4.115742446721801,4.562547326190338,4.460808165700218,4.195317463046475
5.626081073832867,5.0561565660753285,4.4882249546578,4.7916590496184766
3.808787880829099,3.7365923048966887,4.386800090095882,3.322583071871046
5.157673414842424,4.420964307805075,5.09331613890728,4.473719391114473
4.9562533959634125,4.891439782420798,4.747645404590069,4.3152100949290135
4.3373041663698855,4.34930516241611,4.571550501369779,4.229567907530196
4.349312278913183,4.084212235233114,4.501696489516301,3.2251038993499503
4.8072949804473994,4.9070413116753295,4.517903881935698,4.422991354385002
5.269925287925884,5.25536995736448,5.072678734845744,5.313885362655167
3.7772284898109647,3.4905539275374933,4.478082365269892,3.4476034944664367
3.543975934267841,3.808553345017603,4.44900899452719,3.481347847426164
4.887673050594199,4.2384911982009,5.321523611004173,4.575260282729676
5.419695636169586,4.888219501642495,4.5314570740748294,4.787946497971912
4.752782145965384,5.063966367392236,4.273529118398583,5.202119121683145
4.685555288085359,3.9060241769301167,4.445476522408617,3.360129882585384
5.397385559769557,4.979277713699954,4.688374571335344,5.015984788622451
3.77742071138562,5.16809682080709,4.037397752790877,4.884743748567792
5.457237224878598,4.8073005957731745,4.7620615355989635,4.70979632155483
5.259997463776644,4.574086673584889,4.67366953687853,4.05121654658995
5.214968316541276,5.576231954839608,4.0068942262395195,5.337424177928428
5.03736696145212,4.373252665005491,4.617009003682872,3.316141663685658
4.4992105637510775,4.128847885147568,4.499783039453296,4.020102885642922
3.2842037578707823,3.44564889426123,4.588330353611138,2.5914135440470267
4.679061129782899,3.6314058236886364,4.77506815724052,4.214217074153263
4.9260852541196405,4.994684298683148,4.770670451957349,5.140187315746903
4.232951688607718,4.576884096483604,4.727362066010303,3.6489414009521757
5.164365187528097,4.866755973959664,3.6510197155543618,4.7966841299593375
4.558482401437499,4.8632152514033535,4.439429817274454,4.5801459348127995
5.573283451066988,4.705706147316019,6.025307862195874,4.629921974059524
4.411892492362003,4.394604076668304,4.469995065278086,3.633152926017792
3.948928399398555,3.9145636504105528,4.289157809636266,3.0383648706711424
4.6091841416792825,4.360425816192334,4.2731276803638405,4.281695006339695
4.675561219025859,4.356015809286642,4.74879574491554,4.814259960341019
5.107854356409676,4.20869036595824,3.739761753690533,3.044652394488781
4.16079507685292,4.241519579753209,4.646452477976058,4.046797967272635
5.566788513097764,4.886105739206139,4.912493775888135,4.314072099252931
5.610339491365635,4.906271745395445,4.517570925047527,4.720197872300266
4.602444029170997,4.773427579709138,4.591207781434317,4.1889938766526535
5.23497883253302,4.7944640666554275,5.339680157518875,5.059803418199077
4.564518100956731,4.789017654038324,4.729607386978901,4.329119302059871
5.214354382414356,5.033575928767147,4.394166740084651,4.8615043670470355
4.734650555368478,4.010807570182067,5.178206524184552,4.010156090437363
4.665952281344632,5.126692315530088,4.1619037567050325,4.724239859409278
3.747990431885008,4.214853347003044,4.610179642759773,2.9389494856148595
5.099068551070495,5.750078713277367,4.252803146761727,5.696127568189299
5.373020411847373,4.773013223342537,5.6560693955504355,4.349367915786789
4.542286403563867,3.871485882462338,5.065879062745815,3.5058507640830476
4.4853640593679,4.815475162885248,4.703175398133623,4.451393897416434
4.852416323567176,3.9824769223704553,4.819514987678292,3.7280955284584314
4.9293599010652045,4.488162022940069,4.505862065408084,4.298205675398339
4.292468001404652,4.297628567672842,4.393447336681776,4.421151589140203
4.130684859311842,4.663084381985163,4.3288735279510835,4.304168430907364
4.5187246522840745,4.208147748120668,4.75398875454054,3.888465031814275
4.701585702581129,4.395618425800809,4.549092558478974,4.024718007214173
5.515707814720036,4.92743898615683,4.057672261954288,4.630907931457693
3.9832019971011574,4.159732835385366,4.115023881304952,2.648286323631477
4.634460601752234,4.088719188613753,5.050828851043759,3.860135681150811
4.526313908322172,5.010072083597461,4.199987858433196,4.559459462334208
3.6879110098630314,4.814507881350133,4.426293803318271,3.91257030998813
5.715561482336092,4.678350636851909,4.3968429984191335,4.178827359875789
4.117238714348803,4.53371011604394,3.9737162573756626,4.141294457082537
4.644254085308998,4.502368450996939,4.741387785361328,4.290509530316788
5.077251073129607,4.930788913998039,4.250926481865131,4.5133967971683875
5.165302203593528,4.690374588314544,4.553278008058096,4.677012651108046
4.144585349874642,5.54698481868914,4.9602615248660955,5.382805937348477
4.175779265941024,4.202255902800553,4.431885078478907,4.313870858548144
5.366272758505978,4.6652508364391565,4.392276777752293,4.929838173848331
4.749019126136637,4.339672392698325,5.162824325735746,4.036751348793255
4.346024067903189,4.441137206933626,4.922719153431602,4.032313268789526
3.9893944462698046,3.8520049239842673,4.407871185655218,2.3047952289992404
5.011678836106206,4.740996721296442,4.578481057212829,4.5132974742922976
3.4618196490172846,4.25542291209357,4.361328364485842,3.4171072536911655
4.423404412178016,3.578968939475093,5.218521152807729,3.382970625989179
4.998149573686788,4.9684556883307,4.540832111877482,4.716913848337647
4.374703394728092,4.754978094132974,4.493057720530153,4.23950160806913
4.706094114334612,4.286471170744235,4.518452844617412,3.6443719405789277
5.331483463479928,4.78561930073517,4.83774192846975,4.8867588141872025
4.329391472650286,4.410923383174401,4.719640281873305,4.575955619900862
5.192102876357356,4.825885957556094,4.285897215097822,4.656120829769807
4.88048795243649,4.337193226048435,4.650826064505643,4.156144305296392
4.180400865960698,5.085128716169142,3.9618960053038457,4.596401041814069
4.636591674248372,4.563196756992119,4.306975790577945,4.2415821280224435
5.069495062616756,4.147074238115222,4.7894674838469,3.9325853204644163
4.859823326243681,4.75117979910031,4.66809971164188,4.381683459034449
4.422514664543563,4.501236745903798,4.76424580714991,4.356538865616779
4.793202729745025,3.638881060096245,4.692302908748517,2.348516468868063
4.2999700162421375,4.743029388906537,4.755301521853378,4.28969668567574
4.265149906811373,3.7664874615083317,4.801536140901577,3.1165914169844404
4.957870851901813,5.241881480340924,4.985222887503905,5.053206078889606
5.505153283673783,5.034517690269659,4.541846393311354,4.435142759600365
4.467775589219481,3.7379227475668224,5.0569639515182185,3.2741126135345517
5.236214732327182,4.802156193784619,4.805290035453837,5.011959418953883
5.434029388662612,4.746659953705252,4.502131240004956,4.50043272963998
4.177255332035903,4.29133463551623,4.842335597360167,4.696716332174297
5.143978602905202,3.8758175486409514,4.468433253364277,2.5037324516275827
5.299347749082721,4.417005512381836,4.416567468940537,3.62226852335283
5.25023128986267,4.849053823218915,4.9429356814980565,4.583354168754174
4.640129557394679,4.154266391251121,4.821388132770623,3.6704342164153654
3.7170922303640355,3.866525818062652,5.469192045340134,3.2734944619079402
4.010724345384404,4.442680445777457,3.9921288878115964,4.630460249139621
4.78047800857183,4.39314281841649,4.68468404911838,3.223154716345532
5.667553474336642,4.935547551705295,4.546401387934792,4.520167843399995
5.211059196692262,4.855748454859366,4.652154580874589,4.791728224759583
4.8902754996144155,4.619837096893964,4.345244045878207,4.044332091280637
5.096685579248592,4.410910217860877,4.6246477063704745,4.436431967946814
5.532058897945261,4.843546616158039,4.424994461765647,4.396914218496155
4.390347525210503,4.451171047385371,5.281462434345647,4.46803775838316
4.664758486187488,4.791370802029229,4.271738600074979,4.4248547933748625
3.2032965384302106,4.2147230394519095,4.301183752982316,3.4534219635013685
4.828448930832816,3.9798279427919545,4.582595001813191,3.9874813824426925
4.923653000850768,4.920232717791541,4.802330319940585,4.460215638609427
5.008400756431839,4.249682671956245,4.525737526667157,3.5823565301345703
5.06750240489267,4.887856661476976,4.09332905304251,4.524077139529212
3.403956546838239,3.8913888429780608,4.523543380868614,2.7782757392306054
5.705232747303241,4.905684875844745,4.981426973397455,4.66899528090261
5.107915842912105,5.327187493655045,3.768225177532889,4.887873973962787
5.319377769712737,4.802930977050115,4.544817974666772,4.720323833791187
4.759075000978598,4.904824172427968,3.4443638309140208,4.383938437011008
4.901003067901573,4.0010294729786935,5.132170746168306,4.19754796835691
4.470554001709616,3.978121850707212,4.272782557500857,3.204306866534739
4.089079477660189,4.389335617030004,4.974517000029509,4.821314377986579
4.352037680937231,4.170447313928889,4.807045379187852,3.9320817929174887
5.193258015723899,5.114636183335894,4.438076508598492,4.898158167025716
4.232652546373024,4.753474484713816,4.47561730209205,4.469224320089097
3.504678362983365,3.6461267533671795,4.530415681009097,3.1230553415709026
3.7538359453274555,4.84949346397426,4.4744415825708685,4.366526320601388
4.8235476708578595,5.157393133375483,3.9432135653042315,4.310857844748568
3.4985871252097733,3.916364791080894,4.456810783508474,3.229919559031165
5.799426653787227,5.058858320289593,4.4865437039882945,4.964638520011327
4.449806556578477,5.10232031638355,3.905754618351479,4.846527948908344
4.510201170794126,4.459467622442762,4.222765566532574,4.338085251341367
5.594438359772928,5.0324545675161545,4.144318014921885,4.781483339949983
4.794229699855734,4.079938341786299,4.540424462395877,3.794969788300663
5.668827956912296,5.383160722469515,4.363951169999357,5.17960145301277
4.350275495301096,5.1277628264411454,5.045660052682606,5.297431008407796
4.629229324937989,4.525314951706459,4.5653658738685206,3.7822077588267415
5.783879849007469,5.625326655117756,5.501296130209522,5.460737555510308
4.320610827039065,4.832571767414708,4.7844622936071,5.034124044384599
4.992251097473249,5.208785681975366,4.705171062838706,5.166867045070993
4.54521986574763,4.318458365360625,5.046951067347742,4.209289774511968
5.043738583439324,4.172611277340114,5.143375614647753,3.5449277890244475
4.234791672005258,4.706168271037356,4.692108517329018,4.322841939353555
4.880293910635794,4.178322035549423,4.784797295080722,3.9934160800709333
4.679382196883461,4.718910081102586,5.462245956168578,4.554790804050572
5.019295893289559,4.828482873308738,5.556682402640904,4.367171508267883
4.796586247286153,5.1134994111212055,4.39178888381512,4.449754830202139
4.706383542131254,4.768993475711026,4.669893886132968,4.90524178557419
4.831807482994821,4.097425287700379,4.472757190885795,3.7621630003460003
4.5902430454867735,5.08897556353076,4.017040333058745,4.961081482827566
4.166672427889263,4.866496362341314,4.2677999326040394,4.705532926010322
4.686043117928665,4.91573901337382,4.637537901186185,3.911578195870079
5.104701622556696,4.756259886228517,5.259325456736538,4.794073038929316
3.086455922029794,3.8280434274962487,4.12590569862253,3.6189593720240603
4.2101616306865095,4.982661529717247,4.555120166042951,5.217526146520565
4.761672975312422,4.6828990490272995,4.307211964319457,4.436423397692829
4.907142157455581,4.584329913125793,5.412666334680533,4.581188922883799
5.615131226903931,5.146130500219017,5.164774355876345,5.084631005232771
4.595891263071271,4.393002991210982,4.717172862015382,4.092283301670494
4.318161308273209,4.199107222358556,5.017910261306073,4.346593030070934
4.5702214382073745,5.0846186479016104,4.689850342457682,4.849124923261764
5.504255505707195,4.980774499479161,4.9617699186509165,5.133807899004925
4.130276103995203,4.673251937692678,4.114777510712728,3.8402665421403537
5.696083859769487,5.014186585918746,4.259267511953861,4.5940493213903
4.772936741450825,4.8446655283009825,4.6348104977820785,5.559346473060497
4.046816031850212,4.663868586177288,4.8745468615156415,3.738665943130847
4.145538066726195,3.8263926189437383,4.438724617841984,3.1987624210624492
4.944750105012302,4.776751815108021,4.578999335424852,4.754983788432394
4.135416035323406,3.846196861757024,4.884873591071263,3.484478397696378
4.660782343980821,4.6280293098736,4.083451466523038,3.089939787707712
4.505353302429901,4.130155002497036,4.806305776180367,3.715645171277582
5.529788419832674,5.167856763570657,4.488528483544371,4.4232931649765765
5.166378783765082,4.259608956514133,5.164287997005327,4.474428555256699
4.6075181037046375,3.517775617185486,4.346254782927391,2.531791269145948
5.147547139931488,4.76766956038978,4.480992867088735,4.824444358848016
4.676078155242011,4.667584308478993,5.277743080840273,3.9010722828462234
5.292654327453526,5.306306552247321,4.654630556610343,5.062604354695556
5.162485865803845,4.683816353639434,5.075193608475264,4.971413353521923
5.1687424750991715,5.385858100115868,4.069573647848796,5.420084219400589
5.36140745767267,4.71094057934255,4.514393539839884,4.323293678280382
5.09104033756434,5.2016521889188985,4.731128443835111,4.513423701891785
4.921667849901433,4.448629492020254,4.462297978296821,3.9146209381059167
3.8477098889731063,4.078522839917952,4.509360618161556,3.4920336370230056
4.917273114792873,4.38063914332267,4.473369642866865,3.989995249610811
4.745588895329575,4.645851263003541,4.406954482964421,4.084300004121825
4.920703972474123,4.118821460788748,4.560039636231819,3.1893659219739656
4.533502256853993,4.528459391334847,4.410506276520596,4.283629086216712
4.643571196157453,4.702503539516178,4.9440704021465915,4.353622787513084
4.549784620348565,4.7148836880557115,4.501442196783792,4.053821137685322
3.628020951330695,4.094996135483678,4.611738729309988,3.944538454753881
5.04935008174077,5.060687216936527,4.994381891681073,4.8275828155639156
4.428274776567206,4.3606371604412155,4.641208960554407,3.968264841539411
3.1218965859696177,3.8372454128474494,4.398023893158461,3.10622221193941
4.6852268369984005,4.583575287217227,4.442759866639504,4.365312847406477
4.3921621871048195,4.044563998971269,5.084316313982754,3.1783676247479873
4.393878199915521,3.8330540999589524,4.447729787949161,3.9038224795875935
3.758458615411247,3.4459712251853225,4.481126747805644,2.6903949898898323
4.254973544202856,3.7403647061260608,4.982920032325643,3.5635305077215804
5.184660000958117,4.657933205249635,4.805804186419606,4.892056197358229
5.081963154066818,4.708904837196656,4.553279173872963,4.616980192760598
3.975228003482347,4.601994083469419,4.64091780823065,4.255013639642229
3.9560763161292867,4.147388449410303,4.743988551621966,3.289815500991811
4.475085072152129,3.962795023120728,4.813611202676958,3.8219208906682045
5.094912628360936,4.93558013385822,4.30474200175702,4.7686657609607295
5.487935343364968,5.0681319098064375,4.320929925676023,5.429030154570915
3.8311291134936574,4.655138661727894,4.658490774709393,3.9919924332090786
4.4435415234511755,4.109948718888205,4.221083821105867,3.6142313971897027
4.134436336486986,4.196499616703785,4.772578812300366,3.4386244744215753
3.7027132055806944,4.388685705531272,4.331786368946548,3.2341707257985233
4.1559330954768265,4.347223973163458,4.8078914350310775,3.6804326525193707
4.981670642443244,4.46238607562811,4.663727164246571,4.213665762762924
4.4002727642976245,4.816482802757261,4.686940412303976,4.883918369624202
4.997140890684609,4.5226043701543635,5.337021952476076,4.893484956892785
3.5135777979444303,4.655016305835458,4.639474815579392,4.406783485116746
5.272387164184869,5.135395303125475,3.7721367863690167,4.740874567295479
5.194903486631495,4.67219248055462,4.085496147289049,3.913130525350225
4.537561670742169,3.8633492157344924,4.412692955450477,3.258229003987659
4.01901333908183,4.042363435195643,4.730379630963058,3.9069612439171046
4.756396357558433,4.025617733604478,4.655848074216908,3.7669849745665465
5.045978701977118,4.721098717520348,4.610551397059715,4.713230267759476
4.925933509717507,4.379471361552741,5.247362529216631,4.165881142693429
5.576785129759652,4.913963350231315,5.299330665048237,5.117546377190911
3.3168347568246466,4.404949676297625,4.466320105625703,3.89239805151667
4.020831985808459,3.99636112460411,4.394938486616608,3.6125175717780844
4.292757981377052,3.9659965935577857,4.32945399417002,3.2759320543757733
4.711935657131624,4.129346916699148,4.546655354983396,3.7812833242538892
4.616078047759552,4.226947645430243,4.665282884198031,4.956797121496959
4.583537348872207,4.718428158609336,4.975729243323211,4.287919819548676
3.8453471990870147,3.727132859353855,4.48592844596067,3.24329658509814
5.448840180389239,5.030120718036234,4.694309051786164,4.821907280415278
4.711559467727092,4.229877403155824,4.647137690191535,3.5485495490000005
4.178568275583392,4.575620180556719,4.476996544568618,3.892421474939969
4.910936588934684,4.804644911367635,4.27986930259405,4.950127264255378
4.982907223097841,3.778638209689801,4.405780970076477,3.094322060360254
5.029340567243978,5.222025148263622,4.115209982058291,5.34710580799109
4.068359489779265,4.513801429601729,4.72751887533316,3.8750639482345455
4.595713271248947,4.585991211622361,4.202024470533725,3.406235392212841
4.721029651513102,3.8832140850683836,4.669074410263715,3.1512403273755254
3.742793594491792,4.439466595818618,4.143604172480011,3.6116005506872035
4.943994576308729,4.497817371330688,4.382807353211583,4.305631789240506
3.6313835895686184,4.432634402636954,4.363976866351743,3.883425301406467
4.84839735542153,4.7260547365822365,5.179556106382782,4.531572044583771
4.8113790853064415,4.543258315906751,4.112281524397588,3.9530317535163637
5.469157085177875,5.116372147974975,5.069582114038671,4.771350372383626
5.139172948007265,4.357963939337982,4.640149268407241,3.4289664335529477
5.473517176890529,5.235001653634383,3.8514079040569182,4.69236125297896
4.880995599445219,4.755400704612838,5.263229265881869,4.600683470268217
4.110681114265088,3.430275804317109,5.010722389079371,3.2922235614543207
4.814535507924419,4.900810708398983,5.093851101013169,5.104926361363292
4.147791112331011,4.69671874387573,3.9480322169590174,4.764355646529412
4.685384699600739,4.466321608915254,4.3669483160119,3.518542375847814
4.72023260512458,4.704054954418581,5.026463088877948,4.591353886663381
5.006563602910069,4.986767015160854,4.538183996780521,4.67048142296317
4.488874499240481,4.532461624054905,4.3948093222407945,3.6786624638008836
4.149773951215314,4.396941274973426,4.715634461112407,4.346505152020546
4.65885888719212,4.682163524085742,5.141567102581238,4.481424355804588
4.030449379181801,4.159682635519895,4.756147511355034,3.531923749041357
4.2021565744682094,4.336873562435369,4.601263884062944,4.246320156801583
4.664752615070884,4.231172557275613,4.87111341990665,4.192869918291954
5.150273876904264,4.813308734989774,4.511404997730885,4.296952488077339
3.2570882146662754,3.8001728219011435,4.82591490976148,3.376471701389298
4.992108379453108,4.925257585198268,4.375195232058199,4.8028877429307695
4.4995362470003,5.006710150581,4.545445238047166,4.576422768395915
3.9927344864226177,4.389372158791732,4.82170045628775,3.626847916608323
4.383257152664096,4.605959169164659,4.738557378639333,4.223715083208068
4.77586760149216,4.076607336548821,4.37761699905987,3.637409589577964
4.599188639656118,4.42820008194418,4.261870823595158,3.6322300720052505
4.428474660103759,4.010413189303636,4.539190557819856,3.6916799782985987
4.254505489071538,3.975696398612493,4.7756942529609,3.573248528172019
4.798189121929794,4.450633666369674,4.550596216585306,4.254885964109997
5.008350713085445,4.664946715298877,4.917702795500933,4.162915714977404
3.6569929574940914,3.769049160803468,4.476500968381751,3.077257574701465
5.349084014043912,4.942423293717249,5.13360500053262,5.289261488170481
5.089611450681833,4.921931910520091,4.381659432073167,4.868714213055868
4.127973748890939,4.1521050568207745,4.731952761865822,3.908607096370033
3.8663146385857012,3.8491136804638164,4.389974251027961,3.142798789275152
4.331313531594129,3.9252755126496273,4.729013034982253,3.656112526440756
4.19075498682759,4.090286130683568,4.590981059302295,3.921707277848626
4.8131859479688535,4.3256572627601475,4.406434912043566,4.547200694461172
4.259224893457251,3.9594747218725472,4.812462500552117,3.960111567498293
4.438534623067983,4.455467259542209,4.584032112325042,3.7862025859153436
4.46454274651127,5.147687968977117,4.416166637921705,4.8853877179575855
5.633566622657276,4.827485179631543,4.682211345391041,4.565798429695404
4.634777158926132,5.47520592152069,3.9517772351036475,5.484852148254873
4.862073536968342,4.847292783936477,5.121414183394433,4.955553820134906
4.339569791332474,4.700690169757671,4.555200082493701,3.858918773373497
4.057437576306065,4.2389504037386585,4.41051346244908,4.224135109836024
5.236750358349901,5.170380857245167,4.441188623385283,5.668740771585069
5.098072899069229,4.6844369733943605,5.009572632725989,4.355961120113219
4.6833916069807335,4.216459692672664,4.500779802841458,4.656674468387727
4.637814320673385,5.032763841268678,4.579665083020513,5.1354402241948796
4.021343964408232,4.79174653941733,4.579135245259478,5.099778029532386
4.324317755819825,4.564702728201831,4.216756729335788,3.616633162038902
3.944749990589856,3.969528552406937,4.7272233240687065,3.047514945671227
4.007182280761176,4.074287967597752,4.672755992775559,3.64957954580224
5.3270096538526195,5.024673134195374,4.508812910702377,5.0298689483271115
5.053847149292764,4.480389388605432,4.740254201942005,4.1240130747063715
5.176401030204113,4.575957738086999,4.493997148506832,4.444316497132886
3.2893928383296642,3.9386934838705034,4.501617384562766,3.3979054509861975
4.897233316320232,4.756824962466667,4.64759292922157,4.958374280800834
4.4055997583924364,4.34287571009414,4.5371846482504905,2.8457287368235833
5.573782236407326,4.771853723229178,4.447089463015845,4.265962208312794
4.522105952277154,3.857982332265263,4.434181528245058,3.033144355494087
4.702320884007553,4.577395035960376,4.612685092022256,4.677992617186908
3.923979246467375,4.157103876004376,4.4755783913321965,3.4071175305460835
4.21582382064905,3.832464924152129,5.064043225583325,3.19787160724308
4.166115183518127,4.577903908961489,3.889291922769701,4.175352423734737
5.421790441892856,4.7415990248833095,5.308531414157222,4.707217311569492
4.382405782024266,4.431755928112907,4.611037537823387,4.475182449128831
4.719174580541135,4.729855740311564,4.583185142095073,4.270536974437163
4.499466565476532,4.180589410644718,4.430149303305133,4.392499820756036
5.312371448805501,4.8274883211878885,4.492441187563655,4.925936019857851
4.370431579392113,4.63795709141023,5.000477777055512,4.14702087898144
5.163658216856922,5.051484688403555,4.744030435073089,4.559553185261231
5.2884563312602415,4.680509940361251,4.26247672179663,4.096370287874909
4.710194827289126,4.172232043973857,5.146305341415263,4.132351864782531
5.483015096933519,4.956990353771053,4.692099291918145,5.233233222442921
5.589648541600302,4.81086113151478,5.156608454999992,4.901942091331275
5.643563862679396,5.011865956243294,4.492778478565912,4.932325579024896
4.319222391342147,3.351125386853141,4.850781316436437,2.8423990986227254
5.357659391708036,4.833320077781875,5.551160713142557,4.900958073939722
4.194649188576922,4.64378095237423,4.601744472315832,4.383678212706944
4.6430564815609525,4.595512482828956,5.1906454575481265,4.9216522309243
4.786558716716736,4.988878861875409,4.16501548565185,4.629663988634965
5.10600388228085,5.0820201586159,4.14300619964584,4.6751898610946485
5.1510813292255255,4.38797391290724,4.7039555218092355,3.855870370830988
3.8906178012124135,4.311781844459957,4.302110068192056,4.015009331521951
5.376813436974288,4.831648422258051,4.986330185823743,4.27836275490496
5.069050922026003,4.665636283186142,4.996251977757822,4.53219946636054
4.647980978159981,4.679903725338459,4.653822373178512,4.598532210103359
5.333825537501445,4.727000756029646,5.0981370832429125,4.793705359178924
4.5571423689772255,4.262156378923507,4.89205477857642,4.082952614483081
3.4341758487271914,3.9418473410149746,4.448539317795798,3.0623233913222
5.0215829566998655,4.150511942378255,5.682872995237654,4.3591729272286805
4.954164409199862,4.864020530336915,4.435763343940633,4.898747905352487
4.386435461167902,5.478050473113017,4.331317195378104,4.512216200163232
4.018254492536424,4.772854191299029,4.48033313365117,4.384310446122717
4.402355468586098,3.5702174435961633,4.809068310928324,2.988103737308182
4.610865590382714,4.351483332544756,4.25481019479898,2.8702836986232985
4.4896394770193995,4.790144732655658,4.522801663733525,4.263701249734094
4.3687654188448635,5.069020996938271,4.542154073462662,4.35365450604404
4.932225460069183,4.0571557240016825,4.689231204890691,3.289237673601921
4.252433742336069,4.707612159042088,4.594795640111843,4.534027845133725
3.992305069165832,4.837635503661234,4.025659705375336,3.6938418931030434
4.436597012226189,4.504207189637535,4.100108445053556,3.8952000997600105
4.8511580560336744,4.318791202720417,4.5091724967852995,4.135137465683829
4.730275062666049,3.817269110285887,4.9606346783603605,3.364169579065715
5.336117872665644,4.786581024884039,4.981455930441928,4.301974308890347
5.079105620209711,4.573962950649463,5.396051912692536,4.2230714344262665
5.027109157564941,4.700008505573603,5.278103081306417,4.237081492436959
4.172347172192832,4.079397446294991,4.472826522635384,3.6872279018180825
4.878484189130911,4.48023483099927,4.6224760497437085,5.059982670774474
4.723640727169892,4.172312004190004,3.947634121684694,3.808010423882223
5.13835672913255,3.6659614371894333,5.264522582070145,2.983604652143933
4.760591871805723,5.18461961142984,4.012300481277039,4.8519682984751
5.241730694209787,4.402811822824486,4.85002661826721,4.403207607507413
5.5745161912014165,4.787083386306346,4.154176030054349,4.290821033416993
4.7038161827719644,3.861426835017095,4.927169915385614,3.2475688795716713
3.890081765322479,4.075349451220206,4.821183435266451,3.937366152455552
4.637901284644415,4.429161410794456,4.632479007140068,3.839872689359962
5.557050054842504,5.198358019343475,4.384493739996221,4.889643378857558
3.9333837609658406,4.618930849826017,4.465083178149953,4.060669347932841
4.27560771703803,4.206669794153148,4.218616030724872,3.8026108544100654
4.690329159152648,4.530706937082584,4.445201875310683,4.441458809810995
4.652549857941816,4.217803826179476,5.0137794808151295,3.9261512678341917
5.154419424710111,4.272822771307819,4.938730017978538,4.000515817831745
4.6316225769845,4.339760212481851,4.575450552660421,3.914793494170421
5.351623716696508,4.820813945735174,4.554651443447439,4.373662607450523
4.782998639086269,4.923163035308664,4.7841716265321415,4.456488271026245
5.313252401823664,4.636482485222401,5.075244372504521,4.899613100634275
4.403556233304028,3.971407340551318,4.612640089203492,3.2699458460240263
4.74388226963849,4.273691692038875,4.913454598949713,3.886947443282877
4.502238629445011,4.175948583804753,4.805767211864878,3.990723316852239
3.6604064594824877,3.6141791475062925,4.556123849113282,2.5124059313188094
5.177054110958297,4.923375428653793,4.381115029415024,4.562948668815851
4.420250469364426,4.496162399768593,4.120826552504327,5.071245023330978
3.99711903804494,4.0091121565852035,4.574954331935687,3.2077109059243303
4.8272036084449494,4.047076051203511,4.456085510083165,3.9073887009926733
4.98724594691227,4.856394414709874,4.7560110826074595,4.517918122751466
5.331391777487015,4.773955496695551,5.781899065938242,5.070692358386973
4.35410090906999,3.7607739350470104,4.2166977827932115,2.8718121250931548
4.670221427153165,4.367219321940678,4.402130466340204,3.669072036500452
5.199362936775651,4.620925922191719,4.191554246882553,3.8964493460110416
4.4288603538801485,4.235044017656587,5.0245566052029895,3.859172863373864
5.386208626086354,4.799766597795295,4.5378136970763485,4.245175258554733
4.174335192529805,4.761373757854608,4.089697695956968,4.730346925000471
5.078680962458643,4.5294207302775025,4.234591062686346,3.6017837789768454
4.680719302958903,4.33340744755496,5.15056398825251,4.334603607443265
4.891483597769203,4.483046352150235,4.292191904561939,4.36867519771451
4.458270355031147,4.398635276914382,4.396938117594342,4.223711438393931
3.357872792224614,4.737612640303616,4.253724850622405,4.276123871474811
4.538311726357116,5.112326385202599,4.626218913934742,4.692439963480107
4.091663239918247,4.750014173278187,4.334531335671696,4.5992984184198535
4.988873684335081,4.118439881647194,4.829435696043876,4.054069441125271
4.376479228887534,3.884905551466731,4.207447119672394,2.4611506115023887
4.728433446080326,4.458902842922847,5.113911460942655,3.8050976752802885
4.520550012646888,3.8651824011543807,4.691399096641809,3.380601662382651
4.6141995833332805,4.9522710191194115,4.328825715022829,4.765536451184559
4.477275074657641,4.405088440360556,4.706277001070913,4.581487890242421
4.861485765365062,4.082315118757259,4.463792437250292,3.2192571722265515
5.509742035537475,4.421048414882751,4.506241220087342,4.194433939809673
5.653201460925721,5.194541425679265,4.600594157813699,4.8870967654444
3.2010200186435864,3.898718251283574,4.398899245070706,3.2053144612608304
5.182266317312904,4.504920675210436,4.305935189544112,4.339752621842359
4.157220252055765,4.495560042409026,4.774257492863048,4.036655660843044
4.106454021392462,3.4495604461830784,4.77445192802309,2.995123895558909
4.233163191897899,4.242886919024986,4.334510289228666,3.559534600885615
4.38620185290147,4.063325578695262,5.016601967141442,4.011465548515836
4.758288295224525,4.852398255012768,3.430173201148295,4.646301012384692
3.927553906917605,4.120631601017433,4.440531421222031,3.5713989153890555
4.976480023332591,4.324815953402452,4.529416045691617,3.574896885368345
4.117454462690926,4.781213103326066,3.8957411434982605,4.31954665099392
4.679768097995327,4.45135649093605,4.207451264007813,4.765758705035556
5.26805004187593,4.734474621835902,5.565738129319851,4.705557576006655
4.286169304830395,4.281862841693708,4.751663267658318,4.4743507878859425
5.0540895335532,4.604139840801167,4.761256706911706,4.1068598061225945
4.945991045267156,3.8221527696065367,4.370674800744313,3.2785861254569832
4.54379578330464,4.550249353318635,4.254860194975957,4.062902263071939
4.5710341170584865,4.533747640612519,4.441261137069722,3.647977095672593
4.054470389488039,3.7949680556443623,4.516677783081063,3.697751860411371
5.6587516726425315,5.209060937388324,5.223498296482808,4.974217800966791
5.61255914514631,5.082939299026731,4.788091028539785,4.8629839023484935
4.55701627373011,4.498534978445151,4.708946824491013,4.759543552100721
5.457923460519951,5.018159950951752,4.5748317669542224,4.9901754109867085
5.1028968243537545,4.536735301896541,4.159472938244143,3.653758951333532
4.914263926479919,4.712185833036525,4.694366121639052,4.415172179581716
4.786384739165696,3.9823983127086113,4.577643845299622,3.1390417908098525
5.600997678409684,5.309244246977878,4.735029831309493,4.964269585335129
4.852617213185224,4.5362277075097275,5.205031023102293,4.515171772004051
4.772876178948033,4.4148008291285,4.790422427319652,4.530796440930775
5.504420127255934,5.127586252544688,4.729417914417044,5.070883465648219
4.993368659909211,4.887834997490311,4.141501335494931,4.359385973308242
4.896429360092169,4.4582215838437955,4.576235479948891,4.020243237574043
5.197165866115648,4.822173341742988,4.347773591146897,4.068682136636206
4.832798426112646,4.845552113921934,4.660930331833729,4.611679941736684
4.824596490619629,3.862846763553094,5.342977016595068,3.658609018772591
4.853026271289016,4.0260352340626016,4.317714218266257,3.2092624236694918
4.439273552196278,3.9202740236620035,4.7753772304451125,4.268052697203763
4.268985710387916,3.9510496713486005,4.9291545320036265,3.295579069020816
4.7890392065590515,4.689358814649641,4.783203420641425,3.983522208111947
3.9232202857467553,3.887844207915816,4.393126586768796,2.6246068142930925
5.201120194581133,4.287862908636497,4.576908897254273,4.128302100677451
3.712566681879859,3.8286842425969025,4.257061941365873,2.5422705594407837
4.322101946117202,4.168658980600862,4.339032010405116,3.1724384816828897
4.242774088743045,4.426545589807346,4.968387385335426,4.17987452126043
3.7626784145798053,4.213361201175566,4.8134038399590695,3.1862679103936657
5.490942675025045,4.645382853213017,4.8938080795353445,4.528271141502982
5.779566348109573,4.940514145206001,4.547601264325408,4.854536013014526
4.948267641023214,4.396748843311028,4.176486003577558,3.65193411419192
5.409900838647897,5.216681574344083,5.711640263273851,5.0288453276344525
4.342520298881193,4.179830438195885,5.503808271274446,4.155675651614526
4.842472947683735,4.788442097826135,4.255252554706791,4.528160911790472
4.746555117925812,4.0226716115459995,4.1001331701255745,3.573981793629087
3.575398437896302,5.101468562981956,4.385323550710647,3.896322106978068
4.557137492844085,4.753612236759778,4.472387679651752,4.285209521965253
4.425988643422148,4.1813305223746875,4.780752876086165,4.090133465228654
4.26430122799375,4.437245473460037,3.8821187959223575,3.440973172899158
3.82399960163497,4.179893162065329,4.74576685299267,3.7029394278161587
3.8260987130970032,4.233977847824238,4.7169309604656995,3.791142444212375
3.6133577065737157,3.5790942858466086,4.36238710664952,2.6432419920219274
3.8194953349005676,4.669435778015427,4.823174655136469,4.18774952135791
5.403100795724789,4.931587271546065,4.304826264667623,4.694150798851166
4.484447997169501,4.643447936428809,3.722031173924208,3.9511540909793714
5.1301032751980085,4.713664674087192,4.667824305876363,4.905998468644902
4.248882218477449,4.062314114383751,4.563848110087916,3.3045733148671106
4.844341808656302,4.639966181818814,4.590530826654159,4.368468240289124
4.275428799810971,4.0951727709812875,4.518391415743739,3.68472921984634
4.977449884080359,4.406459768930145,4.636631673047511,3.8546242161943254
4.294023254028058,3.9730066876340198,4.825559408792014,3.0277616266853853
4.790496576127699,4.546448151218327,4.855824851337162,3.868812353981394
4.275790446138751,4.129076410741557,5.155151012794819,3.9780559319105535
5.000899089222335,4.6002002697674635,4.584231400873925,4.731815131846439
4.39525925842511,3.9355425325574376,4.646431748267631,3.8295801627095516
3.8644646483602125,4.3496970640381205,4.565302401168068,4.204285275940829
4.035846588997946,4.49591602969352,4.427552432827903,4.045368250957267
3.2449924741196257,3.6091339855929165,4.465491138745019,2.89784481237548
4.930995592350448,4.181793683642065,5.036725014898992,4.077264943147214
5.146317285703852,4.883421698065584,4.803932282891399,4.502154700260536
4.903945214244446,4.9977042488835846,4.3667386770786045,4.810778765374052
4.2833544634632705,4.574457635347475,5.164179368081168,4.793050150681576
4.523725828452707,4.341025651026539,5.051981332389101,3.7600628704716006
4.878262785067133,4.271813861660976,5.321009946512004,4.556704198239437
4.7859137190151415,3.891091799341424,4.666059214594263,3.3605936068237625
4.3867751332730105,4.157470099006953,4.4763082802554335,4.061170591887027
4.459632583741293,4.342315304911041,4.643918172155296,3.208542759986811
4.768898852969523,4.655994160427728,4.881500580130195,4.386356352331074
4.47089771445329,4.571381691372843,4.953242195313442,3.9146876419104717
4.4030669831823674,4.718961739130113,4.498432554928607,4.367517083453398
4.6572920780830955,4.579009592149484,4.8267774699652675,4.598481326192888
5.305327252122533,4.84332110600707,5.038585330732625,4.4735654091779224
5.4786859956461145,4.872461571572721,4.958040690882358,5.022018307925095
5.810297282424985,5.019823700245277,4.292694166970781,4.85743282648152
5.733423445541772,4.48865311139859,4.354848273103664,3.5384794700016857
4.440366131058662,4.763349437268041,5.153758360670463,4.311993736183599
4.293095982410079,4.196506287726936,4.666264180104755,3.7119700895268184
4.251754217653903,4.451732133734419,4.601370484578803,4.623000876133693
5.248643238896225,4.567550280064252,4.74826153548489,4.6727765174327685
4.438616578108883,4.958116710710055,4.457811742622097,4.253463788680119
5.09243347175028,4.240012678952097,4.52916396589888,3.643474870285189
5.107418636831408,4.741174212874451,4.58643204134086,4.050598432425742
5.291922595812908,4.897319935981646,4.48727758535168,4.646636161335015
3.846284481664845,3.868234015016822,4.710529829329915,3.544209511049081
4.302905384771501,4.060923942136264,4.4160294658272985,4.14696467743593
3.8442189238413387,4.208477814774855,4.711944714255264,3.5486484376969933
4.59696344562292,4.571249998192245,4.793284612766686,3.975915752149812
3.8476465657726804,3.7531027791487372,4.576909108684544,3.1559639152943726
5.1183576983296595,4.35059097654744,4.636431097194196,3.8025615955367797
4.945814011047407,4.625567312301013,4.726277905313979,4.307646256031792
5.03081062905167,4.158877340363314,5.040048739149768,2.671643903065156
5.000261979813876,4.7432301679307,4.536687886582111,4.285812628714716
3.4864118386533187,3.5152958305915436,4.9281397270643374,3.5274344791227876
3.6619517266616444,4.5153621646189945,4.673909295943888,3.8332979581970203
4.533707255194814,4.387078395021225,4.451528169983325,4.263859919923356
4.032452601324757,3.445444093839163,4.819179364914239,2.8003315515949723
3.5743809822209243,3.9287958789061883,4.447276590434423,3.0439296093676855
5.293098589779759,4.711197225614404,4.677676420890942,4.111552968406384
4.832586397004167,4.106699483013465,5.062944430499676,3.9149508437391276
4.99885534899701,4.348940042761054,4.6421349842085,3.2621048521278153
4.782187928902118,4.684819004999693,4.673310561923682,4.296500319138271
4.460322259182155,4.033348387806574,4.3198947495400635,3.237647622365803
5.047669393631452,4.246512004596698,4.436792212134748,4.317425450185603
4.5627219243391535,3.8141100831876464,4.94751255578105,3.497019537292894
4.740864853706308,4.58020592563452,4.816231849038814,4.250365687843304
4.296088453317392,4.2725330801411605,4.100929883909918,3.1265927494139416
4.2578221330541215,4.134849869550071,4.659042390221244,3.795700394312815
5.070911884337944,4.967822895310921,4.630899567552721,4.655807196933768
4.130097052956273,4.343419674012463,4.676810029732989,3.4843174714184943
5.701741768758994,4.724534576413482,4.609961934237575,4.6065425008172305
3.9643291080915475,4.053016155896266,5.016656871704581,3.867314158366069
4.029619338271691,4.127640738862585,4.524812964456091,4.207577512089957
4.190126686741381,4.550430986575576,4.456956584886143,4.26672778136499
4.874603520818932,4.033644966795284,4.903865250114031,4.197604027175135
4.8516215276649355,4.382386898030891,4.610002824147527,4.182071451431622
5.638495299744125,5.10149745323831,5.397147239902759,5.1589975278451385
4.500837114617613,3.708328254650818,4.321891106186457,3.276534939877939
3.9480196200605775,3.5260539756246816,4.771956231582825,3.058353587400276
4.458868434634934,4.152579592645349,4.71346353006713,3.809140047352948
4.081668538754392,4.393205082508106,4.574542059058468,4.033348092884275
3.9727265628744908,4.756257460562276,4.439354496681902,4.0326507087369245
4.157758214573796,4.810879513316306,4.371219930038116,4.320093845724042
4.2484716306980905,4.434976518364572,4.520959326234458,4.032184608975635
5.337367845417194,4.808849735181248,4.685507363551306,5.087538953670043
4.963341798565021,4.85983438148286,5.063997603333295,5.040534525464265
4.201378699672709,4.448337225608521,4.500599148644013,4.641615516347175
4.271397600896064,4.809634415674798,4.5915932727424,4.716779849341712
3.8400671255712937,4.185483430772784,4.466550944699769,3.4311683532697406
4.466360119974727,3.6716272029257992,4.580318356448371,3.156193556075805
4.010492308992786,4.870533589354227,4.49742924562861,4.664294350451167
4.641561708887726,4.559360442680381,4.887589917310675,4.4325768212010965
4.718652104693404,4.898451495958977,4.622042652511081,4.986641259482473
4.411570886357942,3.9862734623210287,4.791909267259672,3.7054913008520463
3.980821182822155,3.2470722761893827,4.348542193446487,2.0737510302430358
5.609132983009979,4.763520880973027,4.7007882641583665,4.7533939305753
4.338812173268874,4.107023810269331,4.997957500481154,3.795533965573937
4.1643747483593945,4.730426680379158,4.182424774779641,4.241964759829451
3.713720398353055,3.958496880663758,4.380850418779823,2.813532734410378
4.322999034296733,4.545389234724843,4.883658198723897,4.290433308518436
4.862353521344076,4.8797092919426195,5.040240367547225,4.521051242314759
4.914867720031448,4.8938299416373985,4.168103008442878,4.630928848081223
4.717550355508925,4.5352182805911925,4.669200090484435,3.8725954040791746
3.9840778872310603,4.116440155267304,4.721593213751406,3.9580771782792494
4.60996826083242,4.211070579220815,4.442644730097488,3.812290127003547
4.49541244805407,4.014136483037807,4.9079104271979235,3.3296858736092387
4.398800308099399,4.44175133056739,4.786181928643363,4.030496819791483
4.894882285525498,4.29787140592649,4.355238993086163,4.058446277131047
5.123818068910661,4.236500343109341,4.637417051707615,4.088246769840703
3.8103104237436485,4.1484455370966815,5.003179036701799,3.388849866699373
4.215416469852413,4.486416976762979,4.414323337960355,4.121484965960754
3.778166612988512,4.8074938308258925,4.610810061498215,4.530409765104866
5.5240356437374185,4.774594063354196,4.193277819260579,4.931874801189789
4.294637774181968,4.264337964628276,3.672375712124477,4.046558146801103
4.836974717000818,4.99963061037669,4.190242961716461,4.951520419022075
4.912603144666425,4.281840427333802,4.4575822884194665,4.159891177961669
4.434818595592934,4.4919983269953,4.324198204034979,3.6621884459974243
4.050348172213043,4.069312911931362,4.673271667534329,3.7415138922785216
4.664533061639986,4.130907043314765,4.491610690516376,3.1982757657676584
3.868258448979374,4.2236689204161575,4.694382734868355,3.8546901456883464
4.449503132640462,4.586438939508162,4.627682881427831,4.345225625653675
4.268973514047869,3.8797105245113483,4.105718919468383,3.2411793389643604
5.032558114087993,4.185749972547245,4.724713920943365,4.241440002511038
4.798100034422332,4.3486881628526035,5.085957768198169,4.10529307183038
4.4434665500706485,4.745298627044979,4.5921703440804436,4.611281391960088
5.2784315396791985,4.883295619219836,5.151935006066584,5.020647896033056
4.8388206789235095,4.82102215407417,4.413158853169651,4.413663273921851
4.374370829784205,4.354700357017412,4.563494061099885,4.484757024498194
4.6904016421799435,5.0008531912589795,4.571424316379516,4.597682393505773
4.137722523485163,4.084721355555195,4.340748927573922,3.524292520977973
4.363364830789004,4.789039237267362,4.015842812040358,4.729311878635034
3.6011320756347303,3.9796602792700884,4.429683877887198,3.532758671942808
4.860735675221337,3.76528814198024,4.457011949276508,2.984694816755796
5.043320366069014,4.834131655999688,4.876644982425466,4.857038209395222
4.454357575676751,4.548485874245888,4.826305481146349,4.528782310317567
5.497322630320528,4.821168872186799,5.4253234064945834,5.429584370474875
4.6068754904148514,3.8557765566825313,4.685788671334326,2.8846945984824433
4.041568711356838,3.87918333014149,4.82130193187428,3.8435975067170287
4.236729359504268,4.438069687248046,4.851101829973262,3.9339406385653977
4.928307097416335,4.557892189606021,4.65961216199091,4.336105944669206
4.71560348337617,4.563275911845847,4.282821484431646,4.498344984471597
4.845361889189485,4.189341027538568,5.104437602163034,4.031297160642756
4.439604011375176,4.076384439827052,4.917596903368165,3.3868795472293574
4.52756068192897,4.296127469062276,5.18552458762366,4.129652455542328
5.403153192682234,4.878405580997958,4.607948845956036,4.375608215661397
4.973795634567835,4.904913146282048,4.160537128344262,4.613540584991817
5.088734150701573,4.636417886884099,3.388922603802303,3.7422214704951404
4.775905109437057,4.742856015551367,4.560229995070124,4.695320500213571
4.733737591427547,4.428012046172945,4.113457760665028,4.065940901307287
4.601424109712468,4.368579025427284,4.881664552211839,3.961731770798714
4.764447281329686,4.794176680787658,4.704866167718388,4.905644965689354
4.542937615415414,4.708039973840062,4.952589602674529,4.543208998096834
4.781299775253061,4.312116676494475,4.89637254926688,4.099333960594887
4.09228427738281,3.691774849010393,4.400847383620798,2.757881381223136
5.093257167881316,4.461632095812243,4.849746277402901,4.604739783066387
4.934516258716105,4.739217719975736,4.893875704131893,4.534618356069064
4.054826363921517,4.320516218236361,4.799224154632916,4.114053352802751
4.329646718490859,4.767309941282797,4.499798201954973,4.61162401659436
4.827651519689895,5.2401026372247035,4.798374096497473,4.9871726118420785
4.130246799121028,4.271385418705985,4.37849299692766,4.3084707912057985
4.902443409000805,4.605916694560932,5.047531767222383,4.2179528367005386
4.765113594372325,4.716198472700672,4.425657431008285,4.2373482276342616
4.513772755823484,4.653499752977356,5.1660966135716375,4.309879998550879
4.206154555453146,4.239973084050087,4.959760220775168,3.759978347447126
4.6683461587034705,5.09291204681859,4.647369863228028,4.554227790516665
4.647456039304503,4.888005704212893,4.421145916126224,4.550145307241212
4.237312843914893,3.7477128990377935,5.164935697759168,3.752988550192606
4.379352205673891,4.344983319460028,4.5614737401747405,4.286355198665841
4.612820364916708,3.9239076548200056,4.68376222763293,3.5702225807826915
3.9601633707046924,4.322365811222876,4.568767125848017,4.0738507955498084
4.485469316849854,4.288424821509337,4.367178231734439,4.330450819427874
4.170682540528374,3.634009214118305,5.031182029820004,4.029621135127532
4.0919689094053915,4.654657745648809,4.824747357229697,4.594932606167658
4.630535532711653,4.465121169739821,4.786462274721891,4.654408137009491
4.790915393230321,4.642841260967111,4.46291943166344,4.12370501261469
3.633571485799742,3.636151798606927,4.592793198075352,2.9408498049825385
3.966992275301833,4.386815670570672,4.624339611860903,4.539082964725835
4.327081413226714,4.654413251720354,4.649770088296443,4.424056523133975
4.077106192358725,4.66485975154603,4.785632646629188,4.391519982736491
5.048711278771727,4.43649373583081,5.04044825679272,4.635647265470807
4.830659306574139,4.456786627662151,5.4074102223310865,4.804099452657489
4.049275171051959,4.980631903534814,4.454110908039366,4.865067965975388
4.389417628745458,4.121478108279305,4.787308125469382,4.341338358337597
5.087549147543,4.545865022493146,4.589158647725025,4.2895599970187215
3.9529692755338166,3.0950769394992665,4.939751661181311,2.3167779388323626
5.1980745473512515,4.338470210500539,4.861526501087227,3.795072173224183
4.828121424650664,4.956569114965812,4.458718009736945,4.713119391714451
4.001703917305342,4.473498959257035,4.659715856313608,4.589225898938182
5.345009864063587,4.388216030320612,5.300876773904925,4.323514768417439
4.461510504500902,4.583075572285569,4.629643357494642,4.222948980627951
3.679676719609088,3.5899540021287266,4.8668213224783505,2.6586538753287456
4.197204605271605,4.543945484310721,5.120826783131129,4.186947080832715
3.138782341243899,3.831892143483519,4.800293649329364,3.1783036631005945
3.1554399509542117,4.219907777619442,4.6142975294639585,3.8883902870619393
5.256775395950064,4.569773145098883,5.450524504801346,4.38209666560434
4.4886652710456385,4.257799664593441,4.151561034658076,3.9046424478462574
5.1142664916502145,4.962875597513737,4.3786768648999,4.69786271099906
3.5239148680463277,4.019794510928727,4.6370296546277565,3.875452954768248
4.34820526968281,4.339102784655381,4.897130081664099,3.8692465748306626
4.457780322933896,4.250116286740645,4.378196141175421,4.127201857481873
3.86617369291858,4.392012182990143,4.717553202931445,4.227660422151801
3.8885175206575058,4.017137055742564,4.74831528310101,3.7351820894513823
4.108353226294662,4.88941234895483,4.730307750826341,4.657812292135476
4.96094681083931,4.5703920517502326,4.287535218809531,4.303281585915164
4.624260409794392,4.364841052893728,4.655130570024116,4.496379083249573
3.6645688053819203,4.408694288678568,4.395691709894148,3.9407540977564963
5.772223182248051,5.156799210798629,5.151441323588927,5.223076356427427
3.840365782795436,4.008920215762078,4.373266221169384,2.9012000836873275
4.723368465575188,5.051222014928128,4.314416113285068,4.727548515220235
4.1702135644073675,3.7944004370730884,4.2548011108295425,3.0707163391724106
4.629514322794952,4.364579447239877,4.810955000262668,4.51910041863301
4.061068210712614,4.970083306800682,3.982510571991974,4.344716365870912
3.7560738560245475,3.5674033377901013,4.828304021619266,3.6530366149402824
4.995960315284708,4.877519019366947,4.303748087301756,4.779062245217773
3.562645100928026,3.5403089383247734,4.6216558640648815,3.197888653131344
4.470422628111784,5.139865434077288,4.8654088680486165,4.303020730954629
4.835592672936186,4.5888527324112225,4.097255896995086,4.015425326211498
4.86558488824452,4.2523684018737375,4.9252681551222235,3.9400128893494317
4.059200163348851,3.4921192225786353,4.519353523306019,3.1629502167745542
4.749615563662993,4.2941337427759745,4.410392599515614,4.261315361762546
4.4535434863771775,4.097187523007834,4.809877689940931,3.3741399458013506
5.051205102389737,4.481363008751856,4.639105649025543,4.387098074772912
4.607624686013666,4.62367831069826,4.707204970104376,4.751594378833075
4.812504035179918,4.40738234039046,4.714400047054372,4.067245524056515
5.263191769816983,4.369908704862808,4.7603830564870915,4.479692766411962
4.489883803814476,4.352514533419427,4.640075814708733,4.3025141405829626
4.976826565553104,4.917658095156489,4.499013584789315,4.458533796640163
5.154020701065115,4.157349566437547,4.920385237789821,4.34020061126569
5.327980623580806,5.03896391604416,4.953706627174474,4.881600311007789
4.064785722686818,4.69471504702533,4.72185387405155,4.291140652689472
3.417318027274108,4.178991781923015,4.532429104372693,3.781662300267661
4.698030290447221,4.495318834999075,5.031114489671306,4.3455542856811675
4.927442055545426,4.759331291220212,4.762588334893837,4.697378583095948
4.976170830321773,4.016157988359506,5.089337696112606,3.8818002986983124
4.19444201260936,3.794602981257005,4.913656307684759,3.4469737264679683
4.416879445607023,4.262829064019858,5.023129584244532,3.9073121303629046
3.5976896424879694,4.126140176305454,4.838372389766225,3.718324614542141
4.0731075010913775,4.128049202266086,4.642975290413486,3.9567165783065557
3.4570676107322713,4.163351108239222,4.770400580914765,3.488394879420829
4.810945259821442,4.432993238618624,4.602194940750077,3.836868504853188
4.684602753639018,4.659830854314165,4.323450880221998,4.342938749689372
4.370192093280445,4.933896100802625,4.355454731691961,4.69313938475261
4.631822307924799,4.555669615358797,4.810529381111068,4.178742425428236
4.9078025947222566,4.7029315599720665,4.973342303438097,4.242382875320273
3.549319153132725,4.180482353001662,4.462351485103489,3.5832056259292395
3.967650807433744,3.7251944287083494,4.805570031071158,3.259092401394732
3.7034140853405826,4.2223921887735125,4.614832047933475,4.117431970422206
5.46376603471958,5.125288214938428,4.7499193713682635,4.6508819872334515
5.024396008085188,4.527005286636244,4.7399213745627184,4.357597015907391
4.194113301483312,4.39672723618201,4.504057045236711,4.427259847133908
4.660104425642503,4.42970917161908,4.696048045639595,4.456514999425639
4.305461638541881,4.57900477407541,4.284262872147236,4.456394304475662
5.532276519519463,5.216467191462296,4.445403068264102,4.525412051706955
3.973917357699709,4.435258483768023,4.240693871748175,4.196076051524566
4.870181593302977,4.3319332806707616,4.594342804446784,3.77522682111945
4.019789918071875,3.884034184031925,4.406179509694826,3.6734558483501525
5.099079947261986,4.860036108087967,4.913599252595261,4.714227081064082
3.9999553864097477,4.110845205483368,4.7342968728093044,4.205656466916851
4.734842923979985,4.91587520425806,4.614249909210453,4.764076285602167
4.184596902140139,4.744216335425825,4.582941722057079,4.736770009405175
4.273984934378611,4.365120262017601,5.057445652834138,4.455998874052404
4.5051182552771705,4.368792596169072,4.725006145365315,3.9331362415474658
4.4911648479637885,4.497890463565111,5.032709278015036,3.553476592514906
4.506419246874078,4.40204619629925,4.704391696516922,4.665185028968249
4.363738004734383,4.13792266584993,4.592643200812546,3.9014410480679094
4.62827820380411,4.274135210816156,4.489566465360408,3.540042960591167
5.324017668400603,4.7424570126703385,5.050077332678892,4.690142695820697
4.385681747672703,4.270391684338311,4.588284567963202,4.288757371978258
4.558933811097505,4.853788868708974,4.780204939266142,4.585899021904759
3.8702349293434257,3.9973100547824223,4.542523931142691,2.913296889321895
3.9282469919549765,4.005551191234463,4.790942164934981,3.5438468950063013
4.499379562914017,4.705839327279304,4.752886119343927,4.151291251332709
4.835379916126818,4.3796036885637335,4.4310695502383535,3.8590110450665107
5.286511163714068,4.743724479003114,5.337851671598376,4.4866989627419285
4.3005546050453445,4.614191994224818,4.126767533372544,4.456629895452262
4.334055826741142,3.9018141773576875,4.523238511372646,2.8643520765315182
4.293373863814462,4.0669819821431865,4.2546663769888315,3.7539259564158582
5.024146322215207,4.417516622444245,4.930138886380104,4.164267779488252
4.584997964763961,4.21148960140637,4.634364761815007,3.588885391543943
4.127509413061556,4.177730857432723,4.3282937655537514,3.0649233345104956
4.041936213692887,4.2721687183779355,4.946728408814174,4.3155393174142445
5.055917602991859,4.560571459065302,4.644332106582141,4.355003714654316
4.354366281494968,3.8569775375320066,4.540004259323557,2.8074530471044863
4.367078300447071,3.762170621702121,4.90959138662779,3.4086457923589197
4.877247042036971,4.669744020616843,4.721803480364481,4.392985475056753
4.209913401266575,4.1826556719839845,4.963827164196447,4.020936116045243
4.44987372559933,5.2656308528698155,4.697561819409636,5.220829665184261
5.063161006937682,4.4997660408894475,4.190005353680919,4.443331420965887
3.215249196479521,3.572678344655729,4.30630511923694,2.294925008421745
4.243017572511143,4.525431217757798,4.540993085736664,4.717853846392767
4.51151031620642,4.488291665477523,4.459663029909509,3.7216280467324254
4.521859181931397,3.7658451307726875,4.584047222248134,3.700615462286546
4.014735547509275,3.884131901634367,4.945802103799463,3.6894682928611444
4.62640581101028,4.635337000790525,4.630127136078854,4.944041848691323
4.366876737859966,4.383509629211844,4.8045583393323845,4.049164204616453
4.575777907684133,4.452581969753861,4.658031786332483,4.602984253779916
3.9161095230286427,4.661179842076822,5.428542618126922,4.328392711402004
4.186409513502824,4.921888151126965,4.807488697701158,5.028057297492242
4.437913949537237,4.529381285750936,4.678023965352611,4.355019826433216
3.845280058284313,3.6248986999941177,4.799611734724487,2.87391501006776
4.3790618078932955,4.1861606900516515,4.950822458861083,3.3823349374129332
4.430006656117281,4.149111504153553,4.620340985398556,3.5041492600174093
4.808319168611403,4.544270812806376,4.926155721425889,4.267620034325074
4.581494095905879,4.044143921052521,4.2650754323161,3.8155585282716
5.376319306312283,4.932787111812551,4.881091102210848,4.4492668435219445
4.5847218862263475,3.5533462596922947,4.5756544048118695,2.4766117792362596
4.969977594179009,4.366694763157099,4.254494107140721,3.962566816079732
4.695579086965877,5.0477504418639825,4.680384356569021,4.862526365430276
4.428861599468591,4.649722812209989,4.211787360228241,4.441312959208506
5.835705664720042,5.053148240338238,5.125936001823129,5.241589821983779
4.710717890954205,5.039250674456864,4.826656586231494,4.939953991265084
3.5348418999321853,4.597270467080528,4.712898640204313,4.447124435817229
3.583864960625041,3.7875997723430417,4.437598754062618,4.004116679231297
5.018299977221361,3.8561402694155333,4.295466940960792,3.403341547539674
4.954644666718981,4.882380209627172,5.6060934462690035,4.672170166019514
4.85683210404575,4.5649715756680465,4.574584656624063,4.7210219706653245
3.827116500116263,3.6289354422223488,4.854087396777447,3.227353511116431
4.873648427815541,4.182180744859962,5.015338981265145,3.7864491586416062
4.894833192205321,4.234752541978226,4.757606933797512,3.3742134408650752
5.285123545501668,4.797166238265175,4.726342932508048,4.576168115995486
5.656156739032377,4.59363882582709,4.298950964520038,3.759288876325148
5.001881494062509,3.690043757131067,4.316127930369272,2.758742251959409
4.992079352340068,4.608321811720407,5.106149389928074,4.57262951250901
4.529118437408718,4.470531846880722,4.805103978990525,4.30325967334673
4.717175495276343,4.344996199894137,4.524759225879103,4.516346331728238
4.209522946724167,4.0138082860715985,4.39741621593137,3.054670686346616
5.22712357966697,4.996940519614846,5.700026139886986,5.178853391600557
5.355774250241672,5.076834807931337,5.2589913625206535,4.741431413518793
4.864843336245558,4.7646225926405466,4.136769562230877,4.6776106588510284
4.975543721557327,4.6997460929292885,4.713252002391764,4.8244476366944005
3.120139476652775,3.3410671764459687,4.602449024622011,2.8221564321659747
5.2685301825890845,5.0807506952541805,4.071268145997392,4.742415317934526
4.5515559966501185,4.039322996415018,4.274523934911096,3.117751715296678
4.845972748194327,4.284834450141277,4.558648387781724,2.9101949731747645
5.6313248580940956,5.120154697998625,4.937854161882843,4.724046563103899
4.884125711312461,4.516355234915646,4.476309271600988,4.5514953341189
4.949961664261129,4.856999224688035,5.744017837205381,4.583716047475015
5.15564714418087,4.470974992153772,4.1052046066084475,4.885945469463111
4.503388000834827,4.253263577795096,4.266930037649329,3.6179854671819762
4.145878221036966,4.145351005421233,3.7014581131742608,2.3754227626521507
5.193494681706608,4.413824214974666,5.3758617778093845,4.0001250175772505
5.22502682918903,4.0775894962526005,4.831810959136925,4.365201669865268
4.141003052434159,4.023871036755148,5.302228371744952,3.7070495460528017
5.366025435894771,4.884252607549926,4.073841129617553,4.565725507124716
5.132597874521008,4.283100695779269,4.374978486572853,4.091313920173807
5.401766830601964,4.716459514722243,4.047964625133944,4.795893293150754
4.897739378188289,4.1237959362612076,5.159332779203835,3.855250217921092
5.150682075922989,4.637840296042356,5.2781106756992076,4.148717635556182
5.2023791662991075,4.730085370482323,4.5200585582981585,3.7869269757456085
4.595369847416442,4.9277156305049,3.8785595815145153,4.638160213484829
4.7508906301252845,4.760109355954106,4.73529297130339,4.248474611837954
4.076439854276923,4.164881691353825,4.838758129830494,3.4721832246429107
4.74469047679557,4.751996369173975,5.127305661541139,4.350111818921947
4.9109180998349,4.528864300125391,4.630552468263355,4.270419828456948
4.138177581912095,4.542241384177462,4.709467510159841,4.3684753107925465
4.9026369857724985,4.4671526079373125,5.378309691051674,4.208026843387866
4.328421458502083,4.120284219312373,4.393891632793397,3.1579643401526845
5.4087478454777616,4.597079609499359,4.268871176429695,2.846562227120061
4.579682889469639,4.499843507925393,4.708460249708026,4.191328452466686
4.199812970098144,4.99300928423677,4.790799846745432,4.949566758050459
4.38972404019113,4.198647232196215,4.807354384104671,4.0395222941639135
5.044121674160807,4.745142211933423,4.675378168140274,4.71178450583781
4.671720464503999,4.266154526045098,5.074233472166064,4.254564345224474
5.085335341982973,4.569220791327884,4.925030815217104,4.516170163346662
4.431902646945343,4.2206660875523765,4.940897789921698,3.3370002903704923
5.1383003626576045,5.306464900988671,4.416107139979553,4.719923311788401
4.081400820644661,3.487396417961833,4.342439833781841,2.896114590240866
4.102081015632052,4.524529538806332,4.465019258849811,4.476435276426759
4.555236827068585,4.6754015829108795,4.350666432483032,4.315625417664312
4.554730177983913,4.50595630794108,4.41738238384562,4.294678707398698
4.395629159529239,4.767932163852763,4.308353858831507,3.9596527654247846
3.408208962810281,3.610760839897332,4.536381447150761,2.7519521575419192
5.15567380646251,4.8103226876738026,4.186885403750184,4.469096050148786
4.908863740894614,4.857055576703475,4.280048164602526,4.711041490982159
3.5371687453091027,3.8398922491871716,4.621350083075628,2.747140491225178
4.302438405563183,3.990643939918582,4.4494333340386545,3.0294517375178636
4.1155650942066,4.161029601600215,4.633510138499898,3.624582236724869
4.1156442558218576,3.9239024890692007,4.618806581777072,4.0069513745900736
4.524834271204001,4.650486287701288,4.5542156079396525,3.654107361134559
3.3005290027218575,4.5335715348091945,4.261000150967561,3.474251766196407
4.560894737274734,4.455434962008862,4.415670886787634,4.246516423478327
4.391521644023387,4.349463117772941,5.198127028166807,4.363232957527862
4.571683415487966,4.147456104330742,4.533449337328968,4.219532908090174
4.195313734826572,3.7062118143953375,4.627491803437887,2.9380897189400894
3.71962372238163,3.4230081651114714,4.848048717281627,3.9201097502962514
5.437278883941722,4.949393195877805,4.174332603075748,4.459299878349887
4.570597440950239,4.57405531757202,4.7356776583388145,4.779558343155497
4.914691725283214,4.883534359614718,4.504079291868914,4.858100186856058
4.848889657937653,4.71501009355835,4.146976821597273,4.368542356461348
3.9559509266170227,4.639375859991699,4.451889452208142,3.9349417236505944
2.7243643409525258,3.5057186110869942,4.457094629913507,2.980831057575747
5.272720859736572,4.046114762491752,4.390302199489324,2.7378593532687363
4.686471418293038,4.277438177386715,4.713343296340692,3.8848993130460285
5.345161463376032,4.836242484685122,4.629139023966211,4.540954514684726
4.581597938195877,4.908024064054197,5.2369021746325926,4.548620854299852
5.595335162576597,4.9938357741936406,5.065072509370893,5.02269304187618
3.3276272901922375,4.2991673362901555,4.778028974615215,4.038124809041622
4.201308431544874,4.706685635136293,4.637888238174318,4.807948793692355
4.558827227040885,3.903554656503846,4.350948325187046,2.5392041894482777
4.317292592003838,4.235322674461257,4.167903495691386,3.394365478839737
4.427309159781113,4.261495437643439,4.191777057328888,3.9440858105101855
4.939321538478865,4.505663573459767,4.67025478545727,3.813150527113173
4.851856586613807,4.006090164477233,4.807325393445634,3.6163184918345332
5.008876712324501,4.827711509059544,4.8049370944228755,4.803409416125574
4.831392595678396,4.72865860693501,4.661941540157849,4.41489311031515
4.725634686123731,4.686947759460187,4.626313034073065,4.353613150257092
4.809616440490311,4.7254020285945755,4.758502813916561,4.597838882116289
4.971991560807655,4.499611568888166,4.912513275992311,4.4569577817639265
4.095993795844858,3.6399501635467093,4.914637461366651,2.92263069933593
5.843246699130725,5.043589688418996,5.186518891918372,5.394018085946795
3.7751736365787116,3.9311274115835433,4.302053915335742,3.4692180861913737
4.442476460947757,4.249421215080286,4.701363801025636,3.426165887449088
4.4928896541589465,4.626773007724912,4.2225719123179895,3.7448574909785797
5.001939078270493,4.39913113423728,4.714694831576743,4.58904467397992
5.250311024377984,4.501258232664524,4.698891127341312,4.265092673306192
5.19276904761541,5.047242370343349,3.953255045608983,4.649391702975789
4.942612566713981,4.50946234338069,4.504229547746871,4.378801824675712
3.468210611816327,4.422972154216736,4.409372400636578,3.609604911018217
4.125417014393699,3.934030875051809,4.585798407504682,3.5049476084548723
3.544307194340765,4.423636056398401,4.438439567361641,3.7312545151503724
4.460419032095995,4.504909188512452,4.5066443452407,4.251507501677288
4.528939375982161,4.066779224954298,5.133066210402876,3.1426459979583115
5.908208114095352,5.1746276061247425,4.634573714749454,4.788843829942933
4.47865566920962,4.000610440749597,4.9898192542786,3.59018902480083
5.150985785743582,4.32540220260099,4.388744324856882,4.010789016165967
4.289585107043093,4.906652712762681,4.269806325396689,4.664527590834552
4.437307295375135,3.5689318730733115,4.165029675456746,2.4556208667728767
5.368329176526807,4.94738423303305,4.742141241738945,4.331869764630303
5.029913651741367,4.429910990980383,4.8699758402373226,4.424948772889425
4.910035823292984,4.869525470936174,4.585724504380788,4.7315554113408025
3.718572338514588,4.954908316221638,4.193430274359515,4.59671052912692
4.492036678969207,4.233755123681057,4.067595323819275,4.322922566794003
4.653056113191779,4.788257247752265,4.880003383203732,4.7221683029229755
4.405346945163929,4.229564666328002,4.517691131463248,4.380853399072328
5.061016987816982,5.047929363861231,4.429099669949094,4.523954925852262
3.359717845410119,4.0160332690096565,3.87961543784275,3.809237738559996
4.463320076080969,4.415264462031088,4.420349567411961,3.449205376737701
5.2784275247345525,4.7775313870669995,4.987745879314385,4.7653221989769925
4.53697914339647,4.186356521062566,4.384732892331289,4.0667233729956935
4.227689001503266,4.697261402780812,4.390527451637809,4.649226810489682
4.694675326640824,4.7023085110903855,4.25299487547333,4.529467313561494
4.697715699166066,4.786749809768969,4.89786057809631,4.776359930465152
3.9547314353381786,4.912942327098293,4.485269276156762,4.678130796778045
3.0538983089778395,4.025770145818863,4.214907860867132,2.968656333208944
3.973935017775233,3.722318855343752,4.5795418136555455,3.060119344919291
3.771454968749612,3.986896785090794,4.1075509210132175,2.989366277499804
4.679142580134682,4.550576084997361,4.663371231766814,4.5742764437304055
4.61189714496775,4.2716212762143355,4.829848544303476,3.498017906093649
4.351879698573227,3.972456822557898,5.264860136944807,3.632255115820818
4.528863455141063,4.602342331534126,4.617969888676222,4.178072937473184
4.309131450558046,4.510159403617216,4.690959038795594,3.8725418145492383
5.185826102216766,5.338983513976206,4.934671175876296,5.333234872382166
4.177899106925791,4.043322008500095,4.733343153416501,3.979634896292708
4.659924254745627,4.805387187469353,4.5684746476514455,4.778649324204186
5.021944870341896,5.393422961970453,4.6747102467616095,5.457276870561712
3.3605755609372747,4.301994682541498,4.4521664364995415,3.977721883936658
4.095480865229319,4.452055817271608,4.667243685675351,3.666584181591053
4.820791727308574,4.389662247616169,5.312686037829617,4.741728169706919
4.833893871195226,4.021447423963565,5.072865432881442,3.9232969936822997
4.104410426995687,4.676116444263534,4.647619680500416,4.576625350400232
4.529938370759348,4.222202736065188,4.9276442133703675,3.8267892058429887
5.115130489464744,4.569893952835559,5.030279117592717,4.000067160321521
5.076037431790277,4.615190221558782,4.851711831745996,4.341178155267351
5.794649848346694,4.986783704031594,5.009376263605693,4.50747611954247
4.653143468322211,4.153833758119534,5.4813524723117135,4.116969783009018
4.606764874923762,4.599343924389957,5.199414035924285,4.58727796612797
4.6287622778525295,4.083645805731212,4.636187526908725,3.4045149976777562
4.359649091699553,4.6541525832616495,4.781354554464567,4.447245670748472
5.326621457042772,4.891906313213694,3.8133503613396833,4.77958709739649
5.181071686884361,5.060683888930913,5.058165411265918,4.602423101977029
4.160591514873149,4.306640276319981,4.68448128565741,3.9287975668005792
4.995509715357871,5.047191685237714,4.520627393439445,5.0491165206143815
5.22095208514225,4.514044784715413,4.437657597399117,4.657083349645237
5.188212289801707,4.567232006940056,4.709343132778186,4.390214117756739
4.5534173999862775,3.9921916869895773,4.916620818917461,3.181423090185526
4.7106758333340295,4.288750569683337,4.955367250982532,3.910016226754216
4.026646884608192,4.898558433247627,4.2537978235577905,4.459456950309604
5.6057676547077895,5.033471971933696,4.670182032115566,5.149000200310548
5.132737262077143,4.808562477744013,4.4067351959179515,4.035209949751445
4.493458786328479,4.056631358593955,4.94490915497197,3.6538630560877223
4.313943749215088,4.920610289670675,4.8466582325435255,5.083882612804277
5.33221315302931,4.705730382092371,5.656355544274263,4.7480097468493865
4.1362204693757985,4.579618778717203,4.6608606696648005,4.173421465554626
5.309168000116791,4.996509595920623,4.509208930421247,4.755449009350051
3.9936715075368903,4.623914932111586,3.978678098977856,4.1021796667138455
5.248580838172862,5.110702779470895,4.352090781014775,5.205170751614234
5.0815828191886565,4.798603355812323,4.173122936359288,4.44990932325634
4.53765495479285,4.820303343270376,4.522063110097457,4.179394401793794
4.713286695436974,4.407202951236173,4.336240068116078,3.595236842114073
4.949104950610715,4.826229797511245,4.333021172260256,4.676548380188698
3.5955823634466166,3.6710949510124915,4.634804629212819,3.1017603337511117
5.245170849431595,5.354449247281624,5.065035381864978,5.078273812742656
3.4538929745474873,3.9982217803675315,4.779196313018429,3.521166761062382
4.741691250537753,4.70517255358563,4.66201319484078,4.611283405521284
4.147552994887357,3.8596511515923813,4.320495721388889,3.057848774546561
4.288374734986432,4.941639526030824,4.4703606223174654,4.43596119256943
3.848503136002748,4.283959359648075,4.5226073161044695,3.368532772497384
4.193962606798187,4.615436845177493,4.768897171737831,4.708463638100022
4.43645383712266,3.9819175957314057,4.110435296544328,3.302624726986051
4.211447319457165,5.493603865268794,4.171486178652835,6.127410965778398
3.3671497587589867,4.165809941307452,4.725257655567239,3.229262013117898
4.239024961322574,4.474840274525859,4.237583464576131,4.664747883715308
4.630562645156962,4.954816961553305,5.083567271407249,4.667132487987853
3.4713071526500845,3.8199213867554738,4.4081474154904505,2.9595249645546184
4.062244400793802,4.556735543017178,4.7199487071019695,4.5171707436511905
5.073742144895462,4.293169171006549,4.524093214371522,3.237165958992916
4.56190691549474,4.78606179441211,4.699912753610835,4.690284835076127
4.647819335694581,4.581978317945409,5.324465661523898,4.477962193350695
4.1858119581306505,4.032570585032284,4.5082787888760185,3.4170055611295598
4.520170179405611,4.608421035780941,4.202396261201747,4.456845432918996
5.1112532913578,5.3954367688566425,4.463561648711657,5.117970121221333
3.9526594494687433,4.619518692790099,4.2059428882443015,4.806445589845464
3.7752349268117187,3.760701731262189,4.232706931212022,2.968508848254173
5.688179828969804,4.445973776323496,4.411686796869834,4.093734540175249
4.748841120016114,4.4573639053019765,4.455715698054813,3.824170942908297
5.552719308609628,4.345529875351612,4.514377712922029,3.9898030902981576
4.449543602198211,4.232024675366507,4.667580498951028,4.043226033546018
3.639003703314075,4.494324260657477,4.46269746168273,3.7632697988261503
4.727113961483932,4.397766326583376,4.3627340769235525,3.7719150917738316
5.10446414473644,4.636531549343766,4.412472922143587,4.327767814667835
4.025322348584673,4.918938234360697,4.433874825770698,4.581718110636496
4.894801949487498,4.747849070095386,4.586729597528129,4.961207235724672
3.061188036873352,3.7653621379871103,4.7156297097655715,3.649566271738117
4.946562654390399,4.919998871690325,4.5532429520152675,5.087917233041136
4.493485515258766,4.98945903293245,5.030919588215324,4.824918279373915
5.207743755419043,5.033186219593532,3.9954529682228093,4.959964910225838
4.703142884385071,4.601405389298943,4.548178482585503,4.382986632947542
4.4919924370908735,4.939385251425293,4.5257936773529375,5.024833970707375
4.867899758207182,4.7654512153349335,4.128010471186021,4.186794273381513
5.017983420134962,4.802104649040709,5.112226262149191,4.620264397179291
4.890881804348278,4.601066016524168,4.543173857296574,4.648066040703545
4.9158928893783385,4.785015346087414,4.309111047619748,4.380193304018452
4.491746119830075,3.9496335257190913,5.297122486319842,3.8634762098685864
4.288658515972636,4.673598223608783,4.8264580785512,4.344191890417232
5.446879078535705,4.8251701686831865,4.614919310243894,5.021132842422507
4.642785872847398,4.721641991600753,4.5867272554009295,3.8572988476341843
4.697107624056053,4.940635580380158,5.384487527430729,5.039803364069814
3.607247291722674,3.9489817039868957,4.929880394142189,4.116353081356121
4.7491920944600885,5.002961882673275,4.226487849987235,4.337117902886629
5.273698973823078,4.875643664636065,5.031160294240968,4.645133159247932
5.093188642031989,4.866742533340033,4.477720033394864,4.145487054025861
4.690105943312275,4.43178086836229,4.654966251196616,4.256438809546613
5.522249521863904,4.760007687662673,4.763039265010164,4.628722554399916
5.006564586703087,4.440199568707638,4.827000406071419,3.6635212783566153
4.513340214659735,4.536489826703173,4.493508823424578,4.255488906313724
5.212562620829784,4.966832465375089,4.863649933134006,4.99628541740202
5.219045833734701,4.300845580534436,5.073920622194966,4.076509539043653
5.394561182605513,5.214701896086766,5.187475251117538,5.010860217795371
4.4642459280871005,4.404870595548955,4.407633655901752,4.545716869402809
5.0835736578537505,4.395877580514082,4.448169356545346,3.794677063440532
5.445729667377828,4.5022314369203915,4.917995336564424,4.488758213228145
5.398166304994775,5.27136205283823,4.094922644384108,5.006735280301596
4.936489805135716,4.539185929912953,5.107545238298697,4.660778677073038
5.441301736378334,5.416243316413986,4.558797693250458,5.448518769840897
5.817311727996697,5.183223859805341,5.569398575033277,5.139814689105733
4.384717960577814,3.7966498402037154,4.833601115909172,3.7340728406138703
5.349713721542815,5.081087745145577,4.464839422214173,5.400715724917674
4.72536332094765,4.847909956997524,4.7310792285206515,4.213446955181515
4.583863483890641,4.881392787841949,4.315385013423744,4.7253186184095455
4.777899309767179,4.711971109284774,4.799555128623988,4.726345277794343
4.656226001658361,4.423055209289481,4.96275701495815,4.220421874803939
4.447015820623564,4.6581832250587345,4.542035221383628,4.617412513055357
4.778966191655747,4.858296090544903,4.338915446564012,4.655192292564174
5.468940733067485,4.7362647282399095,4.236007555177628,4.330518689191903
4.414441766384162,4.387571446754091,4.5378212450044355,4.310669266588492
4.3029512854539425,4.5849539868053215,5.032055670463911,5.268227180224543
5.485597522971305,5.3728871282419695,4.716594661594303,4.720539548880217
5.499836822053453,5.08055614682541,4.520157189244307,3.739007446424117
4.02458903408492,4.673939754363021,4.869360032369998,4.438168931832539
4.929155287191244,4.739771428292994,5.039604375051432,4.414210890018977
5.275142316784014,4.544912980160987,4.999095718473585,3.498283529303146
4.985268878415486,4.520074344073824,4.198254011537506,4.382068114787204
4.105142553375747,4.235339455492679,4.532582637368296,3.522517054153526
5.330146363581152,4.343979538991943,4.723993081918289,4.492329099026635
4.574792771042597,4.189033262081596,4.391196808305408,4.299361535738173
4.54452238358621,4.08850337220462,5.218608802185085,4.021584022846017
4.715613956684084,4.353235864279472,4.621812981552949,4.318653112076897
5.258370625548789,4.893128555455203,4.8983174954649895,4.587459980804525
3.9787860925942926,4.9163187168819205,3.617067205746498,4.595366136145837
4.521471036502407,4.125360240818012,4.9155682482486585,3.667577093117966
4.860329119143385,5.385860668822772,4.7177724044355935,4.950364110504798
4.413503977297288,3.7625873958174054,4.388353353454855,2.82373751396018
4.226332987292522,4.543108551894458,4.509279489172916,4.226702925143297
5.1077914378764655,4.86812476839547,5.3955872143238,4.666730383672133
4.180665608319946,4.170254292718237,4.652316087093562,3.7720044198696927
3.7358734125546116,3.9326995096203947,4.9224503628772185,3.698536786176688
4.618757324664486,4.492677488713685,5.2302607281620865,4.211002104690962
4.7180505229962515,4.616650771661194,4.929381177714028,4.109903531948522
4.184926137455011,4.693006764782768,4.683663706195442,4.623345635961608
4.8987729983168204,5.033131762386203,3.944811020544818,4.95588904008321
4.226546279453939,4.059326282987993,4.905179415347981,4.2222086066499145
5.034567472480353,4.0738172307514295,4.817826297375741,3.710521365379507
4.505435713811061,4.296559562913335,4.976061441341922,4.150134040583783
4.685135704445216,4.719624861738543,4.731708420184617,4.275153576914291
5.299608106900073,4.620385559239347,4.466919729467841,4.103814091393101
3.7176280490115836,3.6500653486977637,4.3715342640936665,3.3311132512398336
3.949236157242115,3.201210684198488,4.1944063335464685,2.6397649538683807
5.1631421989126665,5.0491590612922845,4.488850419490539,4.164741193624843
4.271536168317177,4.56658644382636,4.6003462668395185,4.2341001013176625
4.1566633940507485,4.622665283947556,4.960053474568743,4.731712771557123
3.8483630786036738,4.0352178354552555,4.502703497713215,3.677794088689833
4.586356426930801,3.665591563523131,4.190887087761509,2.802942444557566
4.932421902212635,4.738372305818256,4.536198848791128,3.730713962306492
5.05073804748458,4.621221354584858,4.268576904260917,4.244779974330776
4.223424367022038,4.562014905312418,4.605492370913369,4.087009781056504
5.362101783957534,4.494387060628608,4.631060229243647,4.220882253805755
4.840098718266923,3.971259651276848,4.732598593337995,3.4643196201023327
4.431290470438344,4.967961078683211,4.50367685136287,4.930594474226203
5.294340411575176,5.279445784235311,3.732582288856012,5.003654862352281
4.308445506119677,4.510832702770818,4.63881846628272,4.433066640311893
5.246986784667867,5.159263225372924,4.307353322364073,4.701354625548299
5.097830719512625,4.89967227258638,5.352813026522769,5.084872658910187
5.023274178263102,4.933112968235902,5.468978605062221,4.789538800826062
4.326238993103577,4.194796467946532,4.636159870961856,3.261648369633167
4.8778560427778075,4.146858424475671,4.973112139837288,3.6349418430122244
4.789087557828459,4.718330726483471,4.406179129391143,4.970333235159029
5.3756710529816285,4.880365983945401,4.175252059530588,5.180175914958042
3.5089737836797754,3.674327219267608,4.5137161285736,3.241213446601001
4.101349347900129,4.127579620110457,4.853868016003338,3.6830090224891734
4.117366083121343,3.989665987524495,5.001039846956809,3.6243597112913424
4.5510332500564035,4.37971350929942,4.498842261733841,4.000377870467408
4.935393560648669,4.766377040242397,4.425061316146812,4.1876381979069235
4.954005692558565,4.767044180025195,4.22178478306309,4.53386184958278
4.970744608622012,4.239989387515918,4.860245289947309,4.592506303809593
4.790038103946418,4.841479418673111,3.9226163568376973,4.579113596080517
4.676237865037684,3.6850619262525295,4.805841945506319,3.385322600789391
5.0163495767982305,4.524511023214555,4.092495891159187,3.9422789729784324
4.841006854437189,5.234317332812457,4.069472746636626,4.9864745842478015
3.7484001004165584,4.322718643348269,4.393880590790267,3.570497064246568
4.434856692055743,4.934595907039175,4.777112746093997,5.020627901800548
4.552249082513193,4.534596489495397,4.786550925711807,4.329462178841813
3.979055259933807,4.7508115576878245,5.050864245230331,5.016370866151898
5.011237436503812,4.606553547266803,4.613985352411271,4.594017946223475
5.412427268972752,4.275012612865692,4.571374714681931,4.8160346715081515
3.7697478156652315,4.329271616518114,4.614431516498072,4.190041786764274
5.176867454442136,5.138441791070091,4.404310578956529,4.704082191019409
4.62523585466338,4.453572913843315,4.59339048142967,4.054516892141112
4.942981470419184,5.057691680119976,3.941018746329561,4.712184259535294
4.494521697302942,4.629018105141781,4.592520600494299,4.702302876947658
4.614257202782556,5.236536641584255,4.1362718047553635,5.315689053067589
4.6744093490803404,4.6921016546427134,4.574856277614327,4.159332467302929
4.758643206461747,4.787805251814023,3.3940438282039382,4.552069747046686
5.402278761815399,5.006231575548857,4.881591011166449,5.154449868095394
4.825205875530425,4.374592498143584,5.053898128832341,4.241860787095255
4.54390221545772,5.032340634588999,4.3615646315815475,5.044975368791087
4.872929545557797,4.697446541417881,4.777110877183006,4.237896269706729
4.755599528948668,4.822780092672229,5.021230272902287,3.9802948177918163
5.270956880759786,4.813855852024621,4.744238473866133,4.63901432120386
4.876834361327983,5.303163759796466,3.821279208829549,4.778542382189377
4.286704822035872,4.086790481635894,4.985539216074688,4.363472842852057
5.494580829481593,5.003460619093471,4.645624278814705,5.147656043098621
4.1796354644833285,3.837595936465033,4.561337867399611,3.4381658314345165
4.591538130364738,4.829017296724116,4.4337325771498906,4.5018818754817485
4.27697201962071,4.466216739951589,4.493899344570583,3.996997713093268
4.227185371343478,3.8989101177024543,4.139678778782622,2.5724539962403288
4.299031087520255,3.7297743130487464,5.000812901574898,3.4452592327861025
3.530791142627517,4.072847683935236,4.585430286758488,3.303177930869157
3.7867625598432846,3.85869474727841,4.563212825723838,3.4468467206651305
4.532648988584769,4.253865066114105,4.747340704373034,4.252224702368373
4.735129871893092,5.139690233539541,3.6952716614025736,4.6361444785107295
5.123549471038944,4.8464513198369765,5.0334995195049395,4.803289761548732
5.448008717504023,5.069034050165496,4.580460608578205,4.659848385056016
5.102029354657757,4.98390012800922,5.334810155238108,5.227763883539582
4.01308592163842,4.922854538891353,4.3480634429319505,4.666863926520764
5.059884079315424,5.119138581143254,4.10515164925787,4.471064609530406
5.153276950657515,4.80143783939488,4.521200126046977,4.53214345525363
4.629507833522204,4.436788861452805,4.628226120140179,3.8666592619317206
5.313500977668221,5.289023862175383,4.685771760437814,4.877535687219067
3.405767221663501,4.320692927217293,3.99189282956486,3.951919044681522
4.668649344318329,3.863668304449782,4.793121840877651,3.7789896009685453
4.558511207343446,4.329879578295297,4.625616173550931,4.969882486290435
4.038519220332261,4.556777195892664,4.178741128212743,3.2369858388689283
5.481158123857705,4.808815957361505,4.698890405111723,4.5832052519488204
4.70379039070648,5.015006349748675,4.650985833665006,4.782064686278889
4.548444853796488,4.942965352888496,4.154485646197495,4.658849167717762
5.2164288643689085,5.03930592275571,5.2354807288896765,4.877382601808252
4.50902922692597,4.542905824971728,4.716817767146429,4.281532113259948
4.920964591346049,4.510662053881249,4.265060692891013,4.285466547736786
5.026443274760385,4.55202618962643,4.5405657957868915,4.361214716444325
5.301948955772612,4.958767193160944,4.859453096066623,5.405130071298585
5.594822656604651,5.370732198910816,4.936653054654825,5.705379508234677
4.081383245103958,4.658205670747397,4.0544355919398996,3.736546196122196
5.015368970321709,4.254408740679538,5.168693304288376,4.586239851110769
5.1339274745910926,4.385234291311494,4.3024719813799805,3.9572794738162225
5.1469151298533165,4.660604573685418,5.164974099854978,4.747140607398725
5.066546520376604,4.73696978825587,4.029856453230352,4.3729764574690835
4.558229936584961,4.813185239806987,4.52585733919062,4.055236159813202
5.1010423531916365,4.379042461710103,4.56500008811745,3.4351453222012105
5.160755669602811,4.6122301265839365,4.620956230137005,4.242151141488295
4.73817523799258,4.173569035952849,4.960485775219839,3.8880991291201648
3.3406529445530437,4.686946197589269,3.695410400863629,4.124550673295545
5.360084991554235,4.088773273206228,5.127649029819132,3.9933625837142275
4.936182295916533,4.389084900182676,4.506531563589673,4.268710913530337
3.8284636219572943,4.769115853144437,4.176606748105699,3.7707859039172495
5.533137964199832,4.0317382291206165,5.025881230480835,4.476559258005596
4.963676149228077,4.572868403645271,4.224890965409316,4.006077312353799
5.076683434927754,4.161338026825216,4.936493601683748,3.9594570832880684
4.566530932336529,3.9404321944430727,4.2862101842291445,2.879239016720067
5.246987562582696,4.057296653092206,5.019313555666604,4.205481292733624
3.8401377051402767,4.354907126596385,4.324542550556613,3.6565912483798355
4.464009939684784,4.6667608413504365,4.719044114407791,4.130407173443667
4.955039875937188,4.345345190518883,4.0796418506229015,2.5364572642867804
5.050223905911711,3.762315196830697,4.9669770834021945,3.859409095894544
4.933213516537525,4.272301187701003,5.383720321230204,4.758414536697727
3.5430081156854727,3.864559549835242,4.757901476623219,3.2193178706780725
4.509609429228621,4.471145588244938,5.416799891153114,4.636318598235248
4.6005348651638265,4.518698432679512,4.531837455235145,4.062887096161985
5.19358592160729,4.095265321668913,4.676232069989551,2.709484189971196
4.087743642867451,4.210486468635267,4.619543337717541,3.591078186564206
5.141121553335836,4.406536072406199,5.598168672531682,4.732486259651648
4.674842887922639,5.089268325618265,4.760545721149474,5.08078063814787
4.606903529176427,4.41504076803077,4.918131701130325,3.9057296548255516
4.057015712307973,3.9329753666615734,4.138290375924034,3.072760746959218
4.919145176937232,4.501445849904594,4.2900762596773525,4.102027368297662
4.3184247436953935,3.901450352408903,5.078378704679193,3.8950348578647125
4.542958282291317,4.532046047858663,4.377374248065742,3.652903756397751
3.750711281152153,3.8453779697468677,4.605723490436891,3.1847707108970194
5.161626613904332,4.4189854525289824,5.327166937975778,4.506424430388604
4.32528909987149,4.310441386114444,5.066769027554501,3.960801240090976
5.330050396870426,4.087885043442522,4.625109990102249,3.736963680700845
4.665168368121172,4.22585172522393,4.708868191803799,3.322829111021272
4.623236891322137,4.5235541310218785,4.272425652358664,3.1432437997551244
4.931065511869723,4.210162556367886,4.8399432758139,3.6815162688828393
4.078013781456024,5.031972026247349,4.398973621098294,4.322626454040757
4.047998942627705,3.9045491005689406,4.724384733631079,2.164227039625517
4.734761638342512,3.4571421902608117,4.633040556088935,3.0672091943100077
5.6125323253202035,4.1835635831162525,4.38588619984731,4.113126837813682
4.639816971482272,4.596650557886499,4.850255772136486,4.147763392580207
5.1534252886565906,4.2774269823315985,4.751218917135309,4.583312428745426
4.706876377039898,5.17992536632668,4.5178849335257905,4.985109912178694
5.179367320370882,4.46078336511021,5.349550717535795,4.477890232494663
4.782856104915369,4.193044661243418,4.862354765687709,4.252332799289398
4.229267945766338,4.169299386593738,4.719745686194782,2.5481605503855067
4.6818801356351285,3.967719578438428,4.834108679876425,4.335850801772948
4.8046137652945475,4.124843801510098,5.259339113225581,3.913920697865267
5.423204248478956,4.960159560764801,5.1352343641154174,5.0064000980672825
4.874100447160039,4.946300760527872,4.034875547164851,3.539021669899791
4.83564849910286,4.955732004459859,5.013968738264717,4.7983539403463205
4.709093255380952,4.983520276730936,4.1734638588013,4.699473943000122
5.1372699556300345,4.0133032497944185,4.030334902394311,2.620552803850985
4.93440005053167,4.600597157267157,4.5569856115165726,4.366192585020689
4.953003026979151,5.245788742570155,3.9952488851597416,5.163600821006786
4.388383600493696,4.953186016786431,4.672513244855526,4.6164536844872535
4.661222562824936,3.2559491856442633,4.648422328909988,2.766178274093202
5.091113587244248,4.806702052952867,4.258428401030616,2.8978244985610924
4.784750157181355,3.9928082169322123,4.897035053813289,4.453390354918637
5.627184637849894,5.408943629608754,5.135658737275872,5.541276869361655
4.960788442381003,5.0344831133304275,4.757638350562757,4.718555812910291
4.787354613475044,3.4094207360860516,4.8221513465269235,2.3516894033824856
5.439515071671978,4.812335386690423,4.560195835124146,4.542207356891256
5.055487288045186,4.302565637484931,5.046341064632768,4.217665334243352
4.28537916822313,4.837558619669819,4.7255811732146435,4.1345901887133
4.742905830536731,4.468200172471599,5.129078091121894,5.001511525241413
4.610793733488314,3.7720173389387845,4.7411916952613335,2.7777092023901053
5.079279902175002,4.754430147338558,4.609853494961594,4.468669170512106
4.6630085154424386,3.751062005501052,4.78403795089454,4.273559533892389
4.890334643039871,4.184413802266753,5.121262126254289,4.343617029556548
4.931680385371828,4.110035914772872,5.3765927142677326,4.122243670874762
4.556778050167825,4.3737234670706115,5.002907162215533,4.06507481283325
5.261751950591033,4.360667699842201,5.340837746657806,4.30465419043309
5.329314659226742,4.959665136757514,5.435308109839272,4.976637755091527
4.925463976928295,4.251371003715828,4.611005299738479,3.5764810425082807
5.010059253843411,4.328547367200049,5.241803643008744,4.385989821039775
4.501100548877475,4.728269508173157,4.740926820608222,4.4839548798124955
4.378966690910499,3.9963743919987094,4.660146746179431,3.5216882547149457
4.320536151956069,4.81177890091714,4.958202824558085,4.938770483023561
5.288748070640886,5.393506276552953,5.881544075975697,5.494851497075008
4.19880615949749,2.701843172135526,4.83009320113508,2.1756207478182814
5.037654813779683,4.525241234166245,4.925875160128107,4.1753646416971595
5.242288107989396,5.273118593355071,5.0674847479324026,5.198496898623797
4.6852405686806575,3.7914638917483003,4.506930758254475,2.5036453703249473
5.06213737784183,4.1460383892359065,4.999893840356783,4.0943368501655355
4.584258683094265,4.6289825711933545,4.000927585210419,3.674747011741932
4.459269681295947,3.8562705766877667,4.468164074768708,2.9549751059946283
4.312413701300452,4.113135363460749,4.420473183055186,3.2062445888648483
4.539390217128424,3.6876952628485355,4.271635031029048,3.635323298782555
4.9598697306258375,4.103657567829782,4.765791193208081,4.172749491739383
5.5034207096180205,5.756455782630985,4.542182835366423,5.5027373787678915
5.311443489682328,4.66636638721937,4.6639257483230505,3.977760601668439
4.118923614305782,3.6525142122966505,4.484781460232583,2.867194266051206
5.245269974841359,4.338693977927014,4.446347365061373,4.609065045883666
4.3802770144957,3.6446641012380825,4.689352065110029,2.5767994264892855
4.573807759131001,3.921085665661501,5.007687776290796,3.869346297603088
3.0182264527063545,3.898468915726922,4.230663391286063,3.0363515654630246
4.854263051203535,4.069135255632627,4.428936739283298,3.9461856262267707
4.820874308732635,4.35612572318017,4.805989327854954,3.277955605636441
4.925642823373375,4.404768648293687,5.218948390382039,4.736875010259415
4.780474181451869,4.263643803223666,4.888173136272711,4.234274697135697
4.849826330356611,4.665800384197478,4.264162329702467,4.608587435618694
4.759225009521863,4.527407922624829,4.895186673007502,4.309285070284174
4.929234271467741,4.981143641498597,4.911295820241188,4.5695485277700945
5.579108192803824,5.5182315329142675,5.3467604995511175,5.722772028429974
4.472168646723657,3.7987913134909497,4.6392944145768675,3.950323318035205
5.325990264545634,4.4823210658057695,5.167986925618507,4.151435310515711
5.221457396275966,4.585801387139963,4.521017000519211,4.436912172252169
4.65350979608304,3.2344795210363437,5.021583090378978,2.9860569300023503
4.651614397521928,3.364901194920788,4.175722810404071,2.634666680721839
5.157038303905321,4.904427980458281,4.276982760087845,4.30684078892797
5.086313703920856,4.133519199870394,4.681060309186995,3.9815222743093557
4.705952975566639,3.8910362430538243,4.989300605352986,3.4198806733328504
5.336249115053485,4.789372767768644,4.650735408219116,4.2862810667912425
4.718368991187985,4.228984889372496,5.616622955562466,4.437899451268573
5.319164390706352,4.707549739821062,4.947167605862145,4.558794546066529
5.002211706513719,4.052679699169293,5.2274990220317825,4.1030759648921205
3.987721681803403,4.357129881787287,4.435183582989477,3.057129015732535
5.080434275017594,3.660355796220644,5.335979468639386,4.192444248987933
4.595801725385262,4.1894112122737575,5.485237994936458,4.118786983450188
4.766233346162159,4.431742974655424,4.702096962668358,3.941905276709908
4.1269155132004025,4.3739624101565635,4.736766120059358,5.139135233390703
4.717630682686489,2.974480052609176,4.039230537533792,2.219301091246411
5.041896244217501,4.565651174546976,4.641057422585761,3.527326836012125
4.785303655262225,3.980706690367179,4.61228121526569,3.730065748496197
4.496010886246061,3.882826672956106,4.702321986514488,3.312950324401362
4.485386971468892,2.991313155246535,5.008458030608647,2.453278083752286
5.314546502977015,4.320823082377059,4.83026484313302,3.6119750397936783
5.359040052723682,4.578528020657386,4.56057256496316,4.017407239853825
5.432520736496733,3.964619607304846,4.50509520511803,4.183981555770739
4.892001761870255,4.607016762204882,5.778648035492261,4.666334815295916
5.275851578303913,4.884040123839089,4.799077479579915,4.157124698919918
3.9827533144687695,4.4008143615605,4.444361616193222,3.8682495865480915
4.580107210657887,4.301054471658852,4.59288619452735,3.64983001574255
4.6773206524004936,3.305063669130506,4.554669916060186,2.533158856422865
4.528968051451689,4.42925626256373,4.442049124409267,3.383710230222343
5.27614178708684,4.821592177652694,4.253338710588217,4.937691808098215
5.222063115241605,4.269741336864497,4.401031431431575,3.9883864043115334
4.160065780369335,4.353505497383217,5.081800688447653,3.9669151679376395
5.2437770344756744,4.797988429581342,5.924781919429761,4.7265269458621235
5.330726582476158,4.2891684510367725,4.3439839794354285,4.484068631994482
4.735903367616625,4.85925634859088,5.0206601266226,4.628612965018263
4.7926444170288445,3.828778790416755,4.002141266682905,3.366919932956401
3.6783836853028027,4.231497859370414,4.108874132140935,3.06589859485485
4.929192688164629,4.124963932719155,4.513671717620733,3.3628540417461847
4.550998848175262,3.943416903182224,5.084116269633379,3.7973136164175796
4.778135097950944,4.633002078721195,5.352724647871454,4.626359377522607
4.539037228839863,4.296339506746119,4.322745792396825,3.4534257171977902
5.282333330536709,4.589851575427929,4.700554964968956,4.558849409992977
5.130619744479073,5.19083131851626,5.472200904587432,5.377700608518475
4.929879246725008,4.134087216135985,4.507644969753414,3.472721439572042
4.493899227896055,4.1965955939515425,4.658388260160031,4.365951190461971
5.023407644462627,5.051507588761314,3.1619010275812047,4.482767733003887
4.963193245012545,4.1825101593369185,3.893845983337296,3.282373851456407
4.754153852954258,3.468709845297584,4.834254019537432,3.532690511902986
5.359660897535328,4.792815905462781,5.001042059053355,4.449984117839246
5.3197458408815566,4.0815507300575335,4.5998903944348335,3.866189511885623
5.172859304337133,4.691151257118178,5.1374703039281835,4.831301092219425
5.467881871144003,4.12625466723583,4.869986613839309,3.206400080109744
4.410920541765042,4.017917045628135,4.536632318246115,2.9802506119528855
4.199221911008473,2.738805564239989,4.3358672685579895,2.1933351736103246
5.041892685171577,4.829307011575924,4.788614064570181,4.222539104462893
4.233321624347247,2.678937486029808,4.870599842973796,2.146568515300925
5.483382092514227,4.8576659819955115,5.492932380455989,4.839776310725485
5.069824877659924,4.002698388321802,4.778633203525859,3.927398179237915
4.055028467951455,4.659403784387984,4.529917154647095,4.3951028792119855
4.68966405667447,4.33982275928734,5.126688012466698,4.039103315949775
4.440175579773992,4.478065771584936,4.933403480488671,4.369851058203288
5.451339115374224,4.272474887357823,4.847951778656969,3.351504150245532
4.769821850800696,4.66433570061806,4.460310802283257,3.8480332006118485
4.625002334386351,4.11638403750663,4.756911044606078,3.5759388284458504
4.8300347598379005,4.4025808476025,4.674329071111181,3.7193083927844555
5.161820515617253,4.30757211845813,5.700462954503623,4.187184660006234
5.412461198366126,4.817003408568761,4.22533897167281,4.984161792690874
5.20249035459584,4.944171093621438,4.933101166409063,5.018366166831101
5.2205014248938415,4.968070269930027,5.233954081348175,5.068181032839281
4.597359730388589,4.998290932466845,4.902764907924694,5.121104113101693
5.6235234137170576,4.972557565884344,4.422947152021205,4.936728007157976
4.186742386784347,4.162174819547713,4.36012683750873,3.5652069839397145
5.355838135672304,5.350637274450757,4.191418740522033,5.4387757268564485
4.50688733097525,4.862973924301451,5.40046297213103,4.803190542029013
5.270768743568311,4.450591014986927,4.7602261038367475,3.675193660521014
3.8842128834484964,5.071396793803792,4.449627913280478,5.05338658783179
4.9777755946693105,4.926731492133257,4.762956018430037,4.785011781119791
5.378418570390734,4.91827218740458,4.507462585831406,4.534571641761188
5.048563486975027,4.5314882425836736,4.624154020717176,4.211203155390862
3.8483470288298207,4.290460052308667,5.113169592313311,3.7923741040307437
4.789192548926461,4.291533166297835,4.30624043362748,4.14464932531823
3.901206786651243,4.301670571669897,4.404858576438259,3.2248974603109657
4.855494660127613,4.8698484253105265,4.470824838674015,4.44335339187796
5.724024139812735,5.227522468975469,4.125144102897213,4.9729462818887535
4.939644469031589,4.182968298478757,4.604987039981888,3.3639603467480232
5.157700248289372,4.096609485507426,4.651035663772899,3.7812397301245104
4.035634208584104,3.2651733624278823,4.405514189123413,2.411870445100123
4.850609221209086,4.698458173018476,4.8902225966933734,4.305065938551233
4.899133608724616,4.78404516049731,4.459948732850294,4.510146015009686
4.602702792370397,4.093574574636964,5.148615583980494,4.226836232604139
5.067172965907356,4.698991784578366,4.987656109349868,4.20637772359889
3.886469644311442,4.337954253407837,5.07782480985827,3.75919989261695
4.066752949894647,3.820054164486494,4.511416169902594,2.8309526020494853
4.428040592143795,4.183761649268525,4.781202096008776,3.0555359367284005
3.7586794848990404,4.004649850622683,3.82434126769933,3.3230376583762515
4.49869771065076,4.474247984443524,4.973715690955982,4.415963621015859
4.841506173619822,3.9918049634533084,4.32088791076908,2.7249241060471063
4.996462199649123,4.959628670823997,5.247048604796699,5.051832923204317
4.483903388828745,4.119073980740843,5.032825383871717,3.7438506232856383
4.684623080770774,3.897540796318656,4.708681674953917,3.4421882411844815
4.230209135948261,3.9927254636646445,4.9292819479242596,3.8626712280064774
4.476832027729703,4.8313521964961845,4.354796072516009,4.72994365193205
4.9481350160566535,5.043992106910036,3.8713050103890754,4.497739121210269
5.179616974182784,4.703070690155636,4.4632240378483425,4.956387606959417
4.365512671976404,4.242819342098331,4.352549260187437,4.136052893123352
4.137720068662506,4.106494465867093,3.842657436664768,3.0863305023154823
5.056822660985497,5.080614655786089,3.672046153668542,4.605303090164636
4.699785826169958,4.366408429358092,4.612670408906508,4.049127928134697
4.383056860423554,4.120042323617449,4.727825874748719,4.003695640488744
4.368633192843272,3.8360142786667795,4.205949784736379,4.1824642313889555
4.912288635681815,4.977292660046145,3.7360048292843815,4.7601701143608
4.432889412604164,4.384324465483121,4.614155390179682,3.6420865517820027
3.844016775499161,4.960608892704825,4.248877880421645,5.0455185029677345
3.470416590622213,4.425500011162459,4.553884022497297,4.41452427014336
4.47305550704043,4.672335222297399,4.459980641496921,4.636428237831151
4.233794571872653,5.223386188273176,4.332931472488057,4.559243913474957
5.004805388226157,4.579349362071158,4.89387962215647,4.4488779152648315
3.52560269712194,3.370946994978722,4.756941773681072,2.3763535562972344
5.034762059059746,4.855739910345022,4.994054427232031,4.392804619044701
4.3821899314129915,4.133110095113785,4.783757248866946,4.485508553194438
5.082941864170092,4.581223648474875,4.5087169065802595,3.6871636601785056
4.990245929492994,4.39714796242513,4.200770785232837,4.6819584318983765
5.2312553413293115,4.4608546874266475,4.586479947415638,3.4402935560725534
4.619277694287051,4.142006588144739,4.608559328967923,4.649727331140095
4.653549373303103,4.554606394818621,4.4699924499521355,4.537776520384234
4.715719996852088,4.667188320907302,4.465405173788127,4.432094171080289
4.749349715639147,5.144041932326238,4.450936330621071,4.427131573533928
4.782575247031064,4.7392876905813575,3.6943235937861467,3.970170681988226
3.7728934571100337,3.636870921638683,4.557963595126487,3.388775891962858
5.401078656970926,4.143422819012101,5.025495138457054,3.9195629134229097
4.260528038752322,5.027843363791279,4.466335174136084,5.329755228923934
5.233084502273588,4.829614218108859,4.603091826270182,4.540592852135297
5.363299615657224,4.474565612749018,4.779378356766666,3.8741243034484643
3.9203521056913004,4.704995909501239,4.563600027764587,4.082428283929606
5.217107181923579,5.182774879596374,4.460090620952027,5.043306631047957
4.706462576272497,4.827687740240262,4.068618889217625,4.109283896774409
4.445319981394303,4.523750075501913,4.39228032202353,4.12270783956172
5.164143248954309,5.060525484113863,4.140219434676718,4.97435532464071
5.336224812509535,5.327900178727901,4.390096901975759,5.39390437518462
4.587073559824546,4.969437626212545,4.397095206639913,5.0992089600857895
4.384445149767156,4.907064183253123,4.426563183130995,4.486050788515591
4.519975271820779,5.035715049599283,4.148014257574744,4.743025111734492
5.1350345381148275,4.557892288384459,4.253786052142213,4.601646598545382
4.823863439279356,4.59732859459099,4.559168613381305,4.223000683935518
5.158643569368977,4.895206329988768,4.617473989935772,5.1708618424910116
4.976464847479832,3.8740615025848095,5.031829702636797,3.6348697271134904
4.8940371884994045,4.734133116386011,4.158759258665114,4.570798564513298
4.249563790914511,4.3746022622960705,4.647044403010502,4.3505004094501025
3.8332674822627077,4.181647008058524,4.432594974298648,3.2150318551022705
5.5270820836782795,5.060421439803695,4.502093192785494,4.469484826800996
4.48497999574991,4.600254596037055,3.3927795565402095,4.473831847825459
4.554452416532205,4.340947485911563,4.178261795068274,4.058265204903142
5.152117317671087,4.735018420083191,4.255061410821247,4.4634813479164555
4.485777425964658,4.139482214761631,4.239119214341947,3.898949842920469
4.934537276660405,5.063435421266799,4.631291344045271,5.2163110906021215
4.629953852075752,5.287673644654507,4.215266175511694,4.937896227144784
4.673719111198631,4.323083213303455,4.664104944074105,3.4959091626888137
5.297690078254292,5.081166392008698,4.376824466076557,4.904266301438148
4.320665862687218,4.549991946413657,4.457950381468709,4.536059837480317
5.379069600962839,5.1985172048952,4.327943248252682,4.545950249568849
4.82814605887052,4.642408697710617,4.402449391366852,4.652610125862342
4.60238567301048,4.747477523518813,4.0677194056953425,4.730012288040728
5.196801828096913,4.634388186007369,4.862902397505554,4.717204260230165
4.711930432346345,4.278007112315266,4.669606753596606,4.0091597387067175
4.814884413108844,4.332749720244874,4.427761174881284,4.562851668167125
4.143691923131319,4.096816608636765,4.3196148894683795,3.7574437986222176
4.836108528237063,4.744838743650508,4.445464812907231,4.636413657848041
4.471104586242926,4.606104145802316,4.652507393196284,4.3518657923707345
3.703709278807035,3.534595407604742,5.248547490994782,2.8883507316931945
4.754594921739946,4.92453891786509,4.814412766829567,4.823540835439111
3.760517278445724,4.17092969037101,4.371520313310931,3.150494141342272
4.530010394019692,4.23130575797645,5.4748309249356435,4.250987803529615
4.066762461115599,4.648523864636522,4.244400821468002,4.184161275294528
4.95197934427737,5.2934585967216705,4.528439701896645,4.376455294309781
4.545045102735529,4.4915514439016535,4.583445362740729,4.177067448331589
4.951944015109104,4.623755467170588,4.674154263319992,4.462052290554831
4.360410846976982,4.56085055564007,4.372272427842281,5.435901387234677
4.518414868655732,4.470453756186421,4.844452195058034,4.14376372091119
4.274081023001181,4.559226402406428,4.4110356161708255,4.550606912881668
5.013188154360072,4.368882138026103,4.544561138747993,4.090278009661395
4.670131369997018,4.67813600292384,4.6814273024902935,4.944209892050672
3.9622672450375727,4.029529957254681,4.921162255565822,3.8697555048935035
4.536564660025892,4.617467808498041,4.9628334852192415,4.292816211120741
4.393974469623717,4.433903892114639,4.640777618438873,4.464023079736824
4.347846707720326,4.285981500371976,4.856587831601678,3.755799374084477
5.158815072754704,4.540878381567606,4.536675359073046,3.566453931408292
5.013666810595125,3.877005977575322,4.481153793082272,3.503088383226539
4.955066717184867,4.96332436889822,4.634755967886229,5.107029276345291
4.6882756991639445,3.903199715521256,4.460718948801544,4.440217123826968
4.455284462917888,5.044237196541833,4.235577599796475,5.013127866402904
4.8457376921230795,4.146979569303404,5.414344316704527,4.499649357448422
4.659553338550729,4.792751490278375,4.778024112563679,4.745408905320937
4.675600226848575,3.701819145479518,4.667618087871904,3.020075479482341
5.272875811616056,4.690184003885861,4.342858221633845,4.7481639846132175
4.112365563070473,4.388897863366101,4.068623701930948,4.609915246844051
4.938801770364036,5.098333410901461,4.01477098015617,4.651726498547355
4.781588660226845,4.53365719122902,4.3270208586751115,4.157404949969371
4.1908094541881065,4.152650259995263,4.893714587042429,4.239290301304684
4.825629810485834,4.49924173875774,4.384865893042395,4.377264760029126
4.62748185322943,4.3876847064473194,4.831364610048295,4.191237601219404
4.38349732485968,3.6428270637785665,4.205458415943006,2.8481790436134147
4.395156158059385,4.173274259417286,4.467494086408098,3.2966503718504763
4.529800983675304,4.300622541396182,4.7399132381760545,3.899376822478163
5.0102956321421726,4.737185078690367,4.360360738515272,4.660575984157233
4.726124637516818,4.652641199354941,4.342437238057035,4.8643879195537565
5.04540145621823,4.023658009565943,4.631383900402358,3.083990471421195
5.363972391746962,4.730011963576588,4.613343429636078,4.617052949877506
4.635362881756684,4.3223989022060305,4.152723502028837,3.5626261771790904
4.221626986293172,4.594299084227823,4.341773442686294,4.565499822303411
4.867231038721754,5.391739729258851,4.328562997134782,5.688350842541913
3.8828688219182372,4.8347345654010985,4.484974740471614,4.433476011573804
4.899318712956565,5.379653729877117,4.850068666569057,5.596264276400643
3.9436728955473623,4.015361749312968,4.278815324160898,3.559267415325507
4.8874989792615136,5.029857376961709,4.9682737681860605,5.127635808072659
3.7924789113595634,5.026459579618291,4.562610661888167,4.694516298584771
4.851973091248684,4.1332000080375755,4.109484769371078,4.216960547443994
4.878126147713684,4.826818859840297,4.5307446276792795,4.661583298243418
5.087906001045318,4.7739548102894975,4.710650374598866,4.4550437289917575
4.973293521061107,4.579786919924238,4.763014472083613,3.764470977721427
4.803719537386313,4.276947467913919,4.618508427395259,4.395232457337611
4.754250364900291,4.32996213307837,5.161559077032102,3.7903375117200486
4.232424942949212,4.491781938200072,4.152841919140852,4.026993906573318
4.6372335208041555,4.543677224671187,5.004575668458582,4.62033374953792
4.2548038408205,4.152780673287547,4.129418248246296,3.3432101283966613
4.67369795489424,4.556553566372034,4.400743305540025,4.118066522986295
4.76414002694811,4.536203916021066,4.831503766359316,4.022560715179855
4.982679292412634,4.216391076544633,4.569561649281415,3.639221607294683
4.20768717246797,3.850886501486963,4.624578250443952,3.8797703855362533
4.588093706095164,3.844770744466679,4.485305631761404,3.5243274247362457
4.643216831132316,4.338910171498014,4.731758397931952,3.7797923106437894
5.021493660637869,4.876824307412587,4.542373320651801,4.556363168916052
3.61791172728163,3.5167981914881787,3.799800932935875,2.454058254952074
4.579534093723261,4.796545615697746,4.667706534487302,4.986953926743314
5.373427193260387,4.47139796255253,4.7899579505144,3.8591992642269433
4.6422979779167335,4.1773764558730075,4.393344455906506,4.5159512015525785
5.299827010931029,4.607572299864284,4.67829011211213,4.565527891764795
3.1919547982219543,3.9113645106786743,4.4235269007169995,3.510505354695114
4.902216117865565,4.081350754503172,4.418118000431922,3.547067275297909
5.203164461938093,4.413551500177327,4.582308264595524,4.1416134706193635
3.686037159168846,4.2222230789325295,4.082858622496887,3.3805934575232164
3.357086834843191,4.377146891961912,4.504458823656206,4.129874601375515
5.41419649535584,4.81694686456189,4.718763861715915,4.914830709482377
5.057677755277725,4.466087097877266,4.671457093574835,4.567805523627499
3.8385882764504475,4.222461965921909,4.520644937061475,4.188951793615149
3.187676151420905,4.443436064684224,4.453027573033938,4.2400325057634225
4.241710798117628,4.551594193317055,4.256232575181895,4.603693774293262
4.054468064826905,4.621231030079237,4.4057799744676736,4.379458695917316
3.961357169667502,3.6031359049291507,4.621158508314537,2.3874188744124956
4.384520992285297,5.33306664036565,3.882567813539066,4.609412810824722
4.902270933969311,4.150162686225239,4.4826743607238955,3.813492074208669
3.816523671433213,5.124998662185666,4.342239360736445,4.803191107198601
4.87739120241234,4.379730062428419,4.908135525677285,5.0711852767290075
4.417743200647181,4.4354195007492505,4.055269073525667,4.8297468986136485
4.241814806363432,3.1476170429872723,4.4097407696479225,1.9379167978669898
4.799500732603213,5.346466701333656,5.045416230368139,6.138501772457341
5.434174976927061,4.607880783075414,4.53866096031944,4.129851339462886
3.9207478290217255,4.691937874805045,4.314012496461662,3.9061827684683426
5.215916480789678,5.08737561262659,4.6368965669841815,4.916124397044202
4.091772264925069,4.089148241347222,4.5666408480017395,2.8984555941788366
4.417152172765214,3.477505332783895,4.646597989836623,2.4029026089405616
4.544471036475035,4.405846379790567,4.747248805829875,4.535231384726681
4.007809847167248,3.8686285301960055,4.611572077682243,3.9756205711054924
4.198220569142107,3.4659917397126865,4.460569963699962,2.7869991669087057
4.784693239321773,4.6613387857524655,4.506233356093946,5.1066955335205115
4.696383409832505,4.275034669338557,4.6438716204894055,4.016696397172075
4.821184567958811,4.212380377199667,4.3956564726858165,3.312867375331856
4.3715185824559,4.175325840419284,4.226583108816117,2.740138831928577
4.157739231503956,4.276648772772195,4.043271688601398,5.128135018885918
4.79371368752064,4.583383325385546,4.065130378385877,4.495722680079385
4.5383855476744435,3.835089040439827,4.4712616723109875,3.0151245941814158
5.121225108280516,4.6953328127991245,4.675705051375569,4.792551708772229
4.493698583643561,5.463423620823355,4.701952320810671,5.257341363054212
4.173644575201567,3.6878775173644325,4.648100514193895,3.5510239900566
4.458776261765254,4.083564909623099,4.374543088194166,3.4964062669027856
4.839775597457336,4.691239666004,4.623474315794852,4.561556795050455
3.8422323468418416,2.9722567010774887,4.294026705314103,2.1906742827762224
4.422386638362195,4.794488236778991,4.281488742089504,4.491976234017922
3.7836505280227923,4.390153101914309,4.1035253248382055,4.230741009166826
4.973459229872188,4.666060281685696,4.616449544589251,4.230088066085352
4.690055469984661,3.684441872074861,4.791687864630339,3.5192304704554007
5.366842401073942,4.900366942524028,4.257776927842764,4.847381070316981
4.123541542847116,4.206697907594096,4.520580887189866,3.9735868970462542
4.136055283078466,4.61019494560096,4.634846492821202,4.635324861379633
3.9740353125467323,3.814436674058868,4.358312245430101,3.534922824020145
5.228278104948865,4.368362561165832,4.9740816232003855,4.813723665175037
3.9258299258977525,4.161275900543071,5.28132677623062,3.3986117045241593
3.2707852112595908,3.3861267084308557,4.2457144608492525,3.092209210128871
4.591295129655279,4.233977409836767,4.607347411301167,4.074367280083507
4.947035452281201,4.137394964543005,5.113438801101536,4.021617760699989
4.1493360126760255,4.939228108192044,4.389974079909847,4.879881530792376
4.020458564817144,4.40406637795579,4.389964674171116,4.302302153391027
4.849705206493292,3.967649808686326,4.6019127291042246,4.409215079399878
4.339678624499235,4.107495046334747,4.8084515623999335,4.462227968497282
4.164455489106396,4.303131829793005,4.536055140489755,4.493076048716696
5.038879456938327,4.449740000758861,4.67016607849622,2.917340464702271
4.036994387400292,4.23875531545948,4.763907616717083,3.873580280603151
4.8978964140095655,4.88792166928182,4.4430019930555265,5.256901131825387
5.3647942973508265,4.82552158141117,4.54761719327679,4.941382748057193
3.469805285463306,3.7358801132488377,4.454523491607906,2.7721831605614993
4.171527843957124,4.339203777350866,4.799986093612307,3.265813416387776
4.7787352977448245,3.914717702884491,4.724438781064326,2.8330733528411387
5.036047741762597,4.404515588534395,4.690934061282914,4.184209213745093
5.47334397523039,4.358425954636401,4.1518315906690475,4.354823459489368
5.177777910215314,5.286196587339291,4.545421367257231,4.569563164478378
4.740817940045493,4.440950063391808,4.721177791240361,4.167228486120645
4.689233632110366,4.807562812452734,4.272772375412451,4.640377820052342
4.947295909342966,4.3394457303100245,4.710775026914144,4.406293840920396
4.6266261539549784,4.818247732207762,4.637762272171225,4.460190587189933
4.235624263245248,3.9398231758905955,4.581924334961265,3.562883810386971
3.8420593187981207,4.371643454953044,4.529207934094146,3.1757866038865887
4.825933951435297,4.323332928460596,4.461352699841158,4.568295633256428
4.7383872180175945,4.843602383358062,4.700455362903701,3.9445015110088484
5.107839073970053,5.403275856846197,4.3703911262690305,4.965983935866521
3.355486681176728,4.086901404208874,4.495420847915121,3.497244079392681
4.709372122763617,4.41823860267273,4.870558818326565,4.001001752079414
5.070607590942553,4.609774743463236,4.540640424475356,4.328428373285755
4.626757152000694,3.6137450620052234,4.305277056954748,2.3290198865290748
4.4792081615037755,5.013384456172519,4.046797270000152,5.166216523215025
5.069050256508053,4.80532384860411,4.297383347550287,4.242844598145297
5.132180822269997,4.7905358827013425,4.860674058374343,5.11899898131779
4.879713766494111,4.360563479041532,4.420411865374694,4.210508466237648
4.453813894340836,4.962456091982135,4.301678218383336,4.813985663083909
5.281455932444892,4.906458537790913,4.262924195836545,4.672117102265799
4.828186884114997,4.69758714088311,4.596321879633713,4.744463299192053
4.624073680708337,4.05220062459249,4.602667625453324,3.796399121177212
5.235518955101538,4.26623106644266,4.451619949123735,3.6390678942067267
4.123175868143727,4.416733020288839,5.0177696977613175,4.1950953554223505
4.9626618344928835,4.628988460825575,4.606912095366487,4.892729037360547
4.731771235975876,5.400065661117197,4.2042418634080585,4.628591209934042
4.213980177324274,3.6063381150018605,4.6559855053425006,3.6801145366751724
5.157051130885181,3.8639207771150432,4.604709621298338,4.396051547226814
4.65479174483436,4.740281323885476,4.548807285877321,3.6806123234605104
4.6553732285427785,5.117297506739191,4.045863633971616,4.316886084437553
4.243777325598394,4.262650060958699,4.579255317489788,3.2535090708770613
4.718116892530123,4.529240443763627,4.305302423966073,4.062351240740068
4.701553214025337,4.35849224099973,4.616081530387445,3.818845112177625
4.4531163406498075,4.51093177671591,4.427985059306372,4.026411110882594
4.840637174358417,4.390148864832005,4.317424291537133,4.386645233527401
5.130197129043743,4.240724924479679,4.651712250875859,4.275888183675294
4.80499277570803,4.7978379603046495,4.750834914274822,5.405590819368931
4.73881403769516,4.282328033248902,5.182222625739637,4.3398128499059805
5.040804550094645,4.682318125308301,5.4065506697238925,4.5977536939550046
5.036326057869509,4.154128341619248,4.626401617405416,3.962325480967915
3.419418283458154,4.187167032436374,4.463912774508758,3.617334228296484
4.258387253177054,4.249370032547675,4.395033321486303,3.2572212437764168
5.116148855276559,4.547930065982765,4.493825529055408,4.10502149582222
4.741634114148635,4.6346392642333125,4.2041840258257155,3.9044531428477303
4.880186972929847,4.750151168445569,4.30625276513871,4.320904029283717
5.001622746753746,4.770629169794163,4.671854047235802,4.566864317331558
4.411185946665007,4.490523167712584,4.915583080439744,4.234432158879029
4.920594977447916,4.313476383709062,4.627929778712458,4.056396462975188
4.953687884101048,4.847656939222528,4.928940357347202,5.097607287798823
5.308748999340187,5.1130938103700725,4.854507621571905,4.388898688346352
4.924899727530175,4.364462351354175,5.166615151453391,4.066885508690121
5.049938771121864,4.736369775912178,4.1875170705898235,4.520183019490167
4.603859752501071,4.2769720266966855,4.510784699775634,4.120779492088313
4.533497883590661,3.878246172053555,4.353543248751869,3.8006912672772404
4.897211666750991,4.8477981532313,4.617181284474599,4.976541745859522
4.8076135568716944,5.138429474155268,4.488617551803927,4.981178219142015
4.095419420271966,4.532012351786448,4.304057871817161,4.337410748710133
5.125305356240045,4.423556045860266,4.666229095993644,4.076223863230113
3.952462677662009,3.528709396991708,4.459398984440286,2.422479594275429
5.011108163941564,4.9301484714949755,4.172060175577493,3.8153387555843263
4.464682327453461,4.448030458301964,4.049566857508986,4.052212554486716
4.635355357112842,4.674070022246439,4.59826159556895,4.739069492303335
4.6240640257565335,4.920324687713496,4.680115020899851,4.9985680145036016
5.250716921083914,4.69751000065352,4.388014386456559,4.764678038052459
4.837661395282328,4.83554523175345,4.522211589093646,5.501195922974469
5.097471329892871,4.701784595171296,4.084728250448702,4.192194585949799
4.6036450754764875,4.677975711499593,3.751887887308024,5.277214164937672
4.332362022245379,4.554136254519953,4.202142902409214,4.552749194723692
5.160197871330258,4.64952358504306,4.482810606962363,4.372267567797735
5.119746944039009,5.00540875998917,4.6244560118426135,5.468724439222306
4.278765354754386,4.156824203801095,4.428421130329849,4.027930737066452
5.17959787798493,5.290056113027115,5.25062435289003,5.3057093607785895
4.86309457812006,4.030158265188835,4.718655732386739,4.479610261704781
5.716910778389181,5.062360001601167,4.131125619728343,5.46411975625881
4.116552604772813,3.668440977475346,4.215321055959916,2.5529493660482596
5.110660219311635,4.378250568801738,4.683625059615877,4.4086635405354855
4.666133219830753,4.246899653126771,4.735058930023517,4.1149212077744215
5.025193586628148,4.81655247948136,4.7263647307670595,4.653120228682072
5.054864410459645,5.074138482438558,4.103716964816551,5.236420592620686
4.820264747124484,4.772264778641083,4.466164019284423,4.392435092806538
3.570796832431842,3.796832566019015,4.327307148698135,3.480319111536182
4.059590326164755,3.8956466263711955,4.261846559073823,2.483031290173752
4.478003846615798,4.982784226365915,4.207010293336183,4.686543995645767
4.693371773162791,4.293700622926917,4.527219893029012,4.061307660848058
4.753404988155128,4.564796841594075,4.4333286173676845,3.4580928229042107
4.268087938820408,4.333346251718341,5.212375734353047,3.802996018905765
4.195281953619061,3.6550617978701423,4.381769173134532,2.7131401544174922
4.853378790609034,4.791128596611104,5.086449728991084,4.759854079346297
5.006406835041901,4.619667115782891,5.01514677926624,4.931956142786146
4.517641353748444,4.219447420152903,5.205291532232011,4.101036975282636
5.205628485497196,4.402318242300208,4.640154028144353,4.930371260463562
3.6936405447004996,4.502143291963224,4.359747024950422,4.23721058129533
3.783360024859832,3.9318527446250027,4.598314031213351,3.0306176751946654
5.267371396090793,4.499700946439091,4.027608098742225,4.598731032570144
5.264604383328307,4.497479605143315,4.197940929559355,4.272023794667475
5.270822613693389,4.982668175815057,4.306296528032152,4.76245865588262
3.81876477051088,4.760441874363812,4.0849266606518055,4.64397223825749
4.877884864367953,4.946478516887716,5.025688396837722,5.145653803433325
4.058318631155434,4.7700808089907625,4.350344623143512,4.484527725377413
4.939393522576088,4.29782313531631,4.595826342308718,4.3743722321786285
5.00230677788716,4.548483944475846,4.314789318160211,3.71986890851704
4.126659330132642,3.9153602781266836,4.712929970517024,3.8570017183328864
4.607540390346887,4.725448226052277,4.551360519032646,4.424590491477298
4.637084429142828,4.4272472460554875,4.706432632927839,3.976799257397694
4.273573507455518,3.993753097780782,4.624437133947373,4.032282172290733
4.881953052292918,4.783032662921886,4.432627495889863,4.731004209799745
4.734475731992568,4.611851469054511,4.626701705260972,4.343961675041623
4.6822324869359635,4.071284357156591,4.411501002020985,3.223776164920322
4.847262531730034,4.3349929274691945,4.613689940838895,4.012327475074575
5.324369191941588,4.983599170087799,4.411876601432783,5.06327445425155
4.485853555833856,4.093351269122369,4.704120080209367,4.025604170766195
4.430147699378365,4.496248444879454,4.450251763317195,4.520934632614208
4.699924970920583,4.287404145108594,5.075254297311571,3.9899628909963383
4.938526561121317,5.616426586949443,4.094458508987154,5.276321207819525
3.9363079777514813,4.714017208960314,4.6178031539681,4.746250915436852
3.381331789443164,4.215522657763778,4.483686437194738,4.156006872242643
4.855166506024861,4.735273923898126,3.9885289350667112,4.770354115010803
5.029188037527331,5.095905542454967,4.268660184496107,5.30651747897844
4.4303646220830535,3.7197850890826714,4.601065080732633,3.6056788511520343
3.9167473301778193,4.343304541359128,4.600136431629202,4.195506051573661
5.646677705973185,5.490305443094031,4.373905572800124,5.055656406956722
4.885186387037187,5.151726668146065,4.152854692706819,5.284334967116403
5.218012122114843,4.131733784060056,4.608425050915974,4.326348192003628
4.33706664819036,3.996657126561751,4.554740340466334,3.3659394888095
4.86333658328921,4.506910172774625,4.664730716809589,3.9640982940535103
5.0454386935402695,5.306550597010597,4.562785989325403,5.491410689917164
5.252690878165605,4.171146023752696,4.494210290867628,4.512382449328192
5.508684017834136,3.7363410616725643,4.502990398765989,4.2210234023324364
4.9274997054165866,4.712916643187772,4.597176800805413,4.626509411909685
5.261040716845405,5.241832088614781,3.762890075123496,5.293942708912204
4.5818790214476,4.472279070127918,4.0539101245145455,3.41073755088669
3.733853957082439,4.729648336143274,4.707580129964171,3.9876579164369996
4.832816838401029,4.5492140847641815,4.47944117242332,3.096319801680763
3.371594249695435,3.8857800994114267,4.176014458163453,3.589927098744183
4.561583360242679,5.181085521874982,3.938060365782656,4.869250310499817
6.060375305365449,5.318108373188306,4.309600689745196,4.4263522707324086
3.3665838832855894,3.9675801287790153,4.051288467767563,3.462739284278633
4.878087077047881,4.054265766777795,4.57092768146784,3.5735292026376575
4.3616890697451325,4.4938430455553515,4.679652689772847,4.098732603283567
4.792694252402893,4.169215014194399,4.313357666825871,4.537477093369915
3.750117227340548,4.493635690551861,4.375027541811373,4.397396682000778
5.224532182571804,4.9253322664466594,3.669412805722563,4.261848054089284
5.201758619946365,5.125467937785477,4.002987427668974,4.705187890092868
4.90239144453697,4.675084775718139,4.675201318219899,4.413056154629231
5.382766559979749,4.514261193482268,4.631951626898624,4.266332154134627
5.268000793694296,5.107364598777489,4.356610969835737,4.433915920277316
4.952177074685428,4.898711544280491,3.55444846254671,4.455122297250273
4.545088418445203,4.289968324926193,4.4250596508947275,3.337849503349453
5.155377224322988,4.559484899194244,4.777545014152189,3.834738472459174
4.8621964834282725,4.816224672166675,5.070735566881371,5.247192705091321
4.814559067539164,5.250411277145745,4.3666958687920365,4.464055550950872
4.694028715291085,4.005683949122175,5.03863920942059,3.7329085352907714
4.68284132359828,4.870876318721531,4.642570961481986,4.359455698686964
4.574140400602044,4.714132684596979,4.6640175614579995,4.6188208239321975
4.763234949097577,4.989506244473384,4.150336906916997,4.879870763070906
4.350708095642898,4.248805257053145,5.1072638482540755,4.297421618480395
4.153851893414109,4.679601163473329,4.640873447752493,4.488948647384843
4.2966431458578995,3.9399348258333196,4.6303072989549685,3.6462716047192254
4.703305647187734,4.965214825973222,3.7051932774149594,4.4207972961142055
4.777828680983406,4.199286178963911,4.706337372223175,4.1379607816160835
4.773753366924425,4.2863289860889,4.972005132874491,4.209326558759484
4.528169989999971,4.777384477578409,4.352405086458395,4.430466251505096
4.609783094940878,4.11683358500957,4.369907909384354,3.953607660475248
4.822538236837123,4.202193371468288,4.6371545399394964,3.974734187428414
5.264092381549701,4.8537697472639465,4.211031289186522,5.031972906053441
3.445446876053107,3.3285618308851586,4.452962258961037,2.62757437968682
4.229194446784371,3.984982223984112,3.971696821385129,4.0669469511107765
5.063989396261114,5.25223692107818,5.1602799738798435,5.109508551003438
5.299924718366426,4.808293564406179,4.126497493677457,4.443374854001904
4.237089268298553,3.8517688813442716,3.8018504224816225,2.659739972584386
3.5463107381112335,4.410755678588679,4.7971548439349005,4.175408650029047
4.808522684114798,4.9432332020281935,3.6719589122322995,4.539392398958185
3.5690621093400576,4.750496944727244,4.408561634435175,4.8080287066221
4.000163939152479,4.1645035164007735,4.442520101475165,3.9339928363286174
4.495740009300761,4.245391211669178,3.8590434834202325,2.7534130606478957
4.499684053045188,4.585099253098761,4.241699429176759,4.678114746980726
4.847805246919493,4.607812654884082,4.143838277973664,4.789883769491812
4.708607420650052,4.677098154465685,5.3647722461968215,5.178077005545568
5.244534808933309,4.395975930878511,4.8204988952842385,4.226437031762067
4.5290666202316,4.515476210610777,4.209206832551437,3.619680533333557
4.593307951260132,4.718147656861154,3.7325366842873176,5.570422991845499
3.8735976579517866,3.866293792204803,4.199554690167582,2.9085699470697355
4.837155171881472,4.818473349631831,4.33884736284637,4.230251482695699
5.2742372106777395,4.96681033895363,4.512831516701548,5.095286895592898
4.805087319514916,4.275557192930952,4.980093384781384,4.178470670534549
3.6057999183937643,3.3113963678956067,4.597236050169919,2.2758132536071756
3.6383662952002824,4.5910978218098775,4.359096346853087,4.062585128483443
4.703101019213133,5.3133783323188295,4.428449211479684,5.4309251077358125
4.658205458095548,5.08010070477532,4.055752176417832,4.568648026185188
4.603993842972165,4.746376702812006,4.059787800523492,4.490062930542633
3.426531336888977,4.386598339044318,4.305995912829971,4.5882967427139985
5.277745065581929,4.410113248552936,3.9892293793009723,4.541294428912402
5.142055649570851,4.081154290293521,4.417635779171909,4.347635469739759
5.001427580084039,4.815894757352191,4.511811761658114,4.762746304504045
3.212197214753,4.314220922677979,4.442339389893122,3.8121094744765127
3.071618652710016,4.055127020087704,4.361967364649608,3.511510168361966
3.4210760692116877,4.505759258641275,4.6328089345243875,4.605679912581359
5.1425154387676395,5.214670253820006,3.9221103208333985,4.648838643632955
3.3618376263679757,4.461025695484029,4.596037996249867,5.208120709890643
4.5679318970791885,4.085834086526874,4.524411732571269,4.512947827641813
4.697630751772797,4.281248110372906,4.689658050039875,4.09565075289143
5.193056973758105,4.694643627408749,3.939991496860298,4.762130511721504
2.9304351006107834,3.9239912380537985,4.446983396296058,3.7931891820233608
4.525520304086639,4.144828188738813,4.503591223502654,4.370850525147802
5.017253059515128,4.418073344182845,4.494302865505525,3.907090512247947
4.71061946479756,4.237343232963171,4.48316518290268,3.7057267550375084
3.825890031341003,3.9105168687064418,4.831817019597012,3.1791357368447475
4.451730011224788,4.95119465609814,4.404128605135146,4.647059933639953
5.219286278962792,4.467693820455833,4.718050024452172,4.332782228663084
5.328626412887872,4.897149048088689,4.492580423694961,4.71129722640612
4.719821530165882,4.2820919885195075,4.403514651324711,3.43783656796175
4.7683143934253565,5.230148022400191,4.620411471930628,4.900364955871783
4.268985492230486,4.267735711265397,3.9022477936810653,3.858818558119426
5.108277638188358,4.8487800556430605,4.416733394038748,4.90816781146107
4.6513760372973065,3.830946893121334,4.523972872166347,3.9005661310796915
4.977220160878434,4.996564911548718,4.0474875531225125,4.270195587368168
4.202032295060014,4.381421053155304,4.3268411095024835,3.7077252963052376
4.643895003183541,4.272201798956726,4.537611746324862,3.6386629312492227
3.997898194263736,3.850257467407497,4.770339143685438,3.7822436012142044
4.833379654429761,4.147785153020618,4.176506419972106,3.698517780257582
4.46573454795828,3.9238484178896083,4.6340369352845645,3.1029317730697907
4.259643663414925,4.787885732594296,4.599748950305008,4.815745449671537
3.4634292489716794,3.8004919238201365,4.567728212902404,3.16578725376835
4.326105806797692,4.638307959885623,4.605917078281937,4.809825177719941
4.616761386887384,4.794671104374571,4.152615558115246,4.53226333308379
5.0316409986733905,4.228372861638396,4.563617601973889,4.022974117144884
4.5421836144712575,3.629974055254707,4.596654700822336,2.3753344169710044
4.756648464392625,5.069900873494956,4.034098777171272,4.5994226607081865
5.179862149233936,4.730126435237846,4.020962985458781,4.288418233505243
4.552486304836927,4.367579864125014,4.061864434634256,4.087115490172463
4.993373169765632,4.598455415163767,4.4069208451488375,4.376716439801151
4.216756572336896,3.7249797394308994,4.548907467660032,2.453601922862755
3.96390600848753,4.302304475730906,4.269911629821402,3.8106613570155212
3.656818110406466,4.339454774533803,4.2786321224153445,3.4573406776650937
4.6797488617030645,4.133339053242177,4.802849433393018,3.4306348655951036
4.253509139049832,4.45381597249264,4.708401343113684,4.574799082101963
4.388413435389186,4.671325480746052,4.440034007839173,4.31562483556033
5.017921543751853,4.411810469311968,3.887785739578186,4.451162911623121
4.810004135786781,3.181480735643716,4.456109548407488,3.5786113434914073
4.117194712237171,4.108819827084766,4.441726027929584,3.4149098044793873
5.008365634889728,5.013122865155097,4.47236535195304,5.173580307436347
3.960243746221229,4.2357609248705375,4.529567246956358,4.079949366584622
5.4872013609100305,4.176712192891087,4.233639986916608,4.3321874975947265
3.779360727502028,4.157560970782162,4.681720613351737,3.342306624698883
4.86900746541172,4.856591496412048,4.726115448951508,4.820950292737547
5.195389075200167,5.287519811449061,4.878431425728756,5.428633210739653
4.4038844462222215,4.355229596420021,4.897266984747127,3.6707894399342376
5.05237578481523,5.343928776703266,5.15101767960811,4.940349216352021
4.987464259927922,4.2310480942552555,4.490701938647245,4.453755476239254
5.01505260335026,4.302049639556328,4.461828013388455,4.014307382755013
5.046433767683358,4.73196720172679,4.749766580368606,4.897382674447074
5.008628859706729,5.507553807468812,5.018538204988978,5.4810124157341455
5.178631341757444,4.352726380125935,4.534992498753045,4.419015005067567
4.908737626012882,4.431975576611001,4.622538151967059,3.7441014868753237
5.451355339281606,4.902788922555652,4.1650560231371765,5.198842314452161
4.045131588173289,4.775292320773837,3.995128310764055,4.624001657327392
4.608596721813848,4.362703616671811,4.582953183776163,4.241092288784454
4.850994987735981,4.55037340627473,4.414827532916204,4.759328563570691
4.398325274893254,4.955937679416842,4.281354417289154,4.510080607388399
4.457493680359484,4.433893674133693,4.524128677106245,4.412471022227705
5.139160994361244,4.873321839314414,4.732017552775466,4.725528392798611
4.409340105702964,4.154301514157626,4.5692120643410306,3.5400628854222793
4.092439894496306,4.909321408463512,4.002455141507163,4.784773916475256
4.9500569676146675,4.845151950131807,4.6349839250882505,4.396821458812924
5.547629243840907,4.978747440474611,4.5650759544083135,4.230217110654652
4.602424588698414,4.399783814515272,4.325535122942602,3.464880363497577
3.883404402729191,4.30873483414147,4.336581573900526,4.569812533440651
4.8943926921593945,4.879401884910403,4.618562124653109,4.569275515299771
5.085588747256217,5.072646631320296,4.626509092629124,4.5338971612893495
5.133158036559582,4.428060702056368,4.407455172647165,3.965708614592851
4.327231835295515,4.351005692757601,4.593636402519443,3.7336860966923107
5.3963231014376465,4.15374334040355,4.776014698616414,3.9754051490932034
4.7306135594848495,4.2928193235091285,4.061313142876799,3.6102063021494564
3.7354773567539388,3.9203395102209777,4.493377544392858,3.3130608154105987
4.951552668245073,4.1791888871868865,4.6309922812960655,2.636186849796217
4.226051155485344,4.226801039811866,4.320911312355752,4.513662783543773
3.9298352013582636,3.782956268321067,4.355434305311655,2.5608453563274707
4.61145583121539,3.871331818663862,4.730869501405835,2.3986945993822832
5.065335168538335,4.664145634613024,4.768555954091841,4.564529604147134
4.299007952195753,4.69200655312436,5.205718351877224,4.563518593102291
4.658750459970426,4.92254121185999,4.619464744248183,4.649717489542826
5.1256859281673,4.864422964430327,4.656070475118693,5.562834937580968
4.692765762354372,4.229901269547133,4.446035332274539,4.287110494837878
5.033543584290682,4.5771030324305455,4.683152022884,4.526989585194867
4.8033777500044055,4.909947058862744,4.169826027207901,4.370963283202996
5.329633883127497,4.732172272054464,4.681703813527225,4.803083807567816
4.2856493254858705,4.6990251718761495,4.531540207473028,4.536233230948573
4.736782762575864,4.983273197448961,4.593440650436881,4.676418404976438
4.109838159739529,4.190009912918806,4.498862439619906,4.46338230649624
5.052400937043202,4.257411834538088,4.813884877269086,3.7032592172047827
4.7880625754288015,4.12555686533512,4.184644798807189,2.968493241322438
4.762896241054596,4.3566665567656715,4.832229918629796,3.917418029353024
4.241089047914735,3.973466813137009,4.3702361552328375,3.956416415769452
5.327073462486161,5.149118631771017,4.783234853956868,4.843855647651737
4.460130742248693,4.326865837509851,4.498985772239786,3.6626461906985117
5.1111359532221625,4.8195276704500625,4.562316776816703,4.727219358485392
4.3763024796186665,4.793504406393243,4.690073840023095,4.832384530910442
5.246821012338982,4.238317525072019,4.6239605438187406,4.25704700991969
4.952743029312282,4.45282088584639,4.59029951492272,4.6206845311763045
5.082772353319299,4.6364117330675585,4.225613027487805,5.065718677528262
4.704125106383661,4.328628084003686,4.2605393440015575,4.301418581782342
4.232195687790596,4.085873066045912,5.0828014103973125,3.881672250273979
5.0536078351964875,4.800890842299645,4.4899040326026185,4.7467447026918475
4.486386339772857,4.923693968916949,3.8706950581011976,4.882211010254871
5.313800373520096,4.661936601727071,5.020481267487828,4.860443359700849
4.610133314909664,4.229937437361792,4.425476621868591,3.0086334053752686
5.0358620646974925,4.375770200310621,4.66764844627267,4.274360029934039
4.296107860826117,4.653821320788554,4.575588673920093,5.4215421030402915
4.392197380921167,3.8976629294657417,4.456424714638484,2.9597720202998876
4.635928553045437,4.380101913488723,4.485286977531032,3.0749975827923803
4.905366564553341,4.507265518080668,4.256933978084496,4.205234619374283
5.377841300465433,5.2770818857100785,4.54499540057229,5.353665003518883
4.587236629686697,4.36981548048676,4.669013626313574,4.9178819448623035
4.573251831109325,4.203624330914819,4.745203028443322,3.9409975385848384
5.042052731965967,4.7938264378289634,5.266501383990554,5.172562082696044
5.459987497021746,4.941439193721809,4.172702480269139,4.64371455130768
4.258602561013615,3.670712648019612,4.3518136800220475,2.792502884002299
5.614671774273662,4.671507340585279,4.82772279369282,4.885071875234179
4.3943443482136715,3.74393462803396,4.696934277833626,3.9697600263943094
5.224242585753625,4.806639873933175,4.31489003356705,5.3987254890187035
4.259600334299609,4.326720359262672,4.854362163366564,3.847317308288779
4.822438780258951,4.341265679891153,4.345809952483497,3.9587108780656672
5.3858295257467415,4.4501412794789825,4.654707358228787,2.9002843364004063
4.991232683881018,3.2590811497501733,5.007348486991445,3.424374885532057
4.824648025204989,3.4404253226529224,4.985425288180831,3.9787594649102673
5.251324027787881,4.064193525317667,5.108836143911223,4.125439638312132
4.380815451043837,4.586095940954835,4.813534931474364,4.252227318135854
4.263484064570829,4.540559999544243,4.82783085830843,4.304548688922912
4.45898615858239,5.096204816184871,4.1238812452194775,5.48156166168063
4.3716266866835545,4.716146116195554,4.66741287710967,5.448840506160505
3.959386725565341,4.234770133200944,4.592807110349711,3.8724947411943584
3.8983434856377763,4.392741156885526,4.328099526805569,4.187639295909573
4.307539731236959,4.5213101560465185,4.348925765827638,4.245076102572605
3.727537244658746,3.928834291939047,4.6198505962922045,3.2088346780029426
3.370490106567853,4.0136226280906016,4.664235216210999,3.2416226374582555
5.5751429309006815,5.221117738055292,4.7273346061578,5.361075427755134
5.42999883762788,5.351730925404014,5.123383028326705,5.19624897906584
5.572801455222903,5.523594754224157,4.999104176716803,5.28553913319556
5.230563463284159,5.481659820550559,4.913319434773293,5.39436730779523
5.66882695957666,4.921639070093056,4.484710699436156,5.331470430301568
5.254623031408013,5.28356521876578,4.879337276466591,4.823827407944987
5.301250591968805,5.469557325166921,4.626898337008785,5.146946003622287
5.567763379730476,5.206361296808414,4.804762332875762,5.3819206605987375
3.9765637099889752,4.203534353523294,4.687479393961751,3.583610107407603
3.3267185400291543,4.706505167466914,4.272708991344368,4.379036293627306
4.647529689832628,4.735853808982776,4.42146731825676,4.67314964863425
4.893057178989656,5.05179018504865,4.583030961429076,5.060433990524836
4.4245960442414205,3.957658855782216,4.454961874362768,4.120979481228903
4.802489838124936,4.994965332981462,4.577207761699686,5.000936519215804
4.5854487976446325,4.49600610675089,4.459864223708807,4.400730623807986
4.224006452962397,4.641148895125313,4.5465743498642555,4.455984893431837
4.571554164396805,4.509383467907523,4.755326921625807,4.341746626006722
4.421955177121101,4.8310139341006115,4.613934807176326,4.497984023795959
4.430689132334907,4.758134544614444,4.676980394471469,4.662391415200912
5.033689522504428,5.2281892826334335,4.3480308772702445,4.912425461547336
4.814393926954829,5.1494524037794225,4.099516929756481,5.140662704166045
4.2636285398430305,4.939083762018467,4.589430390274996,5.178645045713037
4.445539386995999,4.628113784201131,5.047395792218193,4.537037260146075
4.1480056892302875,4.861287189899026,4.0254232065447635,4.270890341061485
4.694409739025181,5.019296323313668,4.484808364749241,4.448899785958432
4.832391409830479,5.276850624551438,4.210961991748013,5.386157582223504
3.6069017672444286,4.683589592319179,4.7283121321778205,4.318887463215297
3.852119942374109,4.814202482918585,4.75695104614952,4.703041324262787
4.581320114499802,4.559416421198591,4.8032899510997,4.470424579459907
4.037879815087094,3.8520520218681114,4.787475819438292,3.372832802779982
4.83836961322281,5.023097952939234,4.434562183197781,4.726128742545899
4.17945296154715,4.9663289064645015,4.259252185563087,4.811364019092703
4.546406071067629,4.96464357834592,4.193674193131277,4.6479272652966825
4.712459227771827,4.592828510778688,4.820590526408114,4.119059065666864
4.691448352538938,4.65226957251048,4.8459312962452445,4.591537170020016
5.6496293874481145,5.02721987931902,4.32997161536878,4.649643703566112
5.531158269718752,5.0571199196427745,4.313712111035727,4.768503154232124
4.555777187140169,5.159423383641035,4.571662748788468,5.2745016258491795
3.7245670274824034,4.425187848485102,4.589219465296829,3.9662469446188227
4.4666886800639025,4.736936474152332,4.666255326019893,4.557570087804037
4.177610992407347,4.519227390812663,4.732873705903535,4.388340972554325
4.427734756656759,4.86216931493979,4.787223446284124,4.544003327008146
4.080665723194971,4.833193798012857,4.477624438097435,4.574648819075523
4.2764626172474625,4.703353782040972,5.167460329439663,4.831425884576065
4.2912466677282435,4.412670655823557,4.792880006551776,3.796273534613052
4.451128494506763,4.788584442415007,4.080981916572929,4.34448681765161
4.421905084215366,4.988342236599279,4.383941773504009,4.522154400921129
4.542180982817471,5.2822678368279155,4.108932516513059,4.818632640162071
4.102878011743316,4.217007615256435,4.848430631257347,4.26356754898522
4.391733964737684,4.833983359337608,4.704038117636567,4.771349757019922
4.502634159553505,4.4037645273338635,4.9543935453210874,4.134633082237776
4.228183010841372,4.772870367188258,4.622042282963405,4.619422801919526
3.3922259694608536,4.7090155083817296,3.8832445822066153,4.6214877846071944
3.5095059746372796,3.8923663466163254,4.456096389925697,3.163395625216522
3.3599300754448307,5.0266357368719925,4.575665805028407,4.60115407792471
3.769876153274684,4.301111959879575,4.1933006895164295,4.016511296016546
4.674874303027125,4.777242097839318,4.5041666317062194,4.7180615807062285
4.364157345567626,5.433855498987522,4.098570254270776,5.057893075950049
4.852582916533265,4.542425254253902,4.913126711479838,4.471657448784046
3.59806376644375,4.420811475413394,4.555475166677842,4.315182052770145
4.427532718985877,4.901405798992548,4.369945510402031,4.648675701096541
4.093029790996454,4.447546174120651,4.748598835502732,4.22842761198667
4.101444587792547,4.519195144253304,4.9091694411559565,4.295805756369259
4.409937556558512,4.74637277854757,4.834975961538689,4.238522325968302
4.109767234064589,3.9717259081692515,4.930935332560999,3.6943623808796935
4.400523086259448,4.003160514118997,4.877415863461021,3.6492427871987707
4.319997433323083,4.710278625074201,4.758378623473128,4.327223633678473
4.517761370598,4.246404091041835,4.934805869646632,4.018569207861279
4.174167452223151,4.31428120218744,4.748194050408922,4.4549405172640135
4.488107605586697,4.3458298568658424,4.790469452276606,4.076002957456706
3.5530621356256904,4.691111834167174,4.641924579818588,4.59568038176377
3.845295309843903,4.892639023309811,4.187623068580507,4.592635955715812
4.1924084503932875,4.748149822126718,4.387401156648124,4.881467358416307
3.929657564232819,4.389815793134768,3.9149270943301504,4.242962620370792
4.372332881543451,4.96411390002674,4.929312562971195,4.922171716069993
4.6171474267123775,4.672079826090832,5.080106536452945,4.485234941157222
4.038618307673754,4.736990156235208,4.921455775713766,5.000535676779893
4.07044269274566,4.477065638553572,4.740187954987005,4.647573167174137
3.8991869233663845,5.0504411003059655,4.5722724303929745,4.696422690798132
4.331160297277511,5.0662595006030555,4.875069556480973,4.994156046874346
3.94230658904831,3.8093759630277497,4.7857725655793155,3.5313045255166853
4.14756118268044,4.526674597860804,4.8463628145385265,4.522740961720218
4.273392793373868,4.596859627402637,4.881172682667211,4.357114954644772
4.370649394543375,5.026109622868492,4.843983093404715,4.952682269980549
4.07820175129897,3.894980088853454,4.998088947225997,3.5286273037696407
4.249370053026341,4.972701915826026,4.962198474541376,5.036990616685407
4.244362208571922,4.665273330120921,4.718406955538183,4.476057280184257
3.8765471690197764,4.830778915563843,4.5293557956371835,4.569701705241199
4.26335266803026,4.950133530712166,4.043936182778493,4.502393571951563
3.81587931580718,4.867119523742689,4.647959370301305,4.875229491363868
3.900825209922293,4.7382147658630105,4.373880665118434,4.645071217705858
4.0378681477978535,4.310590596722776,4.684639306229794,4.456769141204216
4.0900761065063405,4.503297796039019,4.193227780368437,4.193627030912143
4.557463813016651,4.3935107939198215,4.74148399511067,3.8649547285499435
4.369502474950445,4.349386710335571,4.0118492294195,4.183061743218743
4.612803199786896,4.972118538947662,4.596239968138124,4.842904049210833
4.126097352738786,5.237287948812038,4.4566583480485225,5.056622743591121
3.4548520906105056,4.327558904118832,4.642015095535936,4.60441001736167
3.4898065133747873,4.511112591957625,4.680003367461439,4.427772322872304
4.257847330761723,4.762073012433853,4.5573887482258435,4.492602374166132
3.7992104611892357,4.133428131322501,4.251887132137982,3.6432210113938948
4.393380614189399,4.85481447753054,4.245767929435123,4.697033814547554
3.6876880904321645,4.119328611186646,4.078304357450377,4.085501635116319
4.562775915458812,4.669394480697135,4.706825704286464,4.472718496579367
4.562697146406063,4.549825682707223,4.735086419105322,4.449003577538166
3.671814307471215,4.900779684444722,4.569013493249563,4.840600550492824
4.541884537860792,4.65004912198461,4.8001935958817095,4.563532337943596
4.224144192343446,4.7987012538402585,4.390606144681503,4.45067883069275
4.4380785613290925,4.551741559155286,4.034375391558917,4.3928928854224365
4.156375241562861,4.505606128473244,4.567138113849654,4.240948807814099
3.7700602532128666,4.778101750527395,4.621034436173722,4.589144423502134
4.492942462183184,3.800996703407474,4.604097074996105,3.5881465746704984
4.4928621376893245,4.934325868020683,4.261528848710821,4.9645833677333675
4.580694186629179,4.640288495174851,4.434357120986248,4.9279501180202745
3.215205988718776,4.192022238677792,4.813648231115202,4.112511824327786
4.22032862718205,5.217969186332608,4.425450883683226,4.330088903704511
4.986963595300653,4.681360330122764,4.2047340841778755,4.663271525932438
3.2101127470091346,3.9325860976149607,4.783101601188484,3.637942478364404
3.614309878161092,4.368384828397957,4.654368003064249,3.8050658172160765
3.5964774058285482,4.258959262393968,4.5154944627947735,3.937004788662902
3.634616928557002,4.56112500545617,4.073666141408801,4.1675452612794155
3.280030112346848,4.270366385180243,4.128991920986462,4.443235131701619
4.260482591473186,3.990648740060013,4.78471616317158,3.687552239116567
3.5323906523509043,4.275565694534781,4.681165476946058,3.8389752153009904
4.285997931214728,4.987160706807237,4.436032089364878,4.502951548950806
3.9011796278019926,4.768765550978894,4.290926342436104,4.557184308907646
4.141369121823803,4.641278259860668,4.413170708465104,4.7175382358452875
3.6235615517794035,4.47733416415025,4.0367876476096844,4.305819439457047
3.8160210367124616,4.216590790393541,4.156153725133799,3.834096603413406
3.9507453543773976,5.115189452037428,4.544740434833953,4.980379113784266
3.9474358272421557,4.323482316391217,4.300337992755259,3.693545595460091
4.590565684244741,4.54870177098621,4.943455988518711,4.241622448269019
4.365275230073973,4.931173689320419,4.775701752951305,4.784019015537098
4.460436475937826,4.900512314831952,4.702132335291056,4.790044813096507
5.316459065945911,5.104453818046018,4.972425494259543,5.057527527720939
3.689675984070419,4.199138255177097,4.463612343469228,3.0578755267618902
3.8792351632705127,4.658718576844561,4.720985021170202,4.246507661910391
3.878252152728544,4.790960883907114,4.6131199268830025,4.400527694348766
4.085958501068122,4.6584858334361545,4.031955395034399,4.449411004245376
3.962462393984587,5.040123201699305,4.079066515824848,4.6033250712051
4.183306399932446,4.894025052287212,4.368139399757307,4.4886679113577905
3.920583329812529,4.877595571858688,4.394587840956255,4.59194801932852
4.058586258508803,4.969914236804406,4.132613895766292,4.488465006035968
4.019128819829252,5.027522278086476,3.5703133502535698,4.380012068820222
4.170317697508602,4.610553916874137,4.274502843390547,3.9183631648670256
4.362997423682129,4.731436902626818,3.8328403106487534,4.7056284801754265
4.949944348825505,5.176675657742287,4.592241461858345,5.356693738456352
4.947708716202978,5.251684338315845,4.695871500687129,5.394410481940339
4.885367958772209,5.136636635549852,4.434358206498296,5.258213660518885
4.781477905558174,4.918674968619302,4.521254754014609,4.845180371854674
4.655625049995867,5.049966806427498,4.2512101957181505,4.79648572260716
4.392353637720412,4.55774571505618,4.226693418817915,4.794399724820105
4.9406406542597034,4.878369284391155,4.3809590638247995,4.920185189520039
3.731995359353976,4.853400757011326,4.282835894323722,4.718155915195551
4.6387219073375645,5.044697254416564,4.386930267786496,5.225997334526606
4.599786827433468,5.112278977151952,4.290022834010981,4.899883283368734
4.494473734952418,4.922815973461878,4.149558315368176,5.1375408234402045
3.6675139491916013,4.845803412361266,4.219982007652384,4.476983051506795
3.5308152798103216,4.9917439415342075,3.9804320446565646,4.366191135198189
3.777972204017235,4.55580433883084,4.312604731114486,4.1825402623727985
4.211896953743847,4.595098259743636,4.128179396710896,4.395476679457788
4.432586177753692,4.98449827442908,4.4496018666105215,4.896053741365256
4.376769843960493,4.858964118372866,4.353526386136331,5.156366773594012
4.546002513275579,5.11406424959581,4.3760379773885125,4.933770191051745
4.475788009651689,4.949788787575167,4.504066291565321,4.787862566869462
4.028756789203606,5.155418927714937,4.215963013293903,5.1008073855095875
4.6072917595649665,4.8300729260809065,4.302540092971227,5.083244163788043
4.664479192110747,4.853601573157522,4.02641448407831,5.014682198414541
4.562200734988958,5.100640145403615,4.374299798758272,5.3369714058061914
3.8040790439526058,4.356486071709578,3.863588768578265,3.912331274344865
4.491861432545895,4.8838109526403715,4.137906203924195,5.1858802797532055
4.6782439706792545,4.919030186360458,4.520893596857913,5.06085120329291
5.077984132333111,5.241555575693378,4.758361734116313,4.670867907045393
4.090290572337812,4.510670827251034,4.207162660622654,4.504083063982988
4.276478911449141,4.327450991576251,4.126868534599283,4.36186716201656
4.295801529775045,4.282125207281854,4.683553639494115,4.251306855081361
4.24990345626611,3.678946037774022,4.431632817635621,3.472604061742757
4.433765574128813,4.993051186455765,4.410558726730874,4.773843442624
5.062341507566029,5.496878766641866,4.055005397581729,5.226270526509057
4.922545070398731,5.302187755536583,4.124242264474251,5.539105679904222
4.2337389904755245,4.416309091331742,4.589090231411271,4.383675577359811
3.8395096034737497,4.271967706943873,4.30376799243407,3.2246499769898067
5.004532241438391,5.3468838894727675,4.585552868500921,5.202632417009452
4.384560789235413,4.270743342234585,4.538256422685092,3.889481823770424
4.251875954604538,4.234869081368345,4.574706216726516,3.7517964029485835
4.428276538976978,4.941862131458435,4.9536218088273865,4.803578407895552
4.390356188321781,4.540171165270266,4.99677767063236,4.474645860915416
4.270209832850925,4.760556072914263,4.849268623287797,4.383422733575016
3.8776238511125816,4.656059453507718,4.914961795915081,4.644302181972869
3.9455718075916835,4.862704164387263,4.402696719309324,4.675504263826071
4.245352685168753,5.068079838099898,3.736229473734002,4.917420500564462
4.596013369822034,4.3279852830932715,4.514746960161339,3.532318240041695
4.032657518465518,4.534812712455673,4.501519355597186,4.0222577043525005
4.437540669674402,4.852402202795279,4.706924186344069,4.655589359141812
4.64319985161613,4.689794870902245,5.055734462748204,4.484185887566645
3.603047215977532,4.727972317985145,4.364063251331818,4.421241327885135
3.470394072984894,4.666360845628293,4.106280497385668,4.032309729654957
3.3544599079771595,5.0129806133424,4.416576789050737,4.390485661413652
3.0828636809808603,4.137527858905567,4.5590389712114,3.56070655110493
3.0830699607597425,4.353883253055469,4.473684472273501,3.460059291874973
4.04880651165738,3.8174915202044812,4.398716904739342,2.5677446610484305
2.820068331927593,4.046196856072161,4.682922304690025,3.4427434558464545
3.9414633025517167,3.924925470602918,4.4050337186025335,3.29816063232408
3.37991470283582,4.272244900410345,4.595853884793068,3.658920113610133
3.946697632493985,4.690187795236847,4.109304634518514,4.194853279925408
4.851359834680575,5.137738940443499,4.9383550705046915,5.567446090328075
4.9001233260127055,5.26964852656978,4.936243240286813,5.559797782043831
4.280517471892176,5.2593220356729535,4.197457021048978,5.186251279877854
4.730501060498742,5.327292134792714,4.775611085004075,5.17281356348965
4.893878808541723,5.231422070643022,4.622246712948282,5.192335445967439
4.693112875273945,5.1148418711778145,4.469379007445918,5.149118966274899
4.789594796870551,5.1357612983623415,4.740719954898398,5.263933963829327
4.953595948928364,5.2732106080518015,4.52853044321757,5.138022805938405
4.491612384079491,5.197453189685382,4.914918884357877,5.475879052541326
4.85599919849444,5.192400133902736,4.82681834542824,5.196443783604812
4.873110373919012,5.280691701092487,4.831254567080316,5.250466347048287
4.865282602886185,5.228743814076203,4.42173313972202,5.320024307054606
4.752903665033321,5.114088681155552,4.579062271610279,5.415544411847441
4.683349285938479,5.009157061743333,4.797265031794582,5.417902331761019
4.648759346682546,5.080493149508965,4.959387576295023,5.097987615566852
4.454129838452987,5.0763031675732515,4.813421847624641,4.984946482626789
3.669980186475591,4.018246006535238,4.305138735153108,3.6717941566328793
3.490881323180022,4.223486132449245,4.5213031622417645,3.683019557527413
4.475322873162036,5.036319923522292,4.912090935567696,5.29061447820551
4.55064804353755,5.121974311756412,4.950820920691663,5.093812650913991
4.458538391693494,5.1658114735222505,4.952133363245562,4.986957843491607
4.860428452563103,5.131144795569575,4.744474578139064,5.016602349531062
4.52122859744877,5.089799000889033,4.299381451967508,4.876148476875111
3.406459629742361,4.665568889710333,4.366426823869789,4.197259013516415
3.7998083904456217,4.31907907674505,4.729903030434541,4.00009838755045
5.043015210914705,4.866412556694493,4.124636214147754,4.76840447343602
5.075433268557014,4.945008313296851,4.065095590023975,5.258820776878187
3.4512943043500286,4.5207582264022035,4.678608385772426,4.224482128223843
3.423121299355676,4.915555004114167,3.931054870935646,4.331286309258466
4.170230401932112,4.991484997509375,3.877771029764172,4.523089608602944
4.219262465881458,4.881781424422298,3.890719451803219,4.4680936557485635
3.3901857436486558,4.562428109420835,3.9782956721700367,4.116392484885139
3.0977310999845025,4.333096206708778,3.8183396044509923,3.708795874099785
3.6710633195174727,4.330918431205881,4.394936481889681,4.23765134880093
3.7387127195813226,4.792922349541598,4.271077125318814,4.28043030295524
3.801726044247065,4.7156569285335275,4.340373366425956,4.5909421584801215
3.5411377074798356,4.840548853326315,3.646026640334246,4.694048166798267
3.1268731965585475,4.66076311174345,4.592256831801832,4.082414875719055
3.4313569880757053,4.78005528948457,3.9631004537585395,4.5661308393429465
4.490501686215474,4.672034500243776,4.367911139121117,4.137937402229561
3.258798960377488,4.772529971713251,4.39953961672165,4.696600273076614
4.451132654797385,4.485181098867269,4.3098280426297935,3.568591278245418
4.363549825146776,4.5876208029888295,4.279428257314805,3.6690173857281976
3.460567239350169,4.849542556105721,4.425139362989659,4.650031903239017
3.7854105462874825,5.119410438192186,4.410366085698206,5.079673230916307
4.176018712468962,4.383256628452747,4.360021065965607,3.586618581403247
4.796658301577149,4.763032728075754,4.529547313041714,5.024117305804341
4.9450821848037245,4.867020676640212,4.565965109195562,4.94361451766452
4.8589801970125945,4.832126495388911,4.134949529712521,4.224266382469511
5.280789342271322,5.084584564444959,3.9640168870459185,4.536925198944123
4.752249912034421,4.761116442818617,4.2362021667866046,4.908529273325805
3.7654646675739203,4.614200796321187,4.578623017995344,4.3987234448981205
2.9027452709489423,4.078197502351174,4.159085464121174,3.6647623000518617
4.717928215256803,4.975326111656803,4.735151191380714,4.338220917474285
4.243340010265328,4.920372850137337,4.648158883554995,4.357753405530639
3.0017203687937344,4.102033795554514,4.133209049518202,3.574136525924573
3.1791199959057486,3.826500564210334,4.220327418331877,2.5579893646717857
3.6290475655888432,4.906880563410445,4.350280108339142,4.748384656029892
3.1444201051835297,4.251642892603739,3.8891844869195316,3.5001445149778556
4.342296438624284,4.760139877491072,4.589841420094395,4.627558408489734
4.561393548894215,4.630355105503385,4.367639456798085,4.019367079241332
4.46267434239926,4.689495615949329,4.790168543520165,4.215137171684708
4.822321965525092,4.985396918898277,4.305560587254367,4.386030981328416
4.4670434892529975,5.053310419387697,3.860762193181327,3.966985199405554
4.703907428146329,4.764847417686393,4.432806741691651,4.079973096659709
4.672335995650291,5.028376631325955,4.325282133960206,4.755221382419018
4.042113016254326,5.0228469701275715,4.572717922972158,4.894319121376557
3.789914472788414,4.697077897366711,4.12628826585705,4.793610551927778
4.7019604506842745,4.82006221338034,4.317008862859097,4.1076129465493985
3.652017612291857,4.450522280396706,3.986272519484392,4.477053572528097
4.346000492008644,4.552255690334765,4.353290669759674,4.3618656486890535
4.033649392041295,4.863291535773275,4.580062337341815,4.465118990261867
4.162720864482986,4.375622036187382,4.174805273637486,3.302431089855309
4.484915646128725,4.763117697273097,4.198026452651604,4.808214330825913
4.035689955812557,4.712727803659612,4.671646432089824,4.747062891413761
4.678412987705538,4.326609044691634,4.10638033894229,4.2261957328614965
4.609724571321864,5.336250348950412,4.340253022156637,5.359907874165387
4.552818109589286,5.150853609101011,4.61144437611241,5.049059035762451
3.730694767790218,4.4311999259179435,4.358785929298705,4.228772775601664
3.1910001710307285,4.217985422431037,4.798590360324578,3.9842367413914395
3.9566247948396467,3.935679520015907,4.861102042801502,3.938609218491341
3.950506495447497,4.788994437495825,4.404105058856745,4.889949990538792
3.913800919576907,4.878830031558435,4.650629907588007,4.93894248252944
4.114132995824397,4.790056598032223,4.181696493011204,4.08272821103537
4.924365404075217,5.021610375213838,4.312768215467263,4.720896799683217
4.631752609028118,4.922522156920227,4.461416384144274,4.653185061892292
3.651361820202749,4.8233983827008,4.098319930957242,4.559966157830264
3.829517372134034,4.209436750364652,4.515506336449797,3.7804541023372655
3.4018569871160835,4.84843996401678,4.351437168209793,4.485628546968667
2.972629008673913,4.844040610147004,3.5721265209651722,4.607511689479275
3.6616387729915303,4.8555063771046845,4.4094069172784796,4.404079897941237
4.570413879267091,4.485903291376706,4.4122430387373495,4.1148240636562905
5.068286275431273,4.401171370502265,4.493675266777499,4.426802745975334
3.8233802498196963,4.724154215499144,4.633825084917409,4.02020079873146
3.5453600561335863,4.4491868772329815,4.450875940626148,3.7478309393936784
4.500022885536473,4.479831625890543,4.359950096926772,4.330873078870644
3.4775964807795314,4.878674572707135,4.355785625603041,4.484072879274396
3.9074523177585165,4.843160146050341,3.902166850046558,4.116948470669091
4.700334764183755,4.477210543753467,4.6425425832359215,4.305864250167708
5.015497291715373,4.58912484053469,4.509282340780839,4.332183447582506
3.6940832695690826,4.999751988371597,4.366811715819852,4.656836943114901
3.7075684971060507,4.956929303137058,4.364773335534936,4.480349973905833
3.9230962067976325,4.7074180148574385,4.573187168374738,4.551739589645366
3.3987306891294695,4.513383815250447,4.691836325543037,4.2393808224798475
3.6905989098104057,4.891791913460037,4.431644310509382,4.4937884969934725
4.011885245325649,4.45968850932757,4.148992242141054,4.3596026314510965
3.5259030902211954,4.862530285728687,4.556974216690405,4.253266048934166
3.419889131682692,4.587917140192828,4.366242356671163,4.325586647265581
3.258139513093814,4.052046262494458,4.26625831845148,3.039738067034563
4.048492595814207,4.003035781759763,3.6843381516998654,3.2359267589553844
3.585212036271775,4.260639690921133,4.387766291376668,4.081305176724801
3.293614165991066,4.141833043062983,4.442304736171826,3.464886717343832
4.372032015699623,4.845124725529523,4.594151482480778,4.731281688147306
4.28055447049029,4.126997280585886,4.83383618240551,3.428090403883367
3.682702022299363,4.084382009834664,4.633248356638871,3.6901644022944375
4.696459880445834,5.063444144025034,4.1526026911798,5.2625134071960655
4.630372013907963,5.166357655110062,4.186163034287552,5.266133181770972
4.391361167776302,4.699285788508522,4.359885041756091,4.709232744380758
3.7671018349792234,4.814889521573785,4.4874307372764415,4.8747559926668815
3.5477145516902664,4.1697587319573906,4.640246103842162,3.8788087096203694
3.9725140953522864,5.027092775542992,4.065502222108775,5.019762626965626
3.42271883338518,4.053984760259542,4.105438134059654,3.571186498722092
3.814120792069126,4.2318533138026915,4.279862520102803,3.912799282199569
4.7758377443569,4.613180707576536,4.273031100938665,4.80451118879733
4.278706820479952,4.687454915685327,4.611832579196328,4.619970077002485
4.478565207146483,4.761635046497001,4.76494901695119,4.499314854359135
4.12642987504586,4.559805821322799,4.9463255609086625,4.38294900770724
4.2323320769231465,4.57186285042247,4.685285708143789,4.596306133955418
4.155660108738953,3.9462257067091935,4.7752710200692885,4.080175143529203
4.638272699959114,5.0025882222295275,4.154144031516304,5.039567319510687
4.566020256568432,4.47177229205354,4.877515013501881,4.560684160758133
4.328726231296189,4.8634789681984865,5.002383610265423,4.875561100219313
4.093772902763176,4.85069010046431,4.439918855572555,4.67081392246586
4.902908657763404,5.2122283155796865,4.2614654035856905,5.067430226164226
4.728098069112463,5.344876841826242,4.127730095638925,4.940314243391612
3.528399577195414,4.468078214045566,4.4736773703889,3.5607216697913224
3.7376603242201396,4.251686696562941,4.436300461411493,3.393330415757204
4.385878318240536,5.336330001558295,4.028635900987752,5.122953844164687
4.312497268606086,5.4441476924472845,4.192807944630163,5.399253542186735
4.099845297012689,4.419288545514756,4.695209395571118,4.107358711041358
4.231982232138523,4.470003395670392,4.758840750958274,4.3095251082860235
4.8319913470963565,4.7467294469908765,4.527846573071687,4.401829900643661
4.703462517292675,4.554807218025731,4.388485930963913,4.108510389091115
4.203439216903963,4.730487220946623,4.211458014697805,3.9248400750940107
4.5291597893023425,5.002401941571917,4.516805590485962,4.528112550820228
4.803985313096704,4.73518141188231,4.500090411177049,4.702351409584748
4.945142684078124,5.088859480257865,4.6205252689227985,5.285334801688057
4.025808344594865,4.5157339619899295,4.513905343527829,4.365058837442463
4.096522656822636,4.233748376108427,4.714029905800102,4.174314882835274
4.047038735256378,4.299825552552996,4.784190792474263,4.28471385734648
3.7918144406645284,4.248488262126797,4.577154657174125,3.5616487588582344
3.7287214895639798,4.4866784551676115,4.5067048398727625,3.5559499547197024
3.730494521182241,5.150803362677613,4.214927900168595,4.950787180747594
4.337160455435539,4.589864722856195,4.1861572708882075,4.292605891951407
4.067933309140477,4.552242925254338,4.135698821327951,4.47511005693301
4.0689020514120715,4.301599422324555,4.7984074362130436,3.782066615839651
3.7074045799629003,4.796476647864519,4.899970816120204,4.550714867544877
3.809466598708421,4.196584249845845,4.9245145343202665,4.1292142305194695
4.677081235303247,5.020509442681172,3.47990457305385,4.242046628273121
4.365729892879476,4.755490541839815,3.792446743667352,4.064442520121132
5.306714809227206,5.276463266348879,4.2593796512982145,5.316927623362498
4.95493162995308,5.171669596938302,4.812139504449135,4.756649044325527
4.8367095779493,4.920657957826121,4.954744072371707,5.0144522496490405
4.461175369755031,4.8815981328926,4.9619395090238045,4.779115377804352
5.035666726362961,5.067628469396461,4.530563313706991,4.763810848323819
4.256224806185251,5.073203039019262,4.3474282767197545,5.083365979616131
4.06059825832466,4.1552247680841825,4.7256373810330246,3.922515002819596
4.3035954688190445,4.904051892431923,4.326458053471428,4.994125544333955
4.9320624278463026,4.622190181031705,4.298220591581253,4.354904168652408
4.570321800896972,4.7672030341492855,4.229931126219259,4.752475562209087
4.848025222209816,4.94033578710971,4.1667473269805635,4.718917011483215
3.405697573590137,4.0701098087932515,4.706963036351818,3.608192464256648
4.220937403530837,4.811048101488376,4.6014287188109835,4.5954714578407785
3.289367735256589,4.216764799255095,4.337471252603649,3.951627490662398
3.279849210460416,4.134049878476001,4.440393618575767,4.0643001312959965
4.058908729079153,4.73109349041253,4.13234307007801,4.502051434719607
3.427434317414026,4.6531390037165465,4.200529908309018,4.493440843051279
3.829938507499528,4.5807877164866415,4.160600921623051,4.152246660578757
3.872009319236029,4.1832697077873355,4.503716773546297,3.7592776108251496
4.263358697135278,4.970593748261248,4.398039255003609,5.234429071976586
5.2232500517039435,4.9569229810096935,4.249031626497274,4.7742145087977494
4.993487889706703,5.072055318325345,4.39061246802665,4.642666561586991
4.952273688421007,5.080175709578106,4.483961095973464,4.966700538682787
4.131917701947947,4.62600568975344,4.2591320178139584,4.433049470328079
4.19439455714573,5.1979794975402305,4.568334439533861,5.432715010629078
4.158434164152199,4.685361620981684,4.254409836895752,4.535088547072873
3.8624099631763245,4.582388752820803,4.454225327038212,4.6423855514456935
3.902153699322573,5.2635964810256715,4.066523447050485,5.073584598586721
4.186896643438458,4.6554896064330915,4.813515680716021,4.0853247304337295
3.9429577538069727,4.741715663342625,4.403199347786272,4.315523177015816
4.349673137758453,5.187584604473206,4.0067435236646824,4.857516049021708
3.566477002999192,4.8037062631071565,4.041120693330499,4.348618224069228
5.1212716896135255,5.220056095214849,4.785250042508712,5.096359731983228
4.956055344503836,5.289414477811887,5.087744589927612,5.433304555251904
4.28059137936873,4.51856632978626,4.4372808044408885,4.727231874103689
4.583157140055092,5.00566355282906,4.477443717216863,5.064861127992416
4.603924920288153,4.6693177991850225,4.161756295750464,4.376143382971646
4.919181476958364,5.275315247458454,4.526033335210024,4.552662057480557
4.898759117253689,5.033729726418312,4.327570233875433,4.6945305787478375
3.8260763513663583,4.7727492756712895,4.393340980111595,4.694194326158566
4.238781324411971,5.136963044812397,4.250699786030712,5.22506204667276
4.558002389235322,3.8063394222650673,5.137826202439554,3.8946549826223618
3.9153429309402386,4.6287153847684035,4.256418829054579,4.575054865085265
3.7035333032440785,4.602050828090273,4.415655710120462,4.30139061890963
4.132486645808014,4.806592480860872,4.424830848536919,4.629477307934895
4.17733328656533,4.598265942291596,4.453927630122292,4.377806697099753
4.324804650491616,4.5643660878771,4.488459513625696,4.365207503445372
4.187620842003486,4.6027848917231475,4.50842697931173,4.4607174956707665
3.6051238138737673,4.193501862355083,4.278508417477598,4.210390835751997
4.3305099315238795,4.299281050632037,4.501404068551708,4.149738826195104
3.9488349397192675,4.700723956022837,4.5585007986247374,4.245282464604976
3.5170850089123538,4.140621156364127,4.187603918838049,4.055077085174964
4.077867082692962,4.572816353008246,4.5375488720019606,4.801563496097076
3.925342143738232,4.046409087317123,4.618245808881386,3.8491613630621373
3.583524367460409,4.238081890058422,4.4753872962011405,4.3362421327327665
4.220438136164207,4.224368130153757,4.4757509825631026,4.680653897088403
4.081924276835393,4.640303612104452,4.4319656343557465,4.5259084259128235
4.493860740183763,4.7884585857302175,4.3030740613115706,4.628539883922202
4.121860012227407,4.296552893919686,4.703868222866431,4.20102909124087
4.55116345245848,4.592412644833341,4.557589547038703,4.832939439956491
4.127326755216273,4.288266295534632,4.742625430625122,4.316443315939434
3.8286305654583446,4.6391769065028035,4.322960935946221,4.522618722460249
3.7788347028568654,4.377639705660738,4.735254019677689,3.8962170817260335
3.617244734250689,4.4675590037429105,4.444065631665547,3.79428952676214
5.095576250282887,5.059988446704578,4.358790031089077,5.361048347823411
4.818520038444841,5.384654138542214,3.9638335370022704,5.344384749461422
4.752416175570559,4.638228426087099,4.877609456283126,4.579012392017554
5.287980842633458,5.223790660247218,5.154629392232768,5.042507869745076
3.404489469987206,4.392752540694253,4.2209783679050705,3.528835673509105
3.6774285726940863,4.783963606916174,4.24027565580135,4.788426088741417
4.591842844756573,4.786683578620823,3.7508182094870635,4.3966432434568885
4.14617792889093,4.262229703627345,4.317487245230167,3.7048128701052505
4.657837399874766,4.756150154547147,4.359569103717531,4.84610758034368
5.047279924331018,4.987860498903381,4.6029245978118265,5.097679152291614
4.447284837117855,4.185707576495731,4.8347128725695026,3.624090377073536
4.6952979712561715,4.425318613297212,4.90513130622535,4.80478862359985
3.716545439821363,3.924612968135461,4.682956687294854,3.9643367657657587
4.072289178916012,4.270061975803179,4.755980591832514,3.2370149337500487
4.082080147890236,5.039102976043019,4.871770774616091,4.70581577696201
4.54322195005045,5.075079190034137,4.3146070505552006,5.112096910348699
4.117685589457586,4.409154595218971,4.246197681467098,4.632937715665483
4.254039140195835,4.649614781189173,3.8381426069256386,4.7386660102641756
4.509278012949891,4.126008880653373,4.73342483673978,4.235908701005321
4.552051214234146,4.460073121567855,4.55185334016561,4.551499312247591
4.8043981586449656,5.036018019996511,4.6002968605763614,5.2128246843404975
4.143889816932122,4.924704294359532,4.321083331767157,4.338180847207495
4.4097265911611565,5.169284910158307,4.029069989794988,4.758271881424432
4.851442175293309,5.221151810763307,4.058460269108127,4.87464659971704
4.143546937968775,4.3044841053076235,4.848951652501762,4.13357274821471
3.918958751621533,4.432326726334578,4.4216975965809295,4.139535172369113
5.079672264211044,5.161199520525338,4.078918202368857,5.215024515467663
4.6506658521652,4.331313237594417,5.013913591703503,4.4653260542398785
4.664851634359478,4.931151614791709,4.110571549400739,4.922944540859059
5.08445703482592,5.074706882310495,4.157890829135971,5.236717432690667
4.341919866174739,4.660658112675762,4.64463652894317,4.165592744803172
3.617730952633893,4.818303087338839,4.669900955748371,4.561798418943207
4.360394343304988,5.12480224130654,3.7589501224993316,4.889307805494861
4.177125775726596,4.669422732596271,4.699834486300815,4.539534284262888
3.6619918840813654,4.492073920666937,4.047465631951791,4.2834450921619
3.3805785699517314,4.53922232245388,4.109749676407074,4.254478762493806
3.97500258251512,4.407728747699627,5.110922140053491,4.28461784702559
4.445320761848729,5.2577380817980295,3.756691506871744,4.9398421457971535
4.069276448441578,4.059083063275468,5.05511506459777,4.356539369660098
4.48116504892624,4.778994607931101,5.195368094451856,4.710135090475053
4.118982980328866,4.095448543647728,4.836881195411005,3.915264633336817
3.6927206584299346,4.713817091568117,4.594491451716499,4.470519314456685
4.252442217785147,4.391016657332181,4.501251911984032,4.370284164435564
4.53966892110061,4.880269341328503,3.9823484375519698,4.537396249263531
3.626754889010705,4.294040716581735,4.272138390017067,3.4520756584616428
4.556633857611868,4.43213869237411,4.550677964237998,4.113855122610194
3.7404122090947336,4.488406652031962,4.535658249037951,4.109751654515987
3.74971120045048,4.666783387665768,4.515212014821997,4.44047821093848
3.7919054093768874,4.48931044544825,4.457263953797938,4.173771993461955
4.009495521245027,4.44774806852632,4.816863231804552,3.723712016710054
4.059944320064507,4.694831171511875,4.841983925012337,4.36647848466912
3.4408830609888894,4.517770392618414,4.60017505681977,4.311627144815581
4.499987049172107,4.232897961791079,4.876820247230877,3.487021584684856
4.10934624110086,4.694282215154962,5.055794223165228,4.123751201613687
3.788353173913864,3.5128678438818204,4.619808238326107,3.00403527178482
4.1363103096644895,4.192649504676524,4.387742328721271,3.859406041566365
4.402895966780851,4.364614613830191,4.350310849481459,4.335683718339352
4.4411827958656955,4.5625966536443485,5.134524397438878,4.307548414895749
3.3552455095683023,3.811816809563852,4.901977237544094,3.2527332880922906
4.217234933941237,4.443555515174555,4.587657842015649,4.091961010045815
5.366646083126634,5.195524786096486,4.234748425590365,5.174815220364331
3.1712096931865634,4.468975325821605,4.212392376337869,4.095985430361083
5.103169544173843,5.170746128652397,4.27237168404692,5.246194132962844
5.1426861522557035,5.542896179752085,4.143834343949106,5.5363783859595905
5.173139914029056,5.380442214444644,4.364076537180055,5.311667559059169
4.3983278451316785,4.289568352101563,4.604198014790821,3.991126025440222
4.719221534367597,4.806589036365773,4.892878485471352,4.930928168438266
4.088654076682232,4.547696775240163,4.617653233012074,4.166832215027434
4.927503622521639,4.851469930448323,4.119728166136475,4.691496182756258
4.495251841021555,4.577171651617854,4.310691749876279,4.494438651431937
3.4145533169628886,4.222676941959347,4.864598420847574,3.98083870269918
4.996142732720551,5.0142602101580005,4.091921461879558,4.772105104535831
4.826386048102333,4.860680995714497,4.321545494845981,4.358980715315411
4.18691383412522,4.776704990789894,3.5671693154765363,4.764662132894438
4.307958176062739,4.8894791258449395,4.398577420936975,4.758938538977131
3.8588909854846922,5.139336120098988,4.339440285509939,4.545417841617384
4.236155087457902,4.531181510784855,4.411817368797099,4.180430096202463
5.026613890910024,5.359707659180176,4.246387710600736,5.330993587859809
4.671063633212789,4.452068342573347,4.858193955908694,4.429821412572612
4.132426375014461,4.7475339835228585,4.44604677386482,4.589229859740485
4.152815028792934,4.384264444203794,4.562023198479132,4.46162280914308
4.012652457401508,4.2656793984015176,4.558858100871883,3.7248756224240136
3.930356396908971,4.470673801500234,4.5534197026081005,4.262109600768248
3.9310803498077296,4.420394259210339,4.249902807274391,4.190858587138412
4.551700116676173,4.833912088935999,4.8861168879129355,4.75478646192267
4.567465468354683,4.776103521441474,4.907462458210905,5.14747434195341
4.661040933101215,4.761235063048577,4.819673853513958,5.3396808590075215
4.394172909253539,5.0808998828342995,4.277775726825602,4.85832842482198
3.9619370730820567,4.806334978874024,3.987268371473293,4.570240019878678
4.657594108991507,4.738487878625376,5.075781097062461,4.6874786681582306
3.5376659555205987,4.418970100376195,4.420329695241523,3.9115527075787844
3.278009820234942,4.399093724021199,4.779097641247941,4.014990781685143
3.6510346769017588,5.208311205708074,4.5823282307243645,4.908419676152661
4.308740544874086,4.449539373825181,4.900514373075357,4.010954536339232
3.4984749909736292,3.7593362971151896,4.297638628084128,2.95940918625034
4.652366915398372,5.046503101169776,3.990548614488571,4.528015787516002
3.3523204163220854,4.481317472440541,4.341337843670429,4.285185154012196
3.379367964551347,4.420111514948457,4.713956239723489,4.231891650271541
3.4700706349642054,4.049573075951504,4.723871165844017,3.862479307444651
3.7792503542057014,4.279084847404047,4.9064981394705525,4.455122042337269
4.293995045860854,5.338517597597217,3.6793076156496913,5.248450237295903
4.15081744848445,5.19839260355394,3.979354362732852,5.195957051787399
4.070100761564906,5.1596106821493395,4.362725446430238,5.364755420024239
4.05569220838948,5.118329431714967,4.015653983533939,5.0973689264039725
4.148682519685443,5.204381032913423,3.8104436526020757,5.290293648490163
4.210773669236987,5.169455694285343,4.124167040633603,5.202800791418226
3.74417549678514,4.344378633112944,4.805396338269345,4.413458025876241
3.9158084246707663,4.400935033968314,4.961041551091328,4.3980346030307595
4.519893124314724,5.314561699176244,4.092226648407969,5.067200296224693
4.870713189632125,4.569417560960764,4.384134963490741,4.429083185437249
5.285613702945409,4.465217309214915,4.299585868506579,4.5639040753204325
5.051161882026159,5.182198469208862,4.310494263565385,5.115594694284798
4.460887364706306,4.469947624573669,4.6429458333321225,4.386764968286871
3.6806618168980285,4.629755765949575,4.541015558431896,4.0822929233397165
4.377164864658507,5.186246012551337,4.8321421909997895,4.830856005644
4.196921430828061,5.017054270039526,4.611371618979024,4.651047263448538
4.39669464212564,4.921002400481128,4.759629298301127,4.598142577318742
4.186633519635144,4.961817519940564,4.889175609118874,4.853267769862145
4.240437789266753,5.105608787142497,4.7479778125380605,4.761373510732351
3.9627080853280936,4.947077035894744,4.601707697417151,4.427298334855555
4.444824568016838,4.812884203820056,4.663714971082069,4.923832235278272
3.634504788325009,4.424484361750187,4.729523013852297,3.813636952491884
2.978020738271833,4.298050814719389,4.231493633118883,4.292048931132086
4.178829539806437,5.115903562727187,4.445561221944796,4.723341610256207
3.4132236631584014,4.130613009216886,4.612376271265425,3.8577576731220478
3.225659990730212,4.183028717886371,4.48411914832885,3.7485214003735536
3.8302502282631083,3.865447638448956,4.256792288749564,3.4537216939359148
3.316491242203314,4.223304639077867,4.678491966147033,3.762928162199816
4.177314815577777,4.7939679325897195,4.263653276479882,4.959561235160122
4.010459184131386,4.849412648065405,4.277875717592204,5.120988211497403
4.175530382698794,4.725730106245138,4.486094669246469,4.806339637009406
4.236560163988841,4.808572525921935,4.270342426481107,4.959985254678168
4.206486352904619,4.717535824941517,4.336277391210873,4.960448373772857
4.382647906283516,4.881009352830575,4.533068917277544,4.961064645717725
4.2892142007950556,4.870926368064005,4.591074272329905,4.832051802424831
4.509158338522424,4.918121092587783,4.357145108830576,4.794461423192976
4.166354648254781,4.6058465717165245,4.137911941154315,4.276425027608106
4.187845364493228,4.81613277881998,4.630884700703413,4.746376147851143
4.303210377445529,4.814520989460972,4.192279062619133,4.909529186763137
4.460178304061272,4.785799280575858,4.206714887597209,4.828142150079632
4.411734233655089,4.787932125270936,4.281299066546759,4.937225289017894
4.872851776874928,4.52931806455814,4.709347635043259,4.465956978892227
4.043908744705195,4.694176854039787,4.880099910252342,4.58450003215627
4.238290307792998,4.569400440955503,4.947588967177845,4.6830706509447895
4.3950881985111865,4.201044874476344,5.158372094166831,3.9825558384204993
4.121207400193085,5.022582643669905,4.430107312874432,4.795456436844493
3.748569903975573,4.585565522730673,4.394748874669723,4.362301148264602
3.6792098079811693,4.200187063853495,5.07640524541459,4.33616229046126
4.387496422354447,4.596369401840318,5.128071963573766,4.803859417649361
4.193390863931661,4.434275248726654,5.051159012335584,4.794896338910047
4.253681475107526,4.447798533107618,5.094004689220464,4.8923148557915
4.282736056812226,4.519713841181554,5.141413924947639,4.72269196562894
4.179348373090677,4.497165098160158,5.105121876049855,4.949461215880912
4.213585563476034,4.596437546886607,5.241894988558968,4.825415700050656
4.258813753029462,4.503157512669547,5.16513217967894,4.769015000369888
4.203922683814688,4.642536478072404,4.634177784108767,4.679902903028178
4.204163952107926,4.9253673293328415,4.868880792517711,4.801331445868307
3.593022418134065,4.458950198246811,4.011965655153371,4.476815866697683
4.199527902141626,4.787608393310449,3.557275192249902,4.450158351768477
3.8953975123192706,3.4503439726041822,4.219033012256876,2.3845007965538154
4.108828540992157,4.823278218068652,4.251370778491864,4.645502700139671
4.40845498012011,4.705176514600802,3.6132747243976144,4.260251265095939
4.585675071082736,4.871934548697553,4.067119082320652,4.9275341726288895
4.5327961883381285,4.8748045982398285,4.0647506630851105,4.78399982981168
4.5832572617902185,4.344185366739167,4.54605171703073,3.8167341217732416
4.8935727495258305,4.44846050784899,4.180834770542424,4.132611782325008
4.888868651419855,4.2968832454668835,4.474306213001102,3.6667745594005696
4.7820382944377995,4.723435550811738,4.111282649065108,4.387126400998331
4.844780595722622,4.11975184218494,4.302815018857609,3.046120578291106
4.7467435951466275,4.263376453950335,4.311127786557016,3.4955542962819792
3.872667144473875,4.858373527860216,4.499092812024469,4.571102681916104
3.6902877143920967,4.826703663229987,4.394680357176924,4.6867830163447275
4.343492304434374,4.940095982570256,4.452277963732581,4.804143575547002
4.618940403327734,4.960671234949232,4.12805016284323,4.746890060076863
4.044939404343418,4.450911162289274,4.568236562137753,4.495461309588891
3.60667066980679,4.479019217391039,4.453081805383018,4.02310132527734
4.703190434810762,4.947021401996179,4.534588875201708,4.647183360362161
3.955971042831007,4.499857381824218,4.183715482555972,3.7910190443076264
4.755550653316338,5.104831692554597,4.275700777956437,5.0618675888795215
3.5571041617922843,3.717111253283199,4.0538030135387455,3.423076056962563
3.811798879474111,4.598618307534416,3.6628595940395976,4.13689109200891
5.156445545440188,5.112931950032201,4.2535839783012666,4.736203301017506
4.735070755485165,5.055349837392104,4.473255934590303,4.935752143187694
4.8332699861970925,4.701239889036844,4.773473379591587,4.604302417769781
4.893462093310045,4.73958159956799,4.098280584470392,4.591126296502694
4.801538768566665,4.597976179495346,3.974875285250159,4.392757997019136
4.218705979591174,5.333077650187628,4.057898726110517,4.763367398688111
4.283267772594378,4.481922949086796,4.125355562028962,4.385040829378008
4.361499969886518,4.646785878183849,4.268076239428896,4.519828947446216
4.738168633351358,5.072509502302139,4.604683270774624,4.94986394155661
4.779650238180467,5.307170603285524,4.4777415794615845,5.0373043488540645
4.818750478832566,4.506771959465919,4.04063888520199,3.732966800198061
4.189207802843392,4.241589499707666,3.8723753206489593,3.541331640171158
3.7642267486443908,4.742440252264506,4.377429115002544,3.9784765443529975
4.629365371413279,4.561211637836338,4.573006567736563,4.406369236739701
4.975033658825765,4.849442216890013,4.885528655866295,4.493001210522304
4.647815171004883,4.441601321406814,4.4962724924799105,4.157271993517035
4.217963184245146,4.798416042404571,4.4944282756170155,4.5669269131167365
4.767822460785263,4.655332032511906,4.701190422074875,4.336078904228117
4.05074307278793,4.67043706416428,4.545872996451132,4.60941247494497
4.424309083218931,4.942320495494332,4.620294479241946,4.989202620351446
4.727812404734772,5.104921508469962,4.50162077109657,4.887932662455121
3.9622425437506865,5.122147107396179,4.799715694885143,4.732506042115568
5.364615064500258,4.54025900070416,4.324659473608024,3.948777911275704
4.58016152319757,4.858767647569498,4.414862046108703,4.6808704635515
3.5266214678592465,4.74276309099514,4.339581697927557,4.062407004723705
4.352630028046969,4.861549589659383,4.674961141576167,4.3576403318922345
4.1937074776393155,4.879471034920617,4.613474460117621,4.7276818283904625
4.510108826285107,4.756713083263491,4.604763035442332,4.609654703008425
4.161351754259258,4.918509287474533,4.23345742343417,4.383456100154007
4.016361223585194,4.626721061337011,4.661983542615278,4.407537020818506
4.676760200500469,4.6133967330623245,4.918273902608621,4.370280377157641
3.608558518364984,4.254031823652297,4.215109715494096,3.712563518786658
4.4607816439937364,4.918895738811383,4.713858323345816,4.980119916872916
4.6829090852242,4.617120398486948,4.544957268040186,4.674928054026339
4.495204201884473,4.628467938652566,4.811147460350834,4.522902659959323
3.8337167843267412,4.184789488948997,4.457709582158004,3.5097293842430757
4.334991626472126,4.545424639240195,4.224515025346895,4.6594086027874955
3.930888870194353,3.9418400101791367,4.686807447075605,3.392848179119751
4.499618173692176,4.3639790327413115,4.762307277450812,4.022613234746414
4.522802846528192,4.496884854368067,4.625276397223982,3.8936728925849953
4.464672592794728,5.027714950638342,4.495252325844363,4.570785103880356
4.908227900240392,4.388750019014802,4.594892403964405,4.283784108164689
4.868389656852851,4.208814971797548,4.232064536290905,4.604030418033358
4.579033035120596,4.799662727529137,4.629956168471904,4.662411177802505
4.8264433070078985,4.616949912503438,4.687893568970427,4.165249710914681
4.971283798312806,5.1251546497373335,4.389395667871084,5.263175925169535
4.806483544370098,4.469393070765159,4.663858076509392,3.8555231835896877
4.386912495563846,4.149147039001336,4.620279814427598,3.628074232272595
4.603334034506086,4.141106396956841,4.643451176458695,3.434924823381437
3.6527917086813124,4.181248571538341,4.932188623775129,4.110609828079533
3.176024665494867,4.131425745270193,4.409212163268053,3.458356059469786
4.507194369982695,4.728185671349668,4.543512306246732,4.537823548249423
4.625500442216801,4.8310220087219,3.4994877009395173,4.597733867499045
3.4726303227884654,4.0867954465665095,4.485743279482735,3.8858192911537808
4.046742137281696,4.163753439213662,4.369926625580389,4.463927170002239
4.009662279172112,3.997664854858373,4.347720357764044,3.9719458290172107
4.486582114534206,4.86815114767572,4.46879226929805,4.836797630647388
3.988926543339435,4.220450474207192,4.37331180271137,4.20005137599441
3.6231599476934706,3.944898717310567,4.4564157599527086,3.640202386480591
3.2579119188594334,3.5468545555923545,4.575179868103681,3.415104722281279
3.5732250971868664,4.3528725452346455,4.537375421597304,4.231047440845416
4.225069147761984,4.7050542991283635,4.855097374373195,4.910627898536769
5.094634504144612,4.95060799782316,4.222333769218144,4.584104876513319
3.728565871038098,4.527482315579097,4.1134891033000756,4.559129247229375
4.323704449789272,4.842892180610322,4.438012595757202,4.783851419358005
3.9770321379884694,4.364546750928469,4.266899567252322,3.6575061423412145
4.479099032377162,4.954826552638914,4.591614806651635,4.687937759363101
3.791328203287603,4.1273018316105645,4.370821783200509,4.007061451358602
3.8004693620399816,4.054516461048419,4.346084451101335,4.133792273137568
3.899403026730002,4.300057919158549,4.574749542181499,4.159549678641908
4.416391470815397,4.469976891801708,4.833831220355026,4.474438029204315
3.997156108926037,4.459506499876803,4.2090323915291705,4.072439716849623
4.8485221647778145,4.648450163645012,5.048137383817054,4.489939211323879
4.525970422760218,5.199593418831994,3.978167675971575,5.006848977965329
4.594075677279052,4.974421127274275,4.485487209601256,4.864189473675706
5.143984584755511,4.991713386868851,4.342750018662201,4.768035046550257
5.04285355271172,4.843141007234801,4.831492269525376,5.1403422160151955
4.927814387888309,4.882001120980459,5.106864604886201,4.968381846507391
2.9848420568505603,4.10583682766788,4.457629695812161,3.903055631949633
3.9008230852928567,4.037021713076613,4.435589708924569,3.4309619865480787
3.998685692221004,4.051197826622653,5.081129945369079,3.76511544363356
3.8430330831139528,3.854058994899239,5.00672380766554,3.4549098461616476
4.10270406099498,4.949508547162589,4.620220208791726,4.49176961944944
4.5030279249683325,4.494986349535633,4.535890567847199,4.252886808506888
4.678179831310827,4.749722935238956,4.63788191710602,4.247000889286914
4.6127019406282175,4.889382888356846,4.54929925253647,4.8150677703209706
3.9255168256449644,4.470493189742324,4.759785226127089,3.7086838215690694
2.790670202218532,4.387750348411372,4.400742227663042,3.7274416599762286
4.494533548393642,5.072846229326787,4.595662959172284,4.662793421578665
3.7537359196388733,4.66875442735434,4.347962730434771,3.834439480524145
4.0210063118181685,4.484105094082023,4.446081860064609,3.65335112290939
4.711815895004727,4.740179711428945,4.399505757083874,4.176971978028395
3.8860181936172387,4.588348892571837,4.508924541555901,4.34808001477821
3.8188160196848453,3.779535430843248,4.698436579730182,3.085695136402409
3.8168475372400956,4.7176931834404545,4.349823871901168,4.451201911028939
3.7708447226489166,4.42784332285594,4.913487586156874,4.109994537588899
4.458652684847002,4.248092747634902,4.4594117084161855,4.073756377537294
4.308726510065419,4.368691037037716,4.451325130717034,3.8084436245796667
4.797194451212937,4.804065432272045,3.347401612388813,4.771045203854917
4.797188362309656,5.04780565790447,4.310295961548234,4.764259065162143
3.5799099311949045,3.934271369154927,4.2308267879115915,3.535319389958822
4.311996147361005,4.524619365641,4.560364505925801,4.559708867559838
4.500059281239585,5.051233024198201,3.69207028282649,4.6055925752114995
4.328395198464991,4.669994628660579,4.71306869198206,4.996610131091885
3.5919146098546175,4.406161730572089,4.798544461080784,3.6189381959252978
3.822688477598309,4.310045864809451,4.6682612905732475,3.668848138236486
4.613230017868429,4.796431395797295,4.781544001319835,5.008727725412479
3.3664994058709268,4.289460113984998,4.925870663458827,3.8245473762608575
4.214049553029001,5.1104990682099976,4.418131511617658,4.838308343598463
3.8667390651079367,4.9902663123214195,4.372618388395687,4.833319541258724
4.6384628234269,4.850004267504476,4.519595875389314,4.89437144897464
4.999381889859834,4.330974009538387,4.04090356163639,3.665428282816535
3.507019839166343,4.459446609163317,4.811925398820213,3.7295614112706597
3.452191859417957,4.185716481600166,4.760850858503728,4.033327816083056
4.561726279836278,5.051558975118883,4.688690179711969,4.9736890081607426
4.81124595064041,4.261469916524536,4.13843144103019,3.997500921759342
4.540226934770652,5.196930029670291,4.533151990227695,4.600723768284443
4.505171204842248,4.395238737423169,4.47084569371589,3.6561607530062283
4.75270317571624,4.408373712427517,4.176741330466716,4.101647164952234
4.518655203426651,4.884381507110191,4.645072912677416,4.90324854673386
4.451811798636669,3.885325951894675,4.578591303510431,2.73522716462102
4.921437608777674,5.076785810790045,4.662882080469415,4.530564759768756
5.707912939631071,4.844368245753923,3.9185721123180977,4.166935051611382
4.3121206622620205,4.712305460938263,4.3510745657436525,4.638070768408438
5.316905089737538,5.16723189724775,3.9929457279121494,4.956241714273148
4.669569129397134,4.264542400137242,4.897717042195227,3.908370583479808
4.52045605768445,4.35819850597438,4.8277545235868695,4.324893219201082
4.565513457147235,4.311887128014526,4.824704127561401,4.4067750891313695
4.450218453792373,5.091862248476666,4.32509308978357,5.094289371149424
4.571077117845166,5.165610931865747,4.0653352970516305,4.824649365827429
4.456321519192011,4.606915870082465,4.275175292077027,4.507453611526702
5.16855206629369,5.210808562649444,3.809547834215427,4.893798216274205
5.055660654793257,4.99612244684196,3.823624301087151,5.011192839135016
4.8760657702973615,5.136742793969234,3.892801468846154,4.98763507139393
4.990446291854706,4.991684285356226,3.9121454954333656,4.70827330237608
5.128718169330114,5.153955562325186,4.274260485331559,5.269573416143435
5.158730455136211,4.9986929553870505,4.564574748641864,5.114941965066546
5.1257625695352305,5.314325343981158,4.152895737968118,5.18336328269129
5.050341830578789,4.91561188639211,4.478638454393755,4.848557680404411
5.248680396140421,5.171195938939681,3.7801551154038746,5.121768461627735
5.170363706224311,5.281266779209032,3.800141506212773,5.0682462020454935
4.665468189812499,4.8806003483156495,4.567246497151637,4.739457576057319
4.6974082344380825,4.915053305555854,4.546978733505244,4.653678746309398
4.701935799155565,4.896885394170643,4.689012244682814,4.723048296287834
4.845004540247232,5.238734417451833,4.684650466943014,5.027154043320343
4.908648646501312,4.977097136223276,4.572062186550366,4.920173191636174
5.077229645015287,5.193178236063204,4.614833946106963,5.079551926909645
4.430633660814856,4.527327521509905,4.487912614615849,4.235752330022719
5.174365935607333,4.768871314304765,4.458464911164195,4.773210210031482
4.975910986427089,5.161132398159769,4.473221611389425,4.8544938056710585
4.769704044511895,5.097275356662645,4.765325572926457,5.0365293762976
4.7499839353249005,5.152207876787608,4.526833870712549,4.897447884291638
5.088470189011604,5.429423296676179,4.599466947323482,5.479553962928717
4.411304713448971,5.26962467724111,4.241618739363462,5.299352238572437
4.3275568581178385,3.4457293697846523,4.300121691489135,2.1625540769887355
4.810300660749318,4.718749121279209,4.997760687120967,5.092871675978514
5.172905290376969,4.647602880801323,4.4125102505519544,4.6545496616399324
4.940409547543884,4.712664686746182,4.272912143229311,4.698480375296638
4.46452223382229,4.945445566575278,3.4698318236447854,4.4065237999861155
4.191493312711088,4.655756959462497,4.405716454425565,4.591678327202376
5.151316150916318,5.353981415397099,4.808178006539346,5.32268269525517
5.225573920897865,5.167577919738069,4.192869794684807,4.766620629489293
5.79945990271874,5.552658576618307,4.316325969017181,5.471263438371307
5.164488842946661,5.18983025105331,3.8981405497227066,5.6313607217008075
5.400577120143557,5.3418558959500695,3.759366429947811,5.63967279849957
5.475225345076764,5.403390078675983,3.859302551834656,5.779629698964083
5.249361586763148,5.269085672679157,3.6321655012516056,5.6881296684923655
5.097136709438598,5.213279453347174,4.19944815595727,4.9649345074731
4.159752917895855,4.859168468898105,3.9406038316597534,4.5509461910143
4.323226196197102,4.930872090082058,4.352680156683903,5.079516671096818
4.402799319035074,4.822446369247158,4.250492489618595,4.984248415526301
4.918844952669041,5.078053107332143,4.541011235910149,4.888587260328449
4.313578060321197,5.030105541789862,4.0020431635701055,5.089183414920912
5.275090629567911,5.172851557342579,4.246654518417537,5.77949786269079
5.433217328231492,5.361952202410994,3.7133669426922338,5.668660860959558
5.42050504840316,5.431932135912039,3.856202186505109,5.709071386065586
5.352737968117597,5.331382153387403,3.992555983639362,5.619901861642812
5.290300447411871,5.194396790389453,4.044435266778202,5.70433935476903
4.08944943708143,4.109668654882313,4.770133856782489,3.7566299283098084
3.892125769508532,4.169944698939519,4.5635355695129665,3.9149075629976586
3.808947295560824,4.1115970791403536,4.582318609271471,3.935039688519521
5.065202586691396,5.1497044440900615,4.159145825181759,5.454535500044202
5.017620236114034,5.507302059968206,4.24039739544208,5.3468356021113514
5.341507228012752,5.448315943434578,4.345450191463921,5.6536783593915265
4.79163610447796,5.134755842302903,4.504755409872779,4.882842780240637
5.107050744818639,5.2460380316502295,4.06484108052362,5.432369168571249
4.961728245502677,5.148187189380283,4.269252945412968,5.3890659902611215
5.102130551054773,5.170688405870696,4.289667950214752,5.42116189165192
5.036354144266525,5.062894593090007,4.3332712183266775,5.330626648261149
4.898572182378993,5.218808843756418,4.4141070726571,5.287404667657053
5.144444132579383,5.3345745017792,4.514376491524721,5.476307796606342
4.682203448314553,4.680583110958611,4.409125727776331,4.849965908078958
3.5884525338479984,4.159427247576237,4.631454912328431,3.668289827086655
4.463871811952279,5.008691551746572,4.058443651849462,5.094919745896735
4.358580414612589,4.166845654934602,4.8615709450788875,4.115092061556873
4.702083530297118,5.014996635063422,4.28236344495857,5.221894277315447
4.585170243304491,5.001974838595712,4.316520692447898,5.125663957569083
4.3808367344514245,4.596967106197567,5.321674510042702,4.62834854036692
4.9172638688986225,4.852038396555671,4.424069798388738,5.105692378173439
4.470517416182131,4.819419673380286,4.568609238950524,4.438415217294102
4.893994603467814,4.624158388659525,4.136497654281708,4.63489703046705
4.976899421922946,5.060421907167308,4.566698506789471,4.954729780247273
4.890817244183758,4.675358345345967,4.418864891966818,4.965914043080414
5.043517001241085,4.868393084043735,4.484024916278107,4.948803573469822
4.909187397382951,4.66797484867258,4.583866701012566,4.685413790884164
5.326841986831313,4.954487821750563,4.261083850717821,5.12264404455978
4.567049174913816,4.579916432338543,4.583349370210278,4.396614629021223
4.122725135669274,4.772691826353959,4.490497663497388,4.6412673370086575
4.775984281431398,5.129070906153391,4.746175774931836,4.926320764055071
5.29150283162363,4.481691798314307,4.2715102447285656,4.7848626348419305
5.13467262378268,4.773893209446358,4.19669836105839,4.783706543896061
5.437845137819976,5.249743079676582,4.69144773941178,5.154125635149028
5.5089648676875695,5.048155741687079,4.497456489428348,5.016720709842646
4.462091767950082,5.148140630079485,4.490144411813133,4.932989646075871
5.452005938744273,5.3288221688585,4.191603879760895,5.044080113785155
5.354775712461977,4.986852915473084,4.3946339210968635,4.820546806965595
5.5280481589457855,5.389000663327226,4.350840193363649,5.3024745864576746
5.1901713107955105,4.939420545838326,4.055398460866891,5.126011696766391
5.493172401854429,5.263407576879683,4.305549622096181,5.433155779133602
5.033260235187476,5.093208079204742,4.678710596491408,5.269895672823016
4.9633778345213,5.518582436587298,4.317030300288152,5.018392321657493
4.805107887988966,5.153623440411082,4.485301631752497,4.858460167134454
5.0185153256776465,5.237283076435534,4.172488642035259,5.023528435266157
4.735333236256757,5.2887175043683925,4.547386247320186,5.292949148771721
5.080698167430033,4.8749636222032535,4.475962301201097,5.0723542578582625
5.2823193388140135,4.869354904764803,4.238346925374942,5.094875052124767
4.861341270845446,4.735808314089206,4.760146483631194,4.741287810719251
4.857910124707157,5.4315562952416006,4.268054425169285,5.4163244920704265
4.818553174314065,5.360852960106018,4.2082516272551596,5.342081310064613
4.93076080363816,4.143936123902683,4.228951904841381,3.9909149812913354
5.237284657097257,5.267294556888946,4.2603359994311845,4.709726301984674
5.207242415766697,4.989029238589134,4.538771811221417,5.067178315829605
4.951385939560278,5.017627431450903,4.691698269635714,4.888682014870207
4.561894018417503,4.57830070248479,4.413378733286764,4.640700590086609
4.788878145110135,4.499119054538277,4.5269434567016615,4.6524315411366866
4.934745593356114,4.611108959596027,5.274497590871857,4.3293764101486865
4.459704262110595,4.5267893591794675,5.170595268460767,4.49299824858395
4.613555933943425,5.02305602060527,4.314313435030314,5.256234863713535
5.002921431107658,4.283122804515738,4.542113353271487,4.622133110979676
4.783236322393638,4.448912663467523,4.393761841600517,4.653220353940727
4.349866674373065,4.912689075825243,4.30254016647389,4.935864470951806
5.406484489973352,5.501932183168445,4.442657380783353,5.483845976717104
4.493475806703268,5.176571412687092,4.404784927316809,5.040150618414267
4.575038607865244,5.350587528476195,4.448354844631749,5.191731956705808
4.251828814683427,5.300013311528679,4.546425968505865,5.236406709319605
4.60890092993977,5.3057020784711195,4.541102047777948,5.1555424034984965
4.517560887397996,5.324533766477414,4.399430388940908,5.095864604831332
3.9066117427746025,5.1333674512886525,4.202198265571727,4.622777648286693
4.986513236352672,5.12620305607103,4.31006924734369,5.26323362849643
4.85881625499211,4.973312974941808,4.138511054581489,4.536108400435054
4.729731395868465,5.172345947059101,4.457813219541504,4.960705570119505
4.698270116320061,5.0413493669554095,4.123598136445594,5.000663830478695
4.3679883891802,5.0966276323878414,3.968007944875969,4.600622945618222
4.6747030810439405,4.978752705788075,4.124954664614653,4.995742936517405
4.676673699771795,5.10993588556349,4.194547736794231,4.925871003010692
5.153452246701928,5.618971921617366,4.271685236031257,5.48854495743957
5.409489286206685,5.079733010605432,4.807663267952803,5.161319416774912
4.708863447461057,4.903993141177984,5.121891073967937,5.012275009379421
5.2521185852679055,4.9414982350627055,4.6677826490960515,5.075414489094395
4.504696063090662,4.684011163492737,4.5953423247968095,4.200701953560392
5.295851303927028,5.069846072572946,5.4048898865611115,5.142842237590991
5.235807947228445,5.14137316380574,4.821465230196878,4.5524729706813645
4.627779999813016,5.471300462534257,3.9365224738436013,5.18894362873801
5.534142365182956,5.17419112169463,4.456750524985618,5.2361782367239815
5.432019753016465,5.2745775192046604,4.369502812915777,5.451627372050772
5.665182206157969,5.538986447626759,4.2849030428261905,5.238473377482405
5.512105056580506,5.51245503981716,4.69419499601902,5.355607351962484
5.6887822111589506,5.435094948050731,4.256384997808944,5.254820120580292
5.463052403701505,5.308630284830674,4.51563684402737,5.092286205009806
5.475064565738429,5.241611386497571,4.670760184794375,5.28171757447368
4.7354891798575425,4.509765966415891,4.210054154052654,4.29180688561719
5.567913966263923,4.979380949441203,4.353875130273134,4.73442952427288
5.497096814029472,4.90508510336637,4.0491843824224025,4.913705142782788
5.815999670036741,4.869789256886122,4.0957773487686016,4.824986622608546
4.858465022389619,4.664473874839377,4.717633589442286,4.891249087608598
4.906116693633618,4.821195121601587,4.761213180328291,4.762769319835176
4.994114093387769,4.69124788188901,4.694103290997758,4.520590474213853
5.739716221895064,5.559534034166205,4.568951416709177,5.121951938394948
5.163403795915304,5.331563692772404,4.387853443601872,5.418132191445872
5.676138830909995,5.524454965673791,4.316144612448073,5.1543688293122685
5.145489488982656,5.242984258282829,4.138002044238397,4.962586126670178
5.578189678592964,5.529681126579809,4.415553346673824,5.216637147431718
5.457287242739026,5.451297432644004,4.371561128696041,5.53369985758879
4.815136920774239,4.542959599584007,4.840521006861568,4.782217288278792
5.625523184777971,5.584858878189288,4.190243027544751,5.225276484549441
4.968414923108449,5.134156298629606,3.955018875880128,4.774339937323796
5.31027484944508,5.35447009208414,4.251639670928243,5.317651251866646
5.611556146321572,5.437531119904379,4.363498763701852,5.356173123892649
5.4759605833155005,5.665685623864353,4.5005480242595155,5.318507900089727
5.345442291425904,5.40302766472429,3.9728656974691665,5.058902675166797
5.758731018623287,5.313853407939832,3.9734577034967598,5.507434321309234
5.29549979768196,5.267673184303995,4.249808869523707,5.3273155000110055
5.412078432405668,5.287970632338599,4.201578798500098,5.5976263281329555
5.739987065875656,5.302435544480353,4.208579602589943,5.539620127641512
4.679574622124169,4.694784275840446,5.433515443316188,5.224057121993381
5.453881758427545,5.365576750903481,4.521065468349108,5.772910881444287
4.641827506442434,4.773012497489021,5.174586968475219,4.503167699173799
5.4228321402895565,5.189922434478966,4.593730467403908,5.664500992208783
5.504569004199845,5.427015031409255,3.7321017833880497,5.353524613619673
4.645889963938899,4.341015060588188,4.921301983009572,4.377185031735561
5.202448449750245,5.307587573205175,4.320799168056535,5.569702953172651
4.7763069633474355,5.079980140399908,3.8987113410927714,4.801944368369212
4.531298499402524,5.294938658924059,4.704354475427512,5.1758553954910465
4.9695323729993115,5.137970895662255,3.7664643615846627,4.723959636878299
4.941923073584385,5.392562573160965,3.1511278693350597,5.224721748084668
4.563131387222625,5.129224463224348,4.361253657408171,4.8898549362224095
4.601144793637709,5.314751418241653,4.381533658074404,4.956728709073624
4.931555838070238,5.245456299072496,4.561308650853832,4.916976487276216
4.62402175938546,5.197851099561158,4.821213823809222,5.014876715653311
4.642342015826766,5.220983479988665,4.497922892909348,5.051678443838371
4.681982325356867,5.062248926368752,4.497348284709933,5.226665818896792
4.264762422889355,5.477497383180661,3.758937556667993,5.043531969161134
4.670662818944308,5.5077350921818855,3.8657854824161757,5.14622404613752
5.9107670142889726,5.499626498933258,4.777954721613424,5.475292229982052
5.499815660449896,5.751096219456148,4.551065810233757,5.588177022831198
5.5503265756968,5.766061463556457,4.723485057121914,5.545679146924629
5.620228220730453,5.716028638950142,4.7668770089224095,5.5115335361443245
5.4155614024524885,5.503435628964825,4.64722184937324,5.354537002000208
5.458798083151544,5.108534178316874,3.6477978012960297,5.081131216306166
5.500097902848728,5.443839831954873,3.9914025404299576,4.842495410560661
5.559409894671915,5.039620082673043,4.520983113903283,4.638505741445055
4.616424198409428,4.95468302746892,4.862597958078388,4.9480990003252785
4.303812256016744,4.618705688381133,4.636428649590915,4.149414221244198
4.941134822781928,5.2833266037926245,4.476679533763703,5.001613247479957
4.922898425749765,4.3131838903839075,4.805937974355097,4.117553627887668
4.664802888756131,4.850863276480313,4.449470198359157,4.747614701694736
5.5521036668792325,5.005227976245123,4.257213973226416,4.943685277513429
5.555148167901048,5.089826476405191,4.23652137334841,4.716323034891568
5.522410054883271,5.356305058941416,4.225755211905234,5.41887789139106
5.253896121715661,5.237681191669253,4.110864759826758,5.287193957078624
4.7508297345499235,5.018374272139569,4.562723537911376,4.6106192431022865
4.921550003264026,5.065663980193375,4.709130729833115,4.586166450464215
5.463289475950193,5.409196469991655,4.329860724245072,5.493132882003721
5.324615351131078,5.272619963379447,4.03338683859614,5.362841615472534
5.032150015463628,5.362160420603555,4.246023715213269,5.226988114148858
4.8986278633779765,4.991433769801548,4.167689622934306,5.097906203383824
4.97822646830083,5.301135295426346,4.3241755151848835,4.930947958414655
5.549220682222043,5.5672593315399075,4.254914946675104,4.986581800546284
5.195899628074999,5.242497657104328,4.162175513809005,5.64127730878017
4.720546037781422,4.742238058229531,4.918631088846519,4.571681505514702
5.211844706119867,5.228900455901692,4.1929783828932345,5.721435321559513
4.830373495088697,4.8038013330664695,4.834178846610871,4.814906704278303
4.206541388995339,4.818414905619998,4.852412852060901,4.572777536103025
4.458254317683879,4.782907645995432,4.882282828871918,4.7363037683278275
4.968086955625968,4.79264396491673,4.751034094509332,4.855512533731992
4.765396709004859,4.708109216812214,4.795639229344414,4.973732562186987
5.309514469963606,4.95967849153494,4.751722543179592,5.096173908028387
4.6300582926679015,4.76241376828882,4.709274342173054,4.708944922837837
4.943407238586445,4.872018297251681,4.746180492036361,4.573227568392381
4.386417233394788,5.33328814733088,4.505954091194588,4.873344049811449
5.148807535777048,3.9142442131135127,4.554458723200336,3.6048684547144676
5.141967981041795,4.102140597606606,4.573539302263501,3.8929223704079123
5.736836372606724,5.205547698884866,4.858417531445682,5.331026800721285
5.612583898194329,5.12285403592447,4.526658596688803,5.243187249526159
5.05547051700057,4.78079920481299,4.246682816342494,4.530262430696439
5.285120485594115,5.1455196926095645,4.019345288212334,4.7103461971898835
5.343933664746095,4.909011541567565,4.754660598298694,4.587063080835885
4.739993557445015,4.6852493038603145,5.541437106745003,4.559871899742018
5.446208912880515,4.52837319279771,4.445648185056277,4.0621046342260785
5.469656263691863,4.981633358421872,4.273241883857191,4.9823133339078725
5.042545732465273,5.0098436656102985,4.204089432051887,4.825475826951054
5.496933490074146,4.472545493864174,4.3880346376206,4.156951763881197
4.5140356166089495,4.818288773046929,4.548531539951175,4.702780117382155
5.091579174248389,4.644745658598861,4.734957213114013,4.66045478370656
5.522566701164165,4.516644761869291,5.1801504369848095,4.76523373565646
5.363264664812296,4.710378917639829,5.052345328976364,4.381477070531788
3.985704616730877,4.294971739884803,4.561568105770742,3.9796454787041187
4.848813658960831,5.274016805133886,3.9623256125949866,5.314065334371222
3.9120990653378027,3.99636811651829,5.235134229990701,3.456568126604572
5.989119202993238,5.080054446249272,4.3494392103678745,4.818347327432085
4.676380141274179,5.061363714330484,4.246085609904824,5.066143611467144
4.796587981171417,4.744950407331721,5.029687072504439,4.694123034041758
4.220449500970345,4.35395020017928,4.876405079837156,4.494425586240991
4.4687415932063725,4.725987293926572,4.261214367649947,4.638370981107949
3.5679721690403583,4.644170060870056,4.469785617908063,4.612783775024191
5.1189380383435905,4.74712433907936,3.9825962167459283,4.1312548027726
5.753616837143656,4.990001796742797,4.4813426945343195,5.031003155113623
5.35091427872633,4.970506001757383,3.923773577786539,4.604517717338562
4.455286373970224,4.7648724483322775,5.336448352907607,4.5960861250033425
5.35479556115998,5.199021502222901,4.613130640877798,5.211055904395984
5.288993898703342,4.222613038162603,4.322037593831534,3.4538479044354413
5.646535754051934,4.631893026465052,3.989710851800239,5.049634665304907
5.443972026975991,4.084133053476947,4.060982345571183,4.074886033802946
4.844969831164325,4.494678341618587,4.399716391801307,4.449488324653153
5.913517921742972,5.133870910494816,5.52220555577628,4.650362794658159
5.166524391133637,3.8180971899528204,4.916331475256465,3.670036395391936
5.784353836265905,5.379195966789161,4.274039898557024,4.673111227932748
5.224271357842364,4.579027886720468,4.780527209072457,4.59214104670005
5.819499957834991,4.9602571372208155,5.329011622578858,4.496284571403784
3.6190561259654546,4.470174232416218,4.447780239608505,4.25389488353486
4.634441291961851,4.962640260945699,4.101654738754762,4.684647367398824
5.051451873187369,4.860833964466562,4.533775586682795,4.604270376160794
4.693351315507933,4.278110030131654,5.282022639637054,4.0691628107656586
5.580218753078035,4.726834393405823,5.490763157631645,4.789525884834555
4.680162174021998,4.4091026376802525,4.876267760536009,4.58895990437218
5.193442102820618,4.732599046378775,4.6294219854347975,4.725459317745062
5.229014738133213,4.875128944270541,4.375111773655744,4.803260734996878
4.66535233308652,4.383223763810342,4.340271972647105,4.490682168239847
5.437437248649351,4.649471233109802,5.033774766232704,4.813518190437154
5.798192995274889,5.244739094078675,4.23049725015221,4.559253127835693
5.5359632542808965,5.107645568276437,4.506252734887982,5.093589904415581
5.058542254468534,5.319569223699343,3.6031173016217264,5.195358312822488
5.266455634526777,4.95659456054315,4.3195248218635784,4.653428694862669
5.008061058046282,4.377366579627715,4.770836955530664,4.307603552017098
4.137446080256498,4.269205528919356,4.916432419122341,4.5202941495231865
5.096567914952846,5.244509388550909,3.7315286389474216,4.490492882519361
5.011531553721603,4.930755112608939,4.0874490773684204,4.982630920770131
5.31355927992997,4.6356592033347415,4.377628109392152,4.582171029129381
4.0937492175322,4.272033708107878,4.478531525855465,4.140522744926563
5.319818330440111,5.0089228530410494,3.9678088912607667,4.881872585724352
5.276446510265872,5.376634354845396,3.8002967738286277,5.204280107895384
5.311641996892009,5.086910244120745,4.372581554280684,4.47626689059022
5.342049714726042,4.862844500947425,4.628409589323977,5.786948571034181
5.681899056915997,4.326817086333546,5.194892973364598,4.465913393481019
5.0476235921969606,3.993793356198106,4.943565849944967,3.738312323711116
5.535617767369172,4.31115028528628,4.129047608763427,4.1315146796626525
5.129050356842002,4.792815345772467,4.7341711109531035,4.987898608851552
5.299785401541322,5.059111313283945,4.727291726502533,5.104413030058814
5.465200755466663,5.074680209576938,4.743537228103362,5.39792712499264
5.1990048347940405,4.68820276338609,4.664304743554705,4.499281373123438
4.089005211631366,4.265922096815585,4.8873057294250355,4.346152016790106
4.996166162908732,4.189815152689135,4.332240397339724,4.026170862523177
5.509894007335223,4.672870751616392,4.621392563452047,4.669916894721958
5.483880473353297,4.90919341873495,3.8579073566113133,4.8311004871117245
5.630555972368563,5.3827332120412645,4.061707556959749,5.223078063471534
5.02108137665649,4.90185379731123,4.508527379013652,4.909486261345038
5.261989151086561,5.082901076675197,4.038624212949075,5.1104356217936555
5.190077838951329,4.928851095361858,4.481292588976517,4.965704809590348
5.223437011536356,5.016911907408652,4.840504677806985,5.326556298788263
5.210963839937117,4.891109044567683,4.908709301003384,5.268441399582682
5.150966631572474,5.2290488730756115,4.940064721908089,5.029549244844176
5.368946316936732,5.242104966517691,4.557457449796174,4.89467818719826
5.453261500489,5.249129925702561,4.592429773370988,4.886164304975758
4.606141954953601,4.291229639140604,4.615446102315836,4.203031324632146
5.409338489230531,5.381038886915195,4.614113693844486,5.406761048892215
5.073576375401198,5.1212711771805735,4.249384395339914,4.869209807348935
5.174283903837721,4.924126332786763,4.253263214239245,4.997668434226895
5.186915899550686,4.733159771027077,4.711237328572101,4.6458736270406105
5.141542671785791,4.519336800482626,4.514146944443492,4.171024975118264
5.422327593648464,5.253789920378319,3.981756886410039,5.287723025307609
5.1224065394987095,4.483254393997606,4.82091441387985,4.66061102733856
5.249393599283099,5.270934843881758,4.2728599500830295,4.9132528943732705
5.382257107326025,4.969136037349578,4.4133854044310015,4.897475734823451
5.096538452120558,4.723092067468254,4.406735316385617,4.56769061264747
5.347816975045972,4.717674683671663,4.351730022743495,4.368595837504924
4.792006211687203,4.835200542292865,4.429271194942976,4.628001372810685
5.321387515217248,4.932629114888092,4.390542851617247,4.949535013695381
4.819607773503706,4.385437731689964,4.885607190867224,4.420170893034619
5.322798850048297,4.532107232890182,5.131728723227167,4.46091562770642
4.137440995528552,4.824627090120395,4.582306390054363,4.8076194946654836
5.5411123003687965,4.882740046900035,4.209602971948939,4.739879947529452
5.29048138955763,4.484638071256284,4.033102243342721,4.306553944250849
5.225082622709195,4.8242179622382695,4.53230575950238,4.882350046580893
5.166622965489558,5.1180727188142345,4.591585692200862,4.760734641904034
5.471866964984837,4.841561208896164,4.495785609422262,5.072013092101076
5.092858105591349,4.9373103745927285,4.7501561099850385,4.922144433845363
4.538709011562481,4.443411940792104,4.640270421362184,4.232509099630103
5.306430308774183,5.070637966228994,4.17651539488519,5.360814543671843
5.466535711961194,5.177090310211213,4.117141001667511,5.150406560195721
5.500524225718097,5.044753302141601,4.609679044101419,5.17082484093078
4.256348576411381,4.521736445960949,5.102189550484904,4.45644861060886
5.416990476847913,4.764164090745365,4.517571237343508,4.829883832956745
5.8053250224939745,5.213952406022036,4.595277349298476,5.0583330723468745
5.362184363213074,5.369185432154742,3.617149991987485,5.147789872375433
4.856622567413394,3.82874665329107,4.735441277324108,4.3026373398926765
4.0507769063814205,4.440218207314493,4.635110892978453,3.817900219785881
5.422951225712536,5.185889728148089,3.765950559629197,5.297761504995469
5.166551847278171,4.697276330346022,4.9141605694017025,4.444061475504666
5.597559373581427,5.275527769889842,4.647770735693251,4.974628451213286
5.538628399032643,5.152727420799955,4.352743866338758,4.752793956507678
4.490895098287507,4.711337263687126,4.6204434550419435,4.401282405212536
5.3072462922296255,4.36249777490155,4.420778392398855,4.734394276713049
5.453896766389994,5.292037642628379,4.548360202056421,4.558153102597247
4.928602642386911,5.267340425353282,4.108778137410136,5.45252280809205
5.242955637706416,4.579453362630674,4.564316939810448,4.523848913704542
5.384342718688003,4.7496123551106,4.75538583367846,4.55446544149939
5.7207485156258535,5.150059211016492,4.442376193452965,5.088991249243486
5.320596341330966,5.020974346567385,4.177494841872494,5.235640109119605
4.747951945441427,4.769496078399702,4.135184974679961,4.624061765771348
5.319004697737653,5.279730483024071,4.722833930495454,5.095934449757831
5.419692725131226,4.826378474929144,4.208218486656547,4.760179810533882
5.020441336823273,4.8463447622812375,4.1572107048243305,4.97428007143027
4.9205168634827405,5.122476659391477,4.487280052088357,4.502024904091939
4.93145141739022,4.719118231269878,4.590251903377588,4.204852822093098
4.774677725166362,4.808779634155804,4.628323363706156,4.692772032823301
5.6783292818528235,5.071191979540263,4.442721061318433,5.000665472786905
4.856896024677483,4.991649810645686,4.491600150630016,5.215128335695932
4.912400360737144,5.176408861370535,3.701516318874227,5.097565402286656
5.342280666665205,5.167741892232758,5.183236733841465,5.059337585642618
5.587368905964219,4.615944761841624,5.126603010580236,4.375681678347652
5.615893674118492,5.042281841349437,4.753312498260033,5.0430073680565854
5.408838671276259,5.312252104428564,4.525654025024841,5.460549201187045
5.526944560095628,4.948905316913824,4.019780917458074,5.29707298146452
5.435248574026248,4.079041097121942,4.122225920069188,4.16910336170452
4.341552333549356,4.225122245068775,4.397252914376013,4.337630153951558
4.767798312900646,5.0853742210814294,4.113435836450262,5.130763389522429
4.588989136924393,4.446192032010479,4.06540437439804,4.039480113899128
5.3916946645784,5.31516162438089,3.9109898040099633,5.103366489612881
5.273625251577115,5.1968702914855385,4.292256002701696,4.913514271498023
5.2928144811123,4.895565785695328,4.291815801889187,4.373942304492139
5.935946430255405,4.946604157155661,4.00358950250641,4.824476853942935
5.254653799103941,4.891665551079703,4.457515208272951,4.482527079171559
4.805852364077762,5.0979571419623495,4.315451415064111,4.5933710369042675
5.203685634179563,4.601511921914831,5.071851387126331,4.380330288142912
4.839410574827448,4.540531305912824,4.463989797635088,3.999593180590859
4.720419431956007,5.318597577619125,4.173593961659961,4.826907616026685
5.079270322029954,5.105568760508813,4.8978359994720115,4.932079562972592
5.176125072470779,4.6553495935223435,4.622830501272528,4.720936503957164
5.285652417763382,5.1163274486209716,4.388294758594474,4.538522456853444
5.435581452508429,5.342848306200167,4.822985347401757,5.296662198250522
5.700144556546271,5.048066654550691,4.474623782637829,4.888012344123157
5.469249714055545,5.531679258908233,3.948859599312194,5.334107374983105
5.032328648661888,4.725914845850236,4.061280151974857,3.888202218104403
5.249510695359872,4.345193583020431,4.6553990446505855,4.59545550227549
5.445359892507649,5.129582894784383,4.744218751792428,4.674970963902877
5.315528179064758,5.051863070812958,4.052509964428449,5.291242840256509
5.542610261908942,5.004197490892371,4.484215829322329,4.904222644439189
5.246041088508064,5.100423961309143,4.509271429378805,4.999885203890407
5.66534507467579,5.327536535014936,4.191408861401921,4.758144388243305
3.7412830436857285,5.148681162529353,4.293851387557083,4.829383848353661
4.320143487747403,5.2138467396136345,4.8062886747276625,4.869216864213257
5.380326240711874,4.734957115810337,4.012822335909661,4.262224935195419
5.1368552873762585,4.514884347294142,4.7018777662673426,4.593272654998672
4.489104239446452,4.5169775073399405,4.888140061888264,4.248666575311415
4.564220752693088,4.189311538727768,4.497911303886357,3.4483494369353163
4.738162051497361,4.675657825127709,4.501524379910632,4.398997259327737
5.009020466619005,4.814330103176236,4.075338156529773,4.425123837908488
5.101145941153225,4.709069493484768,3.840306402438081,4.204969725558375
4.7406405196619135,4.730334606881532,4.231308548462536,4.504502238477008
4.984844087122208,4.677260940390945,4.7904393827672385,4.3453926359539485
5.24443997991418,4.856183176300992,4.4729628052870085,4.0429653499672185
3.7812401157487936,4.279269922259307,4.6107445512867855,3.9262574937674533
4.688260098096833,4.785893053711201,4.382675711914585,4.588318857517175
4.982967885735733,4.130069993177467,4.591185507556014,3.861982093376648
5.557205095831373,5.32901461632854,4.685160128682473,5.062557357906613
5.4806528769715435,5.2405524936477486,4.354786638300285,4.90644825070641
5.171023392028132,4.691970113176448,4.565136485405872,4.696561644434964
4.340577385868641,4.695080445739595,4.4460249189478604,4.363984782095941
5.0828178216575175,4.911913630653663,4.760673476360143,4.724904198738676
5.567150908580551,5.435355089974239,4.515749050799091,5.0543794314405
5.514712234277568,5.154335793067137,3.7061725869799194,5.0013129331827635
5.440179341407141,5.0222558830554505,4.620831406995843,4.705163584198002
5.324837629304406,4.706573578367444,4.62280254632066,4.938428255771788
4.653861264346954,4.958563402922392,4.525922591058694,4.9385520660153395
5.035872105996548,4.658191033984453,4.553378808634701,3.990508332144571
5.163878017694292,4.0189362399509125,4.868440748198446,3.942345883870324
5.385814723880599,4.852612439503201,4.194436600231658,4.766827141722993
5.118615432553598,4.312926190940045,4.485392506063073,4.307657427040907
4.732430220546182,4.047641934781039,5.500918334121854,4.1573606299217385
5.486344925674381,4.8339370944703015,4.6873497176759145,5.116016324634544
5.19670186735052,4.38413175160229,4.7619342376264475,4.118924929523237
4.980847667201739,3.4864419670663063,3.9709151300550682,3.2730330780265047
4.89267078812286,4.976321140819012,4.732445846607097,5.038821345078432
5.141441256190933,3.7657787312660913,4.875512372200408,3.2461312533120745
5.613362179082259,4.925289527319459,4.644924126299918,4.000027271984683
4.480800287639952,3.805065833469035,4.610944927500127,3.4141088019550687
5.03612677196414,3.7614292111004173,5.019393884419238,3.483088879462212
5.439949245880477,4.874209722090021,4.702079051169521,4.96724133368021
5.698327366829422,4.9467888827382875,5.410904195626562,4.506855726499281
4.711158287336172,3.2989039158876565,4.542627357910023,2.6075324362673986
5.069257029026102,3.3308817237167267,4.1522499881698405,3.117698430783065
5.074851653283585,4.526080153786424,4.1138050578514935,4.08943648327662
5.7764306672864345,4.530578271629766,4.673211301819944,4.618868799065074
5.000845556034466,4.430317664388748,4.617802715918991,4.220396385767124
5.489540592321849,4.802363351925734,4.424768483571129,4.751371525471338
4.201906640585864,4.748214522118018,5.03532708379204,4.729736084971613
4.717588985345048,3.785685268355599,4.876595226641256,3.7290596673021676
5.689246865275061,5.159889297092602,5.376013294562119,4.5204373870737715
5.74999593102302,4.209851306293575,5.342762508868895,4.573080725978889
4.831314108140943,4.6082250091843,4.767830781787192,4.512234810282627
5.119637267001451,4.037896898905009,4.722172878724237,4.347347550741852
5.053814003749204,4.051068747756596,4.5053040413690875,3.410294210812349
4.771095567154788,3.799078056342119,4.956437212262336,3.460774431931765
4.536798959424635,4.371144181012599,4.613932242468901,3.7713638189271794
5.051914159631051,4.6733943213862945,4.39200238502472,4.0385791533520665
5.1688141260031015,4.822370678554112,3.533736456259699,4.493156846274829
5.831961794371194,5.364929404647509,3.8118494201703252,5.547427948894935
4.7163855109829225,4.038834019275739,5.349729401489661,4.248905832515775
4.867674307787661,3.6316910338394743,4.511455581741722,3.4502557309607167
3.670751594450235,4.023323522105063,4.769998674912991,3.38585225509006
5.375360705168949,4.141619687227302,4.363948312983773,3.872267482321623
4.95481453278959,5.206755903021117,4.7838852886595,5.22955264777435
4.730716067271617,4.373599305310707,4.9968767561687795,4.391374513123171
5.234613681262444,5.25887448946616,4.750381522684346,4.702176700836508
5.527327415778628,5.1957853618175776,4.826833243036663,5.008674444103851
4.48381056575836,4.680547055519813,4.593092482896663,4.199871716733229
5.847774182615402,4.798644565010819,4.291191567317218,4.739434394909734
5.51932400360703,4.62383690851216,4.928731372009729,4.546901001061266
4.37436112932978,3.392913916716526,4.541481072760123,2.836151801307726
4.770530131236605,4.417649007828372,4.820488694685072,4.155071752312098
5.509777620702702,4.470496201604475,4.607803414726625,4.4705935400839
5.575419863094226,4.947817079423551,4.637174521065883,4.806600356797535
4.56047362928235,4.051493775702327,5.4050126491823764,3.9911466987537056
4.439710477798538,4.243380370401101,4.787250398564743,4.032430319157841
5.643541830329086,5.186199118789718,4.130185463335725,4.883985223917567
3.9611261163042744,4.608577813551356,4.359725171283673,4.093542894017499
4.802507083763082,3.4480174808605715,4.906547047114577,3.517580738924513
4.670466392667223,4.778986553320195,4.658475832860266,4.4894586813837005
4.568185558039051,4.9700255384436085,4.011971833761687,3.7250098396993554
4.940243651912505,3.5906997326017325,5.038769074340344,4.06349633419288
5.471145688932644,4.684111619236528,4.3465535945756475,4.299773224280548
4.033964211046786,4.4042178592301315,4.701421067374357,3.4935578429788765
3.5628197113530518,4.858988940946884,4.410364223969624,4.609019681075235
5.531330675558246,4.3353759604178315,5.30274926788354,4.644122324428261
5.6122850902935175,5.344089365857916,4.763861965110733,5.095622169307028
4.989688670806918,4.791631741688587,4.971958910346694,3.947454205829388
5.136228530876961,4.688699749028433,5.109711625689184,5.062409403869776
4.610763136058798,3.8183039487266037,4.370441943561298,3.6389726712932413
5.303555102724776,4.1524760874876785,3.942046886065853,3.833300911055627
4.8016485718628275,3.338007926373741,5.096408162157279,3.255662623831492
5.459369171121194,5.314894967743445,4.195268397629983,4.6463773234008166
5.1865574617221455,3.8753321754909913,4.373309702535497,3.9404261523074453
4.730438560496406,4.413893633853306,4.276625121272316,4.290489443375809
5.0866030084522045,4.812108896286538,3.97172954763516,4.57236287401154
5.15424317976469,4.566963516982207,5.020301089673118,4.113573648048828
4.825699045313888,4.3170777961659645,5.091908001144987,4.4805396824096055
4.2117665558305095,4.131927225477254,4.570840867631746,3.7937711212877816
4.958310897004805,5.186698855478023,3.9564586641589234,4.765133792347648
