CYP1A2,CYP2C9,CYP2D6,CYP3A4
4.696556367400404,3.129021720983866,4.2452426296238555,2.6737852894866405
4.855963566426157,3.3845284064329197,4.235357414320452,2.4429769931731165
4.523369287889396,2.768058768342313,4.577790543831317,2.162997403059231
4.310822491781565,2.825402246294042,4.467710051549537,3.0844923192346165
5.046163910089792,4.1059263580317165,4.415000600366051,2.512208801500015
4.7184991353183685,3.964028382999732,5.263575752369497,3.8335395732109188
5.545740108279771,3.7299713253419293,4.927952164417258,3.725097042789214
4.726743394980261,4.070969415939833,5.031598204197859,3.775964023317359
4.819698257828273,3.7597123190831185,4.423649274266439,3.130990730648004
5.1422139162069325,4.427866360043607,4.604910436752494,4.482607638638428
4.490304152296424,5.23604814843328,5.107131835194892,5.456202165943742
4.233053295177164,4.606796823017652,5.629761766964702,4.102170319854644
3.79100208740333,4.387018401480021,4.624458201040513,4.189885136729416
4.7927660407527135,4.660621522271695,4.59668330877974,4.747107918050822
4.380728467993224,4.341994902410581,5.87608235891736,4.84753652844618
4.847424536566905,3.7506287295429974,4.826560096702372,2.7206148824728102
4.622362377753929,5.154123992576111,5.266426230171755,5.110330460326613
5.013959880561145,5.070589032829439,5.245474763450369,4.738209520364193
4.445844501351841,4.87661500478252,5.243217370071689,4.933740771902527
4.8364370895730735,4.358426819782611,4.956128741300994,3.958241156502105
4.307239392611975,4.582023337988807,4.8871574966028,4.365679799492766
3.7781257496043588,4.3707638527436306,4.871119485813153,4.65479154408678
4.8322822769293365,4.899518632462683,5.0383417131689585,4.710719279047771
4.6158237147983705,4.663674596247911,5.630858981979688,4.738217512141096
4.805380623512757,3.783306178183234,5.047326053589591,3.5382087094173778
3.972604788642584,5.240250054184934,4.830245625416732,4.978167285744471
4.648580592979034,3.5289296652427318,4.744984035043619,2.5488000811036042
5.043857140097692,3.759023261414302,4.410846005068327,2.5809304526010526
5.140319645481885,4.8206834109065095,4.384133937337356,4.89661000240882
4.43602124485789,4.681213738015062,5.664765304112221,4.998313848318597
5.545913647992813,5.018337315631965,5.42390050248356,4.8728152695315305
5.54649032344783,4.933980128666903,5.212985008449663,4.628383091671752
5.350812302297168,4.999804907348116,5.337372893344857,4.614901568387781
4.327355141794775,4.339845181719302,5.693725015508124,4.695903775660914
4.820079974759969,4.443237029103242,5.2806690155365645,5.026307813182292
3.976159314631203,4.87097500762591,5.22086550091632,4.763153074757759
4.774462592721873,3.752321120230352,4.803185120237641,3.693512682717431
4.471731802143158,4.941807641162446,5.480997964958107,5.135053118265118
4.550919432668939,4.674531865334683,5.300563105984982,4.51713270209013
5.394112892017877,4.967357911539079,5.813065370601268,4.982456343020481
4.708740299457007,4.666179147195244,5.251615290856138,5.046171583193842
3.7762724146531212,4.465087208625815,5.155141194083947,4.444703476748431
5.107719498948459,4.511176273101488,5.145244942179558,4.484282962773106
3.7960255410389974,4.093443030231228,4.853202016965991,4.029731146995355
4.556518439593241,4.757116776389706,5.461135588700235,4.871561858244973
4.085157431226704,3.865590520929587,4.326609322704554,3.3386012354223733
4.2111575915935315,4.761324413172964,4.970702872822967,4.578335685681142
3.95796594599247,2.967797505917501,3.894684195362803,2.7666985540731224
4.479106043057346,3.183090442928009,4.279300626514592,2.1210847011915352
4.840219918776848,4.5109878032069854,4.814242835141739,4.517141176236654
4.860485025491664,4.081712575733532,4.634748496357778,3.9978548335109627
4.926703315286055,4.437241163837799,4.660352317008786,4.114174327614559
4.915002853076528,4.761938458904451,5.3148792317536495,4.418662289515594
5.140828140998258,4.860826331294174,4.182156401206097,3.927831605142413
4.262814788466509,3.8601089347423976,4.7000027804384175,3.554876966367306
4.2098831408594215,4.548096463647552,5.176775777642353,5.077577337073003
5.684398230907945,4.534282914971569,4.450061994683651,4.465279343385193
5.75604511562815,3.8244551784437335,4.521794971676277,3.7709812429771414
4.873137619917667,4.72636917556644,5.391547940414066,5.062165027442728
4.625160749535521,4.397305146145614,4.860253046894929,4.146990954561026
4.885067103583485,4.397628244303398,5.2508023944142375,4.096259492119292
4.800106729835852,3.9398569911841044,4.558575060363711,4.068207125907625
5.518178987288427,4.095243976074751,4.874237495838686,4.062601229664006
4.68770903716684,3.8790849759354735,4.881458848081913,3.4704747116567627
4.349709641696043,4.3132540428974355,5.426877266639633,4.944446718034011
4.846236767266179,5.214669678777924,3.801789347173661,4.645574471760193
5.852223395583169,4.2570576217214375,4.725414143408172,3.6119320283441194
5.492338435651647,4.246790557017882,4.644077637907587,4.120217090514065
4.453528402233037,3.8583378715757135,4.873641069823464,4.1896026714100385
5.0909643005305565,5.4217423317680185,4.6698648731617505,5.430505430330971
5.301344559736503,4.623883881403292,4.610075280799366,3.276678991660515
5.054439661700093,4.328923340533398,4.391959684717199,3.9421689651605223
4.969924723143309,4.732169677771852,5.353187362362176,4.63193833467661
5.228576786775748,5.117678500460083,4.453332214118437,4.804795049178434
4.140692629095952,4.559807155588605,4.1747541323692765,4.169655597870419
5.42922666925568,4.4116335389364965,4.4050209901210735,3.5444915865156412
4.85073213475088,3.4103748949842534,4.916922072250288,2.9360477768663693
5.878893951492262,4.6004981267145935,4.718169140341813,4.705207689034339
5.551286773830102,4.468273201379327,4.987083839385305,4.395077037507066
4.147923529861422,4.344057167587663,5.004702494896316,3.4243946563542456
4.784410177940447,5.324384340403391,4.161107899320575,5.452044160161601
5.5509879490319705,4.528090871829942,4.777249662213996,3.9216688549263536
5.229468758654236,4.861899970076989,4.787600617996445,5.024278771630104
4.653923127745633,5.0904033517333245,4.867343246976817,5.175705744582403
5.6348479552551884,4.199600754924139,4.237592435939355,3.965809241840789
5.655000050205696,5.1357705323629785,5.029381650288907,4.555807143249446
4.76358047707698,4.643008717226342,4.74476137018819,4.716012741841374
5.440015962851113,5.351708833884032,4.164994313631994,5.133797500126159
4.004605619220208,4.791873421918112,4.003950771826896,4.781947046988381
4.775557777838746,4.519574125741864,5.247086230378103,4.834326012372496
5.100810267382988,4.406740069381108,4.612551575249654,4.602283804204688
4.2976839661276784,5.193423703047639,4.484630994940647,5.234888161702072
5.151163520577946,4.780893686715661,4.650279364760206,4.409554089701326
5.0359527073443475,3.526942508120769,4.202734710879645,3.314825357090161
4.0560031232008775,5.246986275358512,4.155764662599993,4.857893387078492
4.349369280588409,3.892049674944512,4.60406589603255,3.57378039849375
4.5949763957279695,5.175003674846002,3.766320929146403,5.240167018370719
3.763224137774846,3.258903466857239,4.429766238774676,2.7504376810016176
4.329188301997745,3.6459346695335464,4.850099204915014,2.8200392585271348
4.689860362648569,3.563732051151609,4.1546335472722395,2.4406817473374356
4.379529641126245,4.6695705708640505,5.7884396311001245,4.862881508522266
5.58168097705585,4.037536837869523,4.7092127554020795,2.94181112568894
4.633436953880999,4.013066331385842,5.534718691436743,3.3744510562275223
4.298557846768163,4.2624145109436995,5.115297190776302,4.70813095701532
4.602114705942233,5.079945386599465,4.677828175775927,4.7895926228151025
5.2740610000528845,4.492216948289256,4.691536841722729,4.600122211778386
5.028579234221719,4.033206290533891,5.276591612857702,4.25583867210962
3.7861730460712506,4.73959648895265,3.632647290349449,5.001574714796243
5.011672423542655,5.414367537200602,4.05186144301901,4.933412241952551
4.413540260682732,3.990529054345039,4.647625530872865,3.5628208680737035
5.88352482082953,4.169814921452486,4.319193152851108,4.285060998662399
3.6253737533196744,4.788538510174092,4.255566620960041,3.979036225110551
5.354939398199042,4.205292988410766,5.119312266243818,4.496552005648434
5.122642498590296,4.427926951506604,5.021293640351979,4.339984604893565
5.00920486054719,5.027633336478056,4.400883411477971,4.482850234175295
4.793358419448737,5.07216743430984,3.8580353553182327,4.496199224681326
4.266598151135283,5.179326177210749,4.505031269119794,4.76495385960577
4.942342327022481,4.337288642789544,4.021190886458216,4.40090019467753
3.495407094181386,5.249193037238295,3.7721930981835543,5.060949322987473
4.652243690407848,3.1783499103461312,4.672550327333127,2.3270385311843613
4.457783044560041,4.164110020328562,4.2648620599038916,4.203470181315617
5.1762473463285525,3.709338971830428,4.753722256170687,3.9279756207054537
5.183340434894169,4.930007472962269,5.209216513467306,4.88573862953307
5.112684271784742,4.727073217394698,5.266138946915382,4.798278995863951
5.017044806598771,4.6335286209320925,4.839646263833197,4.348253634839964
4.988357992467404,4.107644474975428,3.876305106091361,2.9772811404840067
4.162854672442835,4.43950923358892,4.651797172829638,4.120627277830554
4.948222234563771,4.838560628284518,4.35299322623715,4.2764815862095
4.2918335152281495,4.053665940327579,4.267541568585284,3.1216568779835834
4.538434036359335,5.051861581414325,3.720474160035979,4.932043806367734
4.727273313805597,2.504867398806907,4.496883652614652,2.5191087060765165
3.786595193332607,3.8731599199705267,3.8967210488856843,3.3931743807763435
4.060450287293574,4.100832134001569,4.37943747596331,4.355228261547828
4.428379384332711,5.296647174590642,4.445025572751435,5.27730831438334
4.180291555313313,4.535127299652571,4.4093456744963575,4.049955116745442
5.135241423821102,3.8524212058950584,4.2347764092499665,3.6438181507065304
4.544918449252941,4.669245743458351,4.841488793828237,5.165412485185925
5.3031902243827895,4.195783525387527,4.144753378128896,3.243940478240877
3.677617693855834,3.938665589411362,4.554474788088355,3.2565538943095866
4.559981870923609,5.152573674521801,3.6599027191912654,4.859756635385141
4.8510302227047,4.738916181140378,4.786828443840264,4.040533793697404
3.572108968016114,5.160648619216682,4.187165788809662,5.099233545961673
4.438426618482734,4.677679895016751,4.239485551241144,4.584631817378544
4.863088041215259,4.048591045987178,4.6106162157982125,3.1020442883362724
4.300513964384223,4.458378564336679,5.150782415936322,3.6966181928603485
4.985847135693855,3.5569078962012894,4.5027750943026685,3.0220826496592927
4.246148769023289,5.331344099902467,5.046832882972258,5.507089193494955
4.7765849040724975,4.125466237294378,3.920540317012851,3.3550561562454626
4.746641156469099,4.0474159849669675,4.149825347139793,2.9740121465544544
4.347097707808629,5.197666886797844,5.747041883552816,4.482079248596024
4.653007134035833,4.066291465787484,4.804825577980534,3.8042208750329913
5.124168281272542,4.548959726656569,4.479900220841824,3.987451852708158
4.775557777838746,4.519574125741864,5.247086230378103,4.834326012372496
4.994767848088907,3.6772628293967045,4.468464180271808,3.8684959705006934
5.3706325471373075,4.9548058749351815,5.054678414464209,5.182390734353577
4.835273010807339,4.248313356226961,4.914703903049016,4.268978990782588
4.644088090247758,4.056661436507266,4.968072262849709,4.030772047670352
4.650873281007694,3.654080045954005,4.88917902056446,3.5385131121008575
5.411888649204444,4.200045730604603,4.806926483055216,3.898136439197848
5.082194680044953,4.247381863543411,5.371970993289864,4.145928576891102
5.156094501027377,5.070917217497018,4.348880046730515,4.654566381862655
3.901037306242176,3.947773756425327,4.5900435455458135,3.968165951700152
4.513792668898784,4.200112999937378,4.872255474240982,4.59312372651645
5.327448218861393,4.459986739460396,3.98372589567453,4.6921746116516125
4.681633457445134,4.708534085104336,5.046464864688569,4.132875820646126
4.670114506153067,4.321600266734255,4.259011369736089,3.6344776311235085
5.1626842525228005,5.025551968600144,4.8152044229916875,4.907136359502585
3.886002375782201,4.5816277256922024,4.492879807000492,3.9660090398593684
5.608402436082363,5.157948924569372,4.0152482279534425,5.16869530149948
5.267174819230163,5.221857277169936,4.058670050454722,5.871885269466986
4.131789969649885,4.097736571323581,4.84488072824552,3.8484415825065743
3.987040968823734,4.196201576557161,4.935339967221004,4.442654770083158
4.637462072067065,4.330409007955545,4.5655798227987665,4.09225963044345
5.616016165028145,5.753025205559837,4.683865583659496,5.485074342960844
3.747439365532538,4.1348777265189876,4.651610312283835,4.102802566286763
5.4268076567567975,4.95408642673993,4.951866185386425,4.712774551258999
5.290773237096593,4.515161801274758,4.689499897066365,4.3065627703199585
4.281720395227069,4.242663567551863,4.873000420134299,4.022193182782352
4.876691645545245,3.534418563619045,4.544315513644372,3.47299439821999
3.8467697581999065,4.088719647550537,4.491530686194536,3.476338883422837
4.386533506406663,4.266591704566354,4.746824472147901,3.6010106014116903
5.520127176680378,4.684279346951655,3.377741589341004,4.992351387651177
4.528019814819673,4.293568154311864,3.984782957132691,3.9558502167465317
3.472467723048044,3.7978840580023823,4.243415435206433,3.4085638993080174
5.174412525685008,4.630116816940405,4.765371356177004,4.706504566303958
4.582204570851204,3.9809768271220904,4.6407396542224335,3.0167342941053907
5.4028865689104215,4.959298630092473,4.918177230276188,5.221504857290295
5.838679535054424,5.205968149467077,5.822439902113052,5.266156534255139
4.061276182612089,4.351612337787575,4.581737831492207,4.4106382421671055
3.9683146037322845,4.487072718081081,4.7918335444128175,4.119318285925798
3.8195562583859206,4.317386625918514,5.159791892970331,4.420463981133445
4.0220764264565005,4.2851777028002145,4.425912252561812,3.7157439106340546
4.833992015131325,4.871158594536882,4.814142627159675,4.557843543577733
4.204246824035516,4.6534044703378346,4.439484493876764,3.6670698409809273
4.242285199694066,4.649647621072278,5.0091630661134365,4.378718337088616
4.101341257012347,5.044115556958564,4.667200780707991,4.557231672491225
3.90339290424037,3.8475626588975267,4.611219384942217,3.5622583151422442
5.623715239903471,4.951857152183893,4.870999393938401,5.161701949400282
4.199630482445654,4.107225224494766,4.394993924895688,3.5588760277539713
4.450726823437835,4.362459482957228,4.323581580187797,4.152629073645933
3.8984419718928702,4.84767049522644,4.429200716874673,5.3180985195673935
3.667518248249923,4.003778524858421,4.628812085963595,2.9902245889824024
4.194278612582629,3.980877463362756,4.789079233350495,3.5379109142601544
4.336289835890756,4.61668451039839,4.252490736349178,4.053812949099916
4.7936464394324645,4.417749963235075,4.610600881234999,4.106061463471466
5.429545825341074,5.256189811147608,3.81849851368349,4.589434412356637
4.717803304012088,5.402206186251349,3.410942490756319,4.901308127229342
3.951218859472071,4.213804578705403,4.1117333880942795,4.164643163724116
5.798611003185037,4.892596425812287,4.846997114028678,4.443203382429044
4.992825234204287,4.705290723557497,5.070783177861065,5.079938078163584
3.842493023162278,3.6067109024926904,4.832429579164018,2.5201320136799557
5.056670407796141,4.533976250473183,4.551902166044969,4.346803812247931
4.884285894005784,5.122957767800518,4.920171833541167,4.930886354394636
5.037245160273494,4.244695074049867,4.786110469326396,3.5573495383455005
5.230188205989746,4.920705640682776,4.826980768220102,4.962626910482879
4.91962819107937,4.638414104821693,4.533873602504598,4.761524877553983
4.1420832510571675,5.186760816394985,4.160042834675764,5.366170884344184
4.954368790825088,5.124837887330877,4.464965615598976,4.964971151185416
4.8845513770170355,4.588449974962408,4.692885991389687,4.524150925172962
5.604209583476153,5.31027264110681,5.02494471919098,5.688457317474957
4.360906443969947,3.921091411231525,4.573649533586258,3.969715949605012
4.335457953039496,3.7015693458322043,4.465514887999161,3.3798324479358905
5.227748230472039,4.887838184230577,5.12699842753404,4.812858345807245
5.1835077512023355,4.73252507268151,4.72590333832678,5.065448984462275
4.765470712961525,4.7090777041152485,4.554314183880618,4.3200064207491415
4.346284105318889,3.965337928161987,4.728275064105822,3.03191101930898
4.549845270228548,4.429554814804467,4.427730915651831,3.525096103742102
4.608145387947495,4.443075258092877,4.943729298085853,4.819199782749751
4.030493555534763,4.0013523823977435,4.626338294707883,3.0963047640876367
4.8200337717642805,5.197608826176657,3.755837037286926,5.078738019895977
5.254154017600032,4.965984297185235,4.1062845725411155,4.419287360977326
4.434648475650975,4.110797560264904,4.7764616566997145,3.67254798706327
5.323602363024249,5.0585065847867074,4.82241235937983,4.71027143964983
3.9537233863186736,5.221529187685218,4.340144783960194,5.258557474722575
4.939606016319951,4.616422527082834,4.861717672974451,4.995773069555752
4.752423525910398,4.226567771968005,4.82422352915444,4.014873011544025
3.8901849806386144,3.7887032154516995,4.28658395199869,3.1844797553106767
4.116475664060145,4.277675780654634,5.101457488839233,3.5545145497832356
5.565545309604181,5.0598129310556255,5.293282726277992,5.080742817625137
5.072356007642333,5.320617874094303,4.7293386970386155,4.754551681320288
5.849433598011215,4.803324982107486,4.648665754143984,4.746189787407366
5.443817415131642,5.024854025154005,4.755374079027373,4.515906802219985
4.305422286376209,4.25840987688728,4.3299663222347675,2.712606011567401
5.021841795304454,5.0233269314230045,4.5067039550244665,5.236673157942319
4.10023153412085,3.580212494276434,4.601945694990703,2.451071810128376
5.290060899146085,5.091427939522295,4.549907413758267,4.936053936318316
5.299758713788247,4.836992271340318,5.442011024917214,4.826439633977541
3.443088899390185,4.836673632184723,4.357970903463569,4.5117123477636865
4.862626025262473,4.766664537899461,3.884744511894476,4.592423801435793
4.107783843506719,4.903840286802419,4.088801550054436,4.296875676170383
4.432526702197607,5.347411923281847,4.522607639856143,5.741352534696034
3.8679520991560645,4.9421747940372445,4.815228109788376,4.502760288298601
4.023538606172883,4.242584165321893,4.4057064489155655,3.469110554666119
3.235968376068857,3.9923773583443554,4.088915800827062,3.4040055606355204
5.424792450850142,4.884407255635576,4.553937184983122,4.929841999690636
3.9890796427318578,4.076055233439749,4.526319845384254,3.9593817407891643
4.560617349073683,5.057881308790639,4.4279923308947025,4.849636649888696
4.709918416700248,5.00005065066937,5.007491865698352,4.725750059397172
4.526724617050086,4.2612073013958875,4.826429066388135,3.90828062862623
4.530689885082185,4.686265660061077,5.224397177419393,4.644393066277012
3.5685376537907545,4.468879705095153,4.851034158161435,4.158893358267348
4.74588071094794,4.774364662315533,4.444514452330826,4.787185924036087
4.170358955348676,4.299354457446961,4.500972520404484,3.5536394227278394
5.0860998662134,4.892653518038109,4.881262549643284,4.887654245750282
4.989875136132256,5.128298708972923,3.763241377895832,4.493753795251721
4.330121603764954,4.5574534937994065,4.7116156166926535,4.29591946733733
4.679409610173495,4.800335850540258,4.615070358223367,4.439372872612769
4.413311803872333,4.497734677125321,4.511648992763521,3.4274643913147957
3.841052016274757,4.766204399513111,4.338837047113583,4.674020241959036
5.165266626343785,4.968405190229632,4.488735789324327,4.3106786655211895
3.606027289840829,4.779735251644389,4.614285508677206,4.478470219159463
4.7084261593123795,4.775115044303951,4.622332455363903,4.406380035805584
4.734755701052005,4.840954426830665,3.826173944662665,4.8039275945032776
4.92890703864431,5.048243181537784,4.957725983633953,5.02224475272227
4.494292516521256,4.472513626805967,4.7245951054377695,4.540666096305663
5.1215417993108,5.467209743388864,4.297097651251857,4.810065672622521
4.837797057143415,4.236033429080379,5.018340400593122,4.485904615348809
4.506603821706539,4.303727230487518,4.769098167379499,2.823926227622499
4.902240653916559,4.497664202053158,4.556926659133368,4.48253613195255
5.0186015844378185,4.051445511374938,4.303136905424023,3.8693040664761686
4.567116115565324,3.747090294557268,4.1899524601660305,2.7493184286609815
4.377057096973076,5.064368861244588,4.007375343293763,5.394920924706704
5.091218741963686,5.379657594476363,4.063493461479983,4.979840334036198
5.202920759640045,5.190894271208404,5.2070600888888965,5.022423398892362
4.6074121721824355,3.9595966207460114,4.972941351799774,3.827104984753193
4.87758282878962,4.553593961703647,4.536731086378549,4.041911526716703
4.82625912763624,4.662800836397136,4.848653178877634,4.5058230052164685
4.624007918964737,3.810324163244536,4.906196876151486,3.428072887937206
4.873839110931923,4.828556656709499,4.660522824192156,4.515331415905689
4.419647266750377,4.074095532461272,4.769080652790721,3.2026977433635984
5.0784057979453,4.870519957231256,5.226272667033797,4.680396312319059
4.8823544778952455,3.8400926065370804,4.588611095693137,3.4978684035487064
5.557638217524335,5.34700521206149,4.861548729299097,5.400746142711595
3.9670992280002557,4.33983785391087,4.744470916552731,3.5379851999330567
4.048277716008452,4.997344481808204,4.368967145241901,4.242731936154078
4.188719781230964,4.561899062086659,4.694794722481007,4.402155945254288
5.021925344375181,5.040373361221224,5.206691435648917,5.398205465266371
5.073055782723055,4.905190741829975,4.764125436761393,4.797903216315368
3.9936764068394717,3.7742578151571924,4.937502009864933,3.6047071481431696
4.3629185013824365,4.510163334899928,4.901903468024602,4.0067003588777625
5.1557202118382,4.539956140584377,4.867898877231186,3.4896004828499447
5.538237287479563,5.351842867779617,5.878926041313413,5.608726294680768
5.489750722643912,4.718448419979511,4.23605048469109,3.543699916604529
4.9838408212138425,4.278702954824873,4.704424555415539,3.582647389868036
4.172168603996539,4.170657578698176,4.4557113575254395,3.8976777069465123
5.2918220903979005,4.875685120879045,4.924707578670676,5.063749102015396
4.366168327366077,3.7638367916343793,4.409169528784195,3.5393731303632103
4.665732749660189,4.223135871392323,4.490293846888597,3.7681113844022875
4.564992522473792,4.022572157399672,4.709078036979702,3.5501073540842634
4.17489303031531,3.7048497215990785,4.7673331020754,3.117620310801648
5.727650731986782,5.205353903027481,5.144885340367548,5.605868423815403
4.793975958331954,4.498382557381573,4.502527397306394,4.110313269007267
4.064947283782176,5.330855970641218,4.145216534116019,4.919067814078334
4.890507085446974,4.633930978144703,5.057463934572723,4.460987161949702
5.4525179900562595,4.843735018033688,4.782629558717592,4.308766282313774
5.420877213715797,4.518383284662823,4.734228049290135,3.8607208175091987
4.617212081076259,4.87011871606628,5.0065605435363345,4.670781791181682
5.397134126976264,5.140667954162112,4.826312187581784,5.025556379508335
4.957591258431802,4.56779706012596,4.968605508219365,3.6342542171887753
5.311322608279901,4.677669865352693,4.687939131991223,4.8349940948111945
4.514400122123043,4.2584960596524395,4.312429353748881,3.8876396077966424
5.280334104306053,4.476677217451873,4.749820488222751,4.07395496883259
5.055312403041877,4.941821752409198,4.501733314472034,4.58117771112917
4.385646979818466,4.40834657317979,4.816916653282219,3.899417668657644
4.519858236594561,4.216910476560415,4.366537319768047,3.6617903084391292
4.6008382709074285,3.8853392277708094,4.626420986857704,3.5678249435187914
4.886036417750275,5.2257981088468215,4.969526859608804,5.507028489352074
4.8329417498278096,4.640946980184977,4.509742522896894,4.64746508406325
4.022039515499672,3.712339430297778,4.504357543513437,2.693191233679792
4.891646475820811,5.184590117013625,5.544700366223473,4.85159752717415
3.901469633280727,3.1509084101263114,4.538294196685807,2.915365041135023
5.243504353431399,4.568578884331841,4.193580558710444,3.223543950758169
5.141274427959006,3.7540076066283685,4.64962015902449,2.41556356240615
5.258831538691139,4.855743555331492,4.685127614995841,4.837247276872845
5.113614861267322,4.632687875733123,4.2227513692116645,4.0678183478244705
4.983520060981694,4.546754761872637,4.7118249553579785,4.156870686297838
5.158071572481971,4.725814019189269,4.683900315731615,4.7341698827428
5.011190737894789,4.775348392769866,4.665805054297116,4.838585867413545
4.818052593526144,5.421487174234113,4.379206425873531,4.816901068796796
4.3292499469852785,4.686472588074286,4.702469129325799,4.489618542921747
5.460981032918256,5.030603703864656,4.144916977475337,4.557497753577454
5.086146641912726,4.893931158908914,4.581437278222799,4.203023998316582
5.081484518800932,4.660383050287942,4.993073722999382,4.366811474028954
5.593902642940531,5.007073328210124,4.962561528387775,5.455475494350678
5.960548080849988,5.213928575813946,4.537578543166532,4.879831337852862
5.6560343454589,4.869125730123524,4.944776097352865,5.017003286507728
5.342639512536798,4.8095171313037035,3.7349988170737367,5.2345264534154605
5.220870407527866,4.663192293647961,4.074021128301097,4.503072098397218
4.390885573043839,4.349456107537868,4.505505456414979,4.142474401124306
4.452982473820284,4.310628459412763,4.318429334502359,4.180092329919483
5.560581163936769,4.248095619997351,4.631589326803585,3.997656520742077
5.2247302677698775,4.598755136881867,5.042069864182296,4.762736960178751
3.33001447910586,3.7155088088541746,4.110509210422963,3.0663832507381232
5.059598488176461,5.3245794933454675,4.222968263802318,4.909672206082516
4.883720539434779,4.672621459214921,4.867897195625168,4.676629234677759
4.344622006293697,5.003262760055572,4.681790725837684,4.486912839213629
4.914525833065994,4.564668399955458,4.614148623026412,4.395366921402064
3.6644797373021705,3.6527318343031054,4.736277867439217,2.8814644843060737
4.945616227203041,4.534323724495017,4.259908679030879,4.509127916007657
4.845754285088848,5.197736936408578,4.90902963037654,4.933044073514791
4.012692540109404,4.749690101908952,4.826745663822279,4.736679014602803
4.271557387576978,4.460710301460606,4.304653799551379,3.902261700810427
3.488889647092839,3.8875796388484676,4.985229091712731,3.3658337860936642
4.6868767063998105,3.803689019060854,4.7441355187540255,3.7119826867811034
5.26400914875267,4.771465994511631,4.38448138106401,4.429416988971854
5.236847478997975,4.843493764937098,4.7644818940356695,5.59546733243382
5.512417323470552,5.224059817246045,4.616765891597028,5.091095507370835
5.761696687893879,4.990918738898178,4.225276997278146,4.881096451944752
4.176288862566016,4.016406514079756,5.146749696059397,4.388814216019802
4.396978621065394,4.673259360840176,4.117885518175434,4.093994779724322
4.830546628381663,5.424243417621104,4.988212429983584,5.35764556921711
5.134414730898407,4.596624018227742,4.563847507712717,4.210982273502302
4.712248937550078,4.397272252395182,4.452984638996085,3.9821265742624097
4.078203417462685,3.119445963886028,4.621578887833566,2.7717864563941332
4.1269130421470495,4.319213693542457,4.717849477385488,3.754924780881066
3.754793791549478,4.29319882869296,4.959863755620338,4.026695988066575
5.051844073727914,5.676477433878373,4.328737794001214,4.905530504954546
3.6621730090621534,4.484452399771922,4.523560142718934,4.261077486663208
3.715440998358192,3.147060584875529,4.160580038470378,2.037289897166085
5.006437484044838,4.764399476342199,4.882764568027981,4.673452863973967
3.8752506051215874,4.20266497256943,4.705157120291975,3.9743878758744087
3.4660867150150976,3.9458428582559337,4.566158604805326,2.808715241142478
5.2734956243383255,5.044308008864556,4.796960093470395,5.448247667929318
3.90302821644633,3.6759798725441506,4.698053810659409,3.130857110125212
4.244974564483722,4.260937362396455,4.8683163908494915,4.014291663725561
5.788248749339139,5.2732869508438105,4.316395385021555,5.164009996737618
4.821349984382393,4.71345499312472,4.765022927195559,4.304341988818193
4.840189457364249,3.8749573116029645,4.337459787501936,3.3227440814781586
4.639310405265646,4.903415381641781,4.985807580494913,4.468164376270919
4.253321778437504,4.392057154490139,4.543049824116751,3.6912003866381844
5.635892918752014,5.307896690496283,5.060039916703753,5.60206837835304
4.955988761967588,5.265043702307569,4.893527673820197,5.0585953659371565
3.5934296437157234,3.803053649614729,4.554694289280878,3.01431538797685
5.192678448123077,4.057168841290257,4.409373887201748,3.53547078373075
4.590670023267009,5.119531868267725,3.8762409220021823,4.911159957930579
3.8740024419176677,4.340449467342148,4.641923825938612,4.464747463101547
4.667781976844732,4.666366059924217,4.737874302249699,4.555302704575435
4.533555284586148,4.313869278888194,4.5152206633615934,4.242760945438989
5.155286799593576,4.9694914262423495,4.599293194262835,4.565232262611643
5.5826612776521625,4.76104548975556,4.586702907209718,4.666568683622526
4.398618469832484,3.9586142309790278,4.7732199329595755,3.938776648020148
4.438206068867116,3.5235560351343858,4.498039818868034,3.3804276769613515
4.8862754981238075,4.73843853550241,4.981605047481407,4.578091355479023
5.301014997664142,4.912251222212055,6.106689653014623,5.079209650488264
4.887983094668755,4.764833939531299,4.55775282938803,4.512660512174747
4.703307339047586,4.184137108459704,4.544883226030621,3.9910237616578685
5.124259347331927,4.929379133549261,4.984602104695315,4.6741071594983366
3.779316314084438,4.240859455757075,4.708054308641658,4.068770744049638
4.452590763447494,3.764564392073734,4.759551693504607,3.691624143606339
4.64218960256554,4.207387546344543,4.699516236670082,3.7437387628644516
3.739730551570027,3.565189014960523,4.338701531973549,2.823352672072035
4.4840611687775125,4.086990016876169,5.004904166475191,3.3419164528406253
4.472077236303878,3.904173018234867,4.578320716476447,3.0489407487975186
5.609508455924036,4.775916294258572,4.184890109497563,4.365875254071457
5.873253796816457,5.606092034180388,5.698913877069103,5.813736429700554
4.79443366088824,4.725770683981194,4.100619696340397,3.708698583514768
4.651715933424021,4.588384417467723,4.543077422084219,4.467175275993735
4.547846399295896,4.457073575433759,4.633752326648879,4.1005556847969915
4.153600010297402,3.407880512380718,4.43465732506708,2.6970405714502323
4.616565540965451,4.373515756450808,4.795819898530197,4.461373367021209
5.3120998618859865,4.830829009666501,4.445881246289838,4.571234176253307
4.376694946586077,4.003103340150849,4.682966778293013,3.4902950941738116
4.560163352688398,4.251330127620364,5.132083236542704,3.855836822553454
4.724919193362398,4.538443127901977,4.644390934312497,4.062267160576583
4.173041830013806,3.6407112235696317,4.757207772853755,3.282525409293738
4.206285110970102,4.637750343314422,4.67099762861877,4.244193075456476
4.143790188381017,4.547779246328007,4.620970495767662,4.26501755217706
3.89346178779653,4.5964943232349835,4.7934880262799195,4.701471784001442
3.6276964568581396,3.678553284049466,4.6079071308021105,2.7057756858281046
5.502673291001944,5.40084587064135,5.2148584865510506,5.503974315147233
4.684406212109272,4.153950596673926,4.362713508382803,4.258587444880264
4.416092552310251,4.239811060493733,4.6226353567729745,3.9298972502420053
5.0833392244508016,4.553084105169649,4.5151126070823,4.490271215726397
5.39130375234211,4.448894655989591,5.175742546833566,5.02622888341191
3.751105312015249,3.934149324100985,4.488633404040674,3.1292923335551586
4.205907447750409,4.374496363117012,4.472836271792364,3.871781430187203
4.4301463823725244,4.36059360314379,4.958252110955305,4.51166309174835
4.641333834199114,5.0256883021027,5.386140599763114,5.067179758686707
3.942721512431457,5.104258416756318,4.61082056836435,4.715227588933979
3.799394135187609,3.868432255126949,4.482986980233723,3.1110463531021493
4.756957667399469,5.09303603056908,4.908599766648378,4.7230677458543395
5.208718617949729,4.8676943797765935,5.055344452163426,5.218198736432345
5.264424605849298,4.998411028089717,4.311077238491063,5.019825476803302
4.317507438045247,4.500480909416661,4.407984946614288,4.127217397204202
4.666726111772383,4.301096350292086,4.7865890495338625,4.078374846725147
3.8041239379897314,4.4650190464455335,4.614182380403996,4.028578541524283
4.618667724036416,4.893530102218009,5.229061569570691,4.628772183357348
3.126095841535639,3.285249541612431,4.487269448639286,2.6364721670892006
3.5345050117611883,4.341784261741369,4.748693157999747,3.9901595032387904
3.756071774354325,4.465832084655545,4.392166030501163,4.1035015668557415
4.715630181980274,4.339263680679715,4.505752997557141,3.5736736578940667
5.04769938311508,4.027463018748154,5.030845579577528,4.15792097131536
4.280005350704656,3.9631080466256856,4.868500286204318,3.5499145417038087
4.70172879094133,4.952485343903108,5.097343099011229,4.388925918904408
4.559733208270935,4.0939993386488736,4.452211149866835,3.872692533660186
3.2016808541667894,3.7848237980619643,4.323103731659616,3.4341136713825735
4.438223457153208,3.7507178409004194,4.927770528789982,3.9109152469570385
4.931266444163274,4.891652766413984,4.321536201888645,5.106357167796342
4.8927984339639226,4.6649180468473395,4.367894881030791,4.312315259055022
4.571560795909397,4.38938823209418,4.897190180204183,3.36105161446959
4.524058359327625,4.272885449317529,4.900982995831806,3.616341395643827
5.235569200874181,5.774807233759572,5.263848155044988,4.58070420211422
4.628331689230718,4.512168751985086,5.086593071235994,4.326033033073598
4.098096820682511,4.118075494464659,4.335179673852064,3.3959244369606796
4.032946387164227,3.8502651456639114,4.653791362886218,3.091817420643727
4.6983868164823965,4.738198271598117,4.527774080695007,5.018888722216508
3.8840603603191415,3.8465119532031378,4.884430880348006,3.4520036298227854
5.705780404347498,5.345941070004903,3.934341760846047,5.253697510512162
3.435318672342866,3.560341029309592,4.706510858518444,2.502527269482477
4.99943434970731,4.02816568085519,4.220358702549468,3.3566892390531327
4.4552657939819085,4.569842096164839,4.606166110705931,4.442050294361765
4.502890326435511,4.59172109529762,4.258196071026343,4.322026157869776
5.267140527787473,4.931058302582356,4.7632125006553885,4.979133603754939
4.606778561735757,4.195928972308363,4.614204933365896,4.138675853746011
4.217607263246815,4.61798998903709,4.6887975211044735,4.60516550742617
4.562090061916832,4.446341954992351,4.8725239418057,4.056137400792991
4.564794438100124,4.02281882604059,4.663245802216533,3.255948371326317
4.505770493695226,4.704231914166085,4.968936377703152,4.639983470160377
4.221055166165182,4.245422361012318,4.365445051060854,4.023805911113506
3.8660777336405414,4.090061972179491,3.840012108727446,3.0744843005215956
5.25468950688375,4.987273981217924,4.63114747708751,5.168801064872792
4.740042092469893,4.241191561866631,4.746255857443703,4.257111677145803
3.8912131372403618,4.106579220063899,4.576176322573096,3.425826616899819
4.0041503304812585,4.079673979952375,4.541225354699779,4.225599199752477
5.070167552326732,4.7699902192853845,4.594664031048076,4.5807782823114085
3.4316169550837126,3.911361198299584,4.778824880469223,3.0213653054803595
4.855899619343644,4.6182614966050215,5.0387480797911905,4.412673000405144
3.7770248474975467,3.244729221411662,4.44851129673571,3.112054491153988
5.2638411191800865,4.6821741636207745,4.866208486817523,4.776978722731647
3.8602571392809253,4.386638975251332,4.492125191734701,3.446885308130922
4.376123080099405,4.072128231641434,4.954157506703898,3.5842124024135438
4.39937862025575,4.628588700145427,5.1451031276873245,4.685483728934109
4.569456952817078,4.039338122472706,4.571270293357577,2.9349250261019786
4.116490880869433,4.178931460407939,4.949825765205171,3.9482191085346376
4.115666077023169,3.960869303619036,4.481799082988349,4.1449526009753175
5.04248291161549,4.5499800821081235,4.525212945860064,4.201210753436518
4.942506138257598,4.813038252822358,5.226199580732904,4.8121267681734725
4.721282493017662,4.07272339448537,4.858975245254462,3.8437531738709136
4.431421541711228,4.662899092722571,5.029042092471565,4.640712230210743
3.7046349262097085,4.604506437609154,4.414202551276519,4.674178488247207
4.9186288638462665,4.625657678051117,4.611007793965506,5.069381828556186
4.3572955549932155,4.971510239069655,4.194861195413293,4.438468114458148
4.723298776782289,5.645703680647635,4.644555684250099,5.516483334106293
5.139215762935664,5.04430528553425,4.510981893700198,5.3197018322474845
4.3781587008706175,4.137305063831853,5.077372580337999,4.366451525447831
5.578208658688608,5.115672766763802,4.3823426590460715,4.419776832158342
4.214867084364597,5.075896398400851,5.079066678479755,4.804498907621665
4.954056047523795,4.7634387280707395,4.299459670819359,4.008443360416908
4.281593017642484,4.260076375087823,4.746288272701683,3.872106145473968
5.321418718027911,4.993792574792675,4.7260572158469545,4.752206246959175
3.578114752552758,4.088524151988091,4.606399541308945,4.207321361121793
3.5950229393912023,3.719011207283013,4.2408858556952405,3.081558148952349
3.7600932904340914,4.978336716619946,4.306003484428919,4.430755485218096
5.020143311122867,5.467533266113839,4.232500985188057,5.267816558962063
4.082255166535672,4.844763802743591,4.73702248400126,4.7579347204691915
4.643765542894063,4.56469932139117,4.34227173594905,4.716623853766531
4.73457815188509,4.733738834416377,4.94326881881223,4.231476783793064
4.9890326754072305,4.154713118231928,4.671877157610834,3.789280819722009
4.179766994767275,5.066949546229262,4.896154248399343,4.971384204432041
5.175646705195879,4.120422326637595,3.710221290558744,2.9883670159371705
4.762561954654087,3.5074107722052705,4.9673569516839065,3.7188112427507454
3.7627897352325816,4.462835671256517,4.7506340916657175,4.047301018269994
3.91709544806367,3.9931227909306894,4.539610541992698,3.611437714542008
5.33273097724273,4.930573976230912,4.4193487042413135,4.693309183909661
4.700942009778341,4.762190770711945,4.246347566745781,4.18827788271903
4.890880570821578,4.990975732921002,4.261013720731099,4.992374053471094
4.515164443451634,4.494107520499732,4.573452766213593,3.688621326241273
4.069966760559724,4.501773262407705,5.0483524084393725,4.424892461373664
5.193406100656684,5.087050692008429,5.0179368037519225,5.16058791191977
3.164444737249073,3.600946859297436,4.6205059677817575,3.7160927881595467
3.5062486992468584,4.643445754834808,4.251089081233003,4.685377115971038
4.227673585482308,4.379725272428205,4.61286308627334,4.499073505570484
5.237359187423397,4.702628845031042,4.882753191967147,5.044467306093407
5.249149227874143,5.34485981911914,3.579319240216032,4.814499804614885
5.804705165479581,5.232516028305029,4.662777156668217,5.537230820083807
5.401445541769683,4.997242969351053,5.264743504448514,5.592497896021105
4.575351273892982,4.457911673019101,4.472665179336544,3.9007331327301484
3.955638116282241,5.2259321906082326,4.932902667096852,5.107087016064435
5.226824800295649,4.323845266245853,4.790629683901481,4.421900953003812
4.056522328241372,4.4764722559158105,4.277187310134891,4.349459754698522
5.151250577796987,4.264386249808759,4.450611572832507,4.464336576866739
5.1544528201348285,5.297697559294733,4.429880505185775,5.057812520518477
4.9970040474196695,4.292887868994318,4.905713266103775,3.6727541924641742
4.3863470720696105,4.839260448838764,5.017621919033953,4.315988275966487
5.396918133350894,4.997838409236618,4.7301782003639925,4.703701377184458
4.251094597060148,4.246403433366532,4.464114670400851,2.315076170742189
4.787310709246324,4.8168949480135534,4.318623883900513,4.40364689481649
4.136679248217545,4.845149976127071,4.818207493989618,4.547773159738223
3.894628753658431,5.143472400405487,4.594882337384594,4.7188295350166864
4.6678723166192455,5.271533065554088,4.236646430405412,4.720672896225274
4.314535525621889,4.850970987169067,4.481353083715954,4.585775792954629
4.2993711228082345,4.400762089517223,4.260689346797406,4.13392289575192
4.734967022538006,4.462584904932374,4.627519305833873,4.9468154363310815
4.57950996778676,4.375284617063096,4.712347847835571,4.476740706753335
4.935053603100674,4.9454870243482265,4.767198871182342,4.620320874737528
4.163063880463992,3.613317308646838,4.435149909385218,3.425157206241475
5.1195860435073275,4.314651121247959,4.772907743725368,3.6487373325232477
3.9751374130303185,3.6019668581758273,4.058666767504588,3.06390427574932
4.70726022782204,4.811275285728579,3.711339313786507,4.687563057868103
4.8221083239586475,4.7453902271664665,4.374723964857283,4.32561741879243
4.897969442658481,5.205678917468046,4.489803199894723,4.487735129676874
4.784778885975524,4.5857791043853755,4.8987871376782754,4.653010436612919
3.3370404192741736,4.321445469868464,3.8671596499767023,4.069316572632331
4.475643791454339,3.9280737418492655,4.794428335431952,3.6727602821107936
5.400337642272773,4.862644621000697,5.194731018641344,5.819584865796839
3.772675037248524,4.228615442419767,4.407598218602352,3.066809515411512
4.666334352950829,4.859274094082537,4.8324850885864485,4.594081940719716
3.5408212145949722,3.5272478265496106,4.78818623877111,3.5148313395380106
4.303938467173331,4.551309359053463,4.918396707480085,4.564470136274483
4.302739229720176,4.779770894520408,4.957010784994777,4.5756887016252685
4.284671414103922,4.246594149082525,4.589839330581302,3.7444486728201447
5.095090175575104,5.187762170244254,4.355069446218354,4.8729167895357195
4.721253355142245,4.722097961875749,4.908071227716773,4.4414939523608385
4.457530277277952,4.593494623313595,5.110686624560156,4.587650906677929
5.005150573467474,4.693341344255817,4.094558444808125,4.312503403160322
4.592612171383496,5.139416376937028,4.652024644079958,4.789436855221793
4.68600320172631,4.886797425943283,4.831262358085141,4.522939146618359
4.433606480125923,4.213148098006099,3.870658179585563,3.7904278320353257
4.028282840779391,3.732527590290682,4.105124484543608,2.388568508449594
5.035847349980059,4.193274991271285,5.115707234170148,4.3532642762767315
3.8432548025734437,3.3492849754174974,4.8681216931418945,3.0514113944310837
5.470684645970939,3.9870131484546074,4.45892959669543,3.3275704361527465
4.650854338756435,4.338860671304369,4.844446292936546,3.483117306544138
4.622872134986631,4.440493748884598,5.080027099624449,4.1240852080037556
5.211695484637534,5.03681835925995,5.1183321398666575,5.064645913086025
5.365620863886131,5.133243326143524,3.2660177970725526,4.876272404836715
4.778521304323229,5.079008206581128,5.256376992899714,4.9184678447006185
4.771064080160172,4.632981865862925,4.575543017913081,4.355667776538814
4.3708720081720305,4.664750335742944,4.94468382933328,4.643517207195977
3.8950812342456804,3.3351394931736427,4.638700554618521,2.9387176131357258
4.471643214349265,4.394336435682591,5.034073127058727,3.9473189175031895
3.4062660644837246,4.436266341821425,4.545422971445313,3.9759080741566386
4.269004909475696,4.131919539484414,4.401576428773132,3.693407331951633
4.248159882715145,5.3563188654860285,4.079782521834389,4.797611347427167
5.014219549699775,4.539492876662286,5.040643588599221,5.143936686775017
4.413959344244751,4.959803686894022,4.550792402907777,5.036283951959604
4.4457687756448445,3.954692022985234,4.556607646028077,3.551102775465853
4.655843265298534,4.196386006892864,4.106485367130345,3.493710173438025
4.752656121164222,3.5440813624073733,4.510990692002251,2.6534988646793174
4.6643372443438285,5.365627558715875,4.421172231921841,4.925104438983537
3.9950027314844596,3.7086745079190204,5.043310591137654,3.2443615698359727
4.7356553265707415,5.572345481721058,4.3826055846988385,4.53194580474662
4.213700714124282,5.472132003631866,3.3238412105349098,5.26053926698578
4.990032338872011,5.355861013952554,5.328482201282609,4.680306661998318
5.36597847516995,4.423667456991063,4.179033398911844,3.766906335026123
4.904974949384539,4.642783590822234,4.622864679983853,4.802402021229374
4.885426132671947,4.422636803340328,4.582843350958162,4.209687378019322
4.607893099806294,4.001578407264393,4.579773529452736,3.6340947283579728
4.367845350182222,3.8035460742188794,4.6441149304815665,2.567913048618328
4.896957557652526,5.043071885829267,4.741865881119022,4.505404740123941
5.451539822807257,4.046680700801661,4.455858542279769,3.4183689195401494
4.322819131482956,4.535948799554399,4.33415584480697,4.270534847839451
3.4722433083264725,3.6465502403656456,4.714170353394376,2.6787283908509556
5.148157474598638,4.7980259143592665,4.194453739538339,4.718690558736288
5.157368938455485,4.739883105804139,3.834951981756882,4.859065148725803
4.886265460375649,5.290330856084597,4.315347313385921,5.27143409796863
5.486055303888099,4.933509203073692,4.916141993786481,4.647677664421326
5.053530448084475,5.274910620591856,3.5724073449580507,5.105479369504316
4.661583039366338,5.155410771922605,4.667624852860462,5.224651381202556
4.293326911991992,3.943250452666779,4.403993750191139,3.5365734747759285
4.482547535556023,4.170119549711006,4.778175969004711,3.533488510981091
4.362278862773958,4.315962217695982,5.104351896692573,3.9128691073686745
5.090384702088806,5.166958666729632,4.212379913384958,4.569732982078034
4.525497674408949,5.286740362145735,4.400221385587299,4.876774119025844
5.770308423613165,5.213760870689705,3.6173574253687772,4.906927425800847
5.769054886692313,5.202305048349255,4.285518981971282,5.0628815203660995
5.293214825337461,5.4883896607973774,4.232982979721357,5.219565543590754
5.683807612983235,5.725273035163361,4.107449599114248,5.125639106037835
5.474450030673302,5.666858031527938,4.762807766167212,5.532848953153152
3.9037335426483852,5.39740182956526,4.221872584103917,5.013530749074712
4.234007972993081,4.278862488547447,4.042229058908423,3.2121675586166125
4.533981405277703,3.798090722949895,4.662046610130795,3.712302268032362
4.322263262055002,4.43267311908731,4.887754102763166,4.390174800897914
3.968075000369919,4.92072879931,4.538106695932557,4.734057457436218
4.8477195088157226,3.89007394961663,4.197125399949806,3.726545677698111
4.805782625483653,5.694053920021909,3.3440266030959824,5.143621469279474
4.198964281035486,5.074685878325204,4.132892719728243,4.8456621002754785
4.300674494272676,5.208410695802258,4.015553805694233,4.786729448121667
4.369486386345099,4.669066734456838,4.7642829010080545,4.613284234955161
5.033116559897451,4.182610122548717,4.672927605342256,3.4811868722137587
5.767582852255724,5.461110569064048,4.653775961405363,5.469553014629631
3.7385047848182253,4.734833870711657,4.6425858185689695,4.3316663415052705
4.284175923203886,4.458615536345189,4.3713643723009605,3.675242485761795
4.733044927507531,4.264048192286475,4.809666290770871,3.721979704825975
4.076828226722058,4.068909347660443,4.853566554328246,3.3122431093652933
4.068491197349707,3.9252673392541437,4.751771511863939,3.592906299782883
4.245687711839281,3.6245492983132426,4.752024486196885,2.41215569235886
3.6485917549504143,4.168031937467916,4.1887797223659105,3.686241454739023
3.8916448260419343,4.573101103299476,4.710359381340988,4.048574648624313
3.237742629191619,4.47081089519004,4.175429565510413,4.293406907342894
5.010966547579956,5.561115529029741,4.165921834863922,5.134096479121779
4.8354379219195724,4.8938028663609465,4.682506888532642,4.818657209957334
5.257579618613505,4.727136667396425,4.352779628325655,4.8722325665852235
4.656118136919908,4.027815485319766,4.511407459652468,3.210188779191661
4.657458851019779,3.912232904906055,4.253501476954295,3.574739050420687
4.670222722179197,4.752722712580231,4.168879761330933,3.8619831516134635
4.605642383201367,5.220807268997574,3.8144737047216055,4.57544097266012
5.128441188621415,4.331120214010585,4.277984910654268,4.022105451315413
4.411430574141512,5.124030508928049,4.989243848507675,4.949689804382912
4.418519179281269,5.3265168971992045,4.4242748723177,5.300412364340908
4.735535343620341,4.43074641096735,4.247522516159182,4.1005810891998244
4.81577900080655,4.19324430304365,4.806337532158455,4.18218196251794
4.938564250748541,4.410177512343976,4.858593536140404,3.9614661792706674
5.452296020581448,4.730867149986748,4.819712739353728,4.90645483147715
4.845840012070674,5.192361890105525,4.526212414181783,4.967301140375682
5.431019631225037,5.041733895094481,4.099609564363754,5.029035771424702
5.719577469745283,5.435414269995236,4.01208114282306,4.970981995290449
4.8258524703950245,4.5456527586528575,4.123749531736644,3.9332597335406274
4.4613066154116785,4.449338213328974,4.5229778151122915,3.3023092482312593
4.364655295577295,4.390199868167471,4.445386621221991,4.474236164326323
4.662902032390559,4.485778484299408,5.375694095272145,4.435855317711332
5.4960516076323245,4.752636135886301,4.854180156654431,4.74157764558577
4.213895524866636,3.9602688317766295,4.550972631136416,3.2645717829660392
5.079543807401453,4.863724591614994,4.67746038397759,4.219766123973035
3.2461011586134587,3.5961251776988483,4.544556777396914,3.361900598164808
4.9060012506738815,4.406502024141722,4.058573552960313,3.6133744618805257
4.459274690103196,5.171019217924546,4.679710663082373,4.9619259248052305
4.957414952217538,4.89751433825023,4.721446692631405,4.624733788492289
4.740214930878556,4.275768091895974,4.526368025916596,3.9017389454245563
5.319087960566938,5.000979280880794,3.9158796207796724,4.628299300472872
4.3391824582018526,5.117079590133556,4.405412689128685,4.947414320047193
5.180951428432587,5.322416335888534,4.764369273281471,5.159737887510209
4.179441840744171,4.970632735788795,4.639417419490017,4.983732859029803
4.738225584280525,4.485686113454287,4.093535085334054,4.3135105842208175
5.016888166527208,4.588542985023466,4.69111054921833,4.38782309272027
4.6708158234703205,4.305353833114816,4.651175609358471,4.002663889609945
4.896413710701121,4.9003862542349985,5.142555761745118,5.008413916823796
4.251027727145418,4.391184819869317,4.959962471392611,4.103263584942793
5.338362854030529,5.194829508722207,5.769128288867008,5.386816229043402
4.810669872499524,4.832504486922885,3.051521642586006,4.99561250959301
4.603424896202328,5.161341824131665,4.506869669476496,5.0797673510449926
4.99448172738039,4.487089986119031,5.045152444940556,5.518754562002266
4.871513261503428,4.729226743048736,4.467326583602619,4.163850538291401
5.301586004165483,5.312111528227161,5.250374912993451,5.688842261081101
5.0717264721746735,5.18187772584799,4.704306681024343,4.837059790574776
3.7584355991714045,4.229021826289686,4.731301441987254,3.8546563839449735
4.836498490036502,5.352367395683208,4.174456401197295,5.498518809487795
5.075267351917093,5.11356322234799,4.712927810854372,4.940746834487719
5.470198422879273,5.3042989443513715,4.590556164760083,4.327550557538129
3.991691116587371,5.146086049133585,3.688287445130366,4.7676774085303055
4.670359814659876,5.095900783237311,4.186306565191351,5.294525207965553
5.334098862354718,5.313154549595999,5.31791035847309,5.755216273393766
5.49395019138905,5.275736151820656,4.230796276186186,5.569301591792212
4.913757468852834,5.0325255818251495,5.171412902136487,4.405791862201354
4.339040806328646,4.291116834267812,4.9390185282132615,3.9938185442849714
3.555393448647395,4.24252479929232,4.614783851215731,4.08926325495828
3.2719720150578704,3.7284514587867306,4.3997596958115395,2.9612409265611928
5.052605167863297,4.758915887908789,4.599660985841259,4.706181154441287
4.154741054580838,4.534474607563274,4.221922473818659,3.722733058454558
5.141104682402952,4.736752041823228,4.842868527131744,4.403046733337709
4.8016125733949915,4.717604453152064,4.553921031429352,4.630172048022492
5.2191981741169675,5.03190333984193,5.066408145642774,4.242207158507454
4.738445972135276,3.9460075018171996,4.242474129787796,3.4707213335257685
4.494034149544539,5.653845889648714,3.518886440609541,5.141099976861641
4.582267382135042,4.927496830736014,4.688376882998914,4.555742282396002
4.577960329394893,4.634207530062271,4.694800835073439,4.910077756372594
5.336458874023258,5.411294039227073,4.855720756678994,5.10156199192515
4.876666614803348,4.39890872057382,4.484458886017355,3.7647663079317186
3.336145824084307,4.266351050113486,4.682401110897283,4.722440324704575
4.441916987378121,4.616988182129399,4.741031928152486,4.4031449533896225
3.9599993280196317,4.776339031473755,4.258403262932581,3.9911996493408717
5.3113480844165855,4.789687827796507,4.096170868756606,4.719690927261546
5.655582767988335,5.395027840524816,4.768821713905011,4.987901553057766
4.010428667592983,4.3045901759400005,4.9680288680705464,4.003935479494634
5.074110791714703,4.3422222332681315,4.807888428438376,4.190027118077255
5.348827930447741,5.438626605107182,4.748543135163774,5.428217466254775
4.679075627560507,5.267392263290864,3.8630451190313138,5.310675435420243
5.196670842767736,4.987438529186238,4.792647743876157,5.197100744540555
5.126411694550224,4.889055757711874,4.873886311317501,4.898534939856518
4.52916769450939,4.066824870250695,4.487114832835967,4.53078083031255
5.288256086471122,4.519829118173038,4.4887872630411225,4.762271544798467
5.203791606353002,4.3427326655055545,5.266676804644243,4.740766587088343
3.8453145146317413,4.805294602236487,4.487774877656308,4.965221155863011
5.173351497706792,4.705978294002938,4.299727900109804,4.293534840400011
4.247106273646112,4.221412416482491,4.58681185501157,3.695347632596128
4.169072116589049,4.367625149812813,4.887430962967736,3.8368674075267166
4.099261159175338,4.813227087224025,4.663845560081598,4.693854887100226
5.629225718025623,5.62924723056276,4.548120052659267,5.353082435552642
4.880882222302555,4.782525447365816,4.472159556754669,5.032279746759665
4.719901824237213,4.408507212090678,5.4277633963934235,4.658896314531973
4.419931844396277,4.237422641850435,5.494531375495061,4.4210981857445395
4.992236165202008,4.51477250179804,4.962389589977779,4.168327375871258
4.579972790857526,4.994114318587887,5.048816356316522,5.147017794512893
4.484662497042554,4.689069173763288,3.987774931762454,4.645478231933782
5.034239501171159,5.010373006671252,5.347842549535396,5.291790047124775
5.288743107383614,4.562788810153957,4.379050640484366,4.55017415047165
3.321332841622665,4.466844755512217,4.682574190496115,4.448600534331255
3.1259702706479042,4.377892721698058,4.208509589446078,4.031649757049292
4.122039908785531,4.985273420766183,4.551498294754392,4.442120149904842
4.1568883494836815,4.4585896558538325,4.691316654342397,4.032795949995643
4.319589501090268,5.73156877727254,4.169423315780786,4.924308642514021
5.020039958726804,4.794847003049213,4.282496479092723,4.427037473738234
4.936842894486868,4.950232971908617,4.633526499924988,4.998698402726026
4.225261819139981,3.793029744673977,4.596949374865922,2.6683173023517854
5.424748899084686,4.994093009244115,4.728281692908388,4.665847287343551
4.715925738394714,5.557868905834601,4.178684500743025,5.202382850688459
5.414026623652274,4.8764370498008365,4.129493685320606,4.5244651723200855
5.216547523419251,5.085551228504322,4.0200323645593645,4.401516970157455
4.471616895772307,4.754686848518223,4.918116624338699,4.919919592777488
4.731471649069818,4.074627075038785,5.257650837732588,3.797347282029067
4.539177091259758,4.942970403348274,3.683037663355747,4.294724282922023
4.955830968553278,4.861810629954698,3.6254765667067197,4.828661157341013
5.231595208888855,5.004040557183859,5.417048968071699,4.549577838027829
5.527772497725371,5.0646011302931,4.192789905048271,4.407402715352338
4.582266654355199,5.133521503638338,4.5879121246208285,4.926857325430054
4.219642260253912,4.0899821537345185,4.494522235723851,3.579163002025925
4.774860662403032,4.537586022024665,4.302857997307746,4.150416120960173
4.976400928968808,4.396255095484771,4.984559284792406,4.518073545029042
4.862941328033758,4.337207924187977,4.672333687504428,3.889723165703774
5.201798827193773,4.957776564083198,4.587678526257848,4.763484710071422
5.389131797261483,4.584179436765932,4.079773157957941,4.380607935130035
4.112178295653224,4.271756996798859,4.4744439943407075,4.043243361626139
3.1507935735047288,4.025528012160168,4.827190144738234,3.2836661795618225
5.196685226174478,4.662492246124688,4.613173176898359,5.239361938957531
5.4938181734001095,4.713306464188384,4.684566135122571,4.5167468103297175
4.822149000250285,5.278872106580297,5.063253390267457,5.486937951914435
4.70944541760904,5.489140740207408,3.389680405823617,5.2148011247642785
4.245848052250296,5.214085124250791,3.8327543255060417,5.041189466637133
4.7056432350786785,3.9638433847615238,4.62833923728375,4.021162636729664
5.060639318630857,4.515392504685694,5.023071672360976,3.5319168562985244
4.562542256405047,4.1949274438885125,5.063737251664106,3.822425656734126
4.049951325366971,3.7306340993482543,4.668813588401517,2.7904714856371418
4.8272951999175,4.369254245105232,3.778218349200242,3.781321097029536
5.399260679955326,4.692761117954698,4.103761388577337,4.321296920446067
5.306830242570457,5.749224046094657,4.328088481697051,5.355108298156686
5.190452910890431,5.35905334950963,4.230378735720516,5.5726778633847385
5.405081919033693,4.9014495362003645,4.584694968632434,4.212219130907898
4.8900893184776,3.618512718243452,4.363153106220209,3.1462017111034752
5.535076233447252,5.145639387758829,4.475993223171989,4.888126325854028
5.023669644675002,5.103793482810201,4.073246217095214,5.26194411828161
4.657827597212591,5.1465487960676555,4.399510326309129,5.055840679992071
4.331942106176491,4.227066709812461,4.241140645390505,3.931388829288838
4.175889836251875,3.8343294563863197,4.281570829515079,3.7713715466543682
5.175898095474093,5.313961516956483,3.212433137417822,4.563197243773817
4.332246795382914,4.080163146794836,4.544678451223494,3.063642132379391
5.443580307402306,5.45265392053818,4.1945734831881625,5.488250848487679
5.070758472588933,4.433007174815033,4.253599758763514,3.7901882578368675
5.59405467151413,4.8341125639668014,5.024258634453056,4.928352979578189
5.518959525189697,5.211654357000761,4.8744642875745585,5.097717055173975
5.0673335083779,5.025282559879116,4.701573382149756,4.959199070027668
4.402393065153879,4.035031264054608,4.544281208088349,3.3450011001607174
4.602151049701333,3.9189583051168655,4.341725568215513,2.8155740040103425
4.763252259418141,5.1944750462988845,4.473122276136769,5.042323590508823
3.870186914854995,3.882586177577972,4.681374407776732,3.021138153774612
5.8653742859148625,5.526102582195271,3.9945915779322885,5.3738616014102
4.227235000459437,4.678748153845632,4.57288142917671,4.543302501792595
4.939804702240632,4.605705733839364,4.998800437817384,4.264252145195686
4.731669138725774,4.612017424701733,5.459676106481109,4.263763481939971
5.079014118803933,4.492828718013103,3.956749645386291,3.8976945394400935
4.735752519325094,3.967983370014861,4.528887868261888,3.9907018189485846
4.702596712468501,4.504162870867752,4.2987569611763154,3.9372317307780884
4.699904625447065,4.750576125488729,4.02380919815129,4.246894933067229
4.108396250999409,3.7999345910030895,4.555804646323065,3.861171770835397
4.638560779686198,4.2233555958229125,4.572386058947679,3.7860874052488476
4.311514265004366,3.83728813161694,4.855987869149151,3.5625346111026714
5.6944492374004305,5.476104852041301,5.741375657106668,5.9551805744555315
4.766793500029456,4.547798416263905,4.523098742160441,4.05644341683569
4.797885899396786,5.107070932228161,4.029504635764615,5.409795848844089
4.874519145206798,5.26233642283368,4.894593818333288,5.12187435612669
5.292248967939665,5.141152265194016,4.463785577902396,5.05686792607891
5.038387420670665,4.299796008422284,4.911508813909302,4.235955517478149
5.501176410169809,4.71312207834189,4.435925449281414,4.598594350396998
5.382368364687332,5.105715155770776,4.66021060866042,5.205525435136011
4.377209517119484,3.7069486236352036,4.634273683865278,4.007771775973908
4.547259729780881,4.400990676312296,4.023328116113306,4.341370745917367
4.86209565702415,4.524817491832449,5.030526339641411,4.7565706118420845
5.104981632185788,4.738874239656778,4.4237938674374435,3.7073412523171796
4.364146090860641,3.8351612368896513,4.403072141161764,2.719461017710432
3.654613145019047,3.7970452048321777,4.325988674959476,3.0233704510918713
4.935632583052916,4.921657978853637,4.556565823047595,4.547452548524532
5.43116534414175,4.7259496721392065,4.4595517038001615,4.813819318866124
4.736861067791469,4.202362453091725,4.5899819440566,3.5783498988950346
4.717739668534357,5.262339065276181,4.659054823341943,4.646285427001481
5.492060235428495,5.106792695112399,4.500371754173366,4.635742788650516
5.7375371093693674,5.389752221159399,4.114065995416727,5.508042787750686
4.535024483224113,3.9933320327673765,4.719313717847084,2.6244926601278276
6.014023128746847,4.904150365927618,4.875877798432187,5.198227275562793
5.330207624207871,5.359246258058351,4.3924419293071955,5.415240955626458
4.379851804437613,4.376035464175797,4.30439175808821,3.7047720534135853
3.8845724662594177,3.5876132076887663,4.608211034375506,2.4131527895347227
5.034462422660298,5.064401919783474,4.626592993107492,4.585801982050517
3.732037736888999,3.8347384775686524,4.841068594332361,2.7366550394672102
3.5162538167911688,3.917469168548118,4.608454840880189,3.1809406698455893
5.163370953064458,4.933798324183356,3.8070896810981822,4.596125733395496
2.8331474928213125,4.157313056534219,4.2684775966495465,2.986133839945119
5.138791118379535,5.948618843356407,4.116554392134934,5.730605508224436
3.1542026969636927,4.35922202611442,4.053080536589338,3.442273317722381
6.147049934441765,5.176491474930334,5.414525666212368,5.737055698210547
4.588284631879061,4.6453743752253915,5.047289533148656,4.5835293008162985
4.996967801838248,4.379592707360189,4.624415762244217,3.604921078122108
5.273980782400211,5.576234777239449,3.7726633629358757,5.343317486565273
4.417920300685931,3.503783565432378,4.832088538916512,3.3608470939907296
5.453702418790125,4.904141943231714,4.420214489561733,5.317135090506767
4.791493115559947,5.6798760240811985,4.1914847701354665,5.664175182644739
5.3414826164286975,5.4859702441106,4.336355877776518,5.492787959697852
5.732041220790946,4.6708144704629415,4.356531470079583,4.3962781220198455
5.437256202621188,5.0493848773660295,2.5276515045071677,4.458849661273922
4.9526288610712825,4.948191861309992,4.882769869666341,4.406033306282096
4.36116317157408,4.951246719256587,4.636617976818123,4.3939213797715775
3.875852341438808,4.122313571712419,4.431727714237008,3.3092066390490635
4.300389556009566,4.657446937184299,4.38013893108656,4.7870191524947625
4.204467981112829,4.683769384111771,4.751524410151078,4.4164465826607
4.034155278921824,4.122199089839962,4.5427466491661415,4.047629794699852
5.19331229815622,4.335412552831857,4.539145356630834,4.417980799625192
5.814951585108861,5.254033924429842,4.334889717227155,5.082943301547989
4.467118594551122,4.538220581560557,4.850664592163101,4.2511986037353795
5.6706385319015205,5.588653502676724,3.7135191047558016,5.16328002610682
4.876911463243498,5.112839320862658,4.491058807629612,4.449985785060042
5.878035735586674,5.65229100072009,4.196377207206537,5.378197821451519
4.819214889078484,4.855076162737945,4.053358569943697,4.255974533510027
5.818978960763304,5.495696176558679,4.3285062166866695,5.447128874086978
4.286176864220261,3.9176576669352228,4.543745746178869,3.7504857969106404
4.573883022296611,4.154045811199999,5.327989220723513,4.231959208975261
5.543905067946116,5.011340319015407,5.381214719235289,4.9598383339918595
3.9569512070049653,5.512009167539911,4.723469118672593,5.096597855433421
5.581050072200768,4.996876190697787,4.641028265951071,4.176909775494323
4.220753124792165,4.763612642403963,4.304152552071215,4.911160153490463
5.115074936952457,5.11600446108762,4.781072648451364,5.229727537181368
4.509158926249309,4.091148725938167,4.670016838570069,3.831026721113497
3.366973162513421,3.7205318689538305,4.554858702946471,3.275130354345443
5.3856905533285975,5.343004567084643,4.364391430106452,5.049549977832812
4.876473474006939,4.921725927350971,4.505956211174916,5.075928594428328
3.360254155035439,3.6231819660727105,4.64230803398585,3.3866340033559217
3.7681920401135436,4.055276230896488,4.533859359289003,3.8385789145734845
4.6524911641281514,4.90778596366892,4.721251546002245,4.996842020600313
4.893864637336787,4.556149387005329,4.84330080294361,4.415800003850036
3.8671140755785784,4.371835341024229,5.093205817335128,3.8060155044042117
5.1516017874703115,4.581973549478397,4.507162186053844,4.079002263014943
4.787257409338961,4.895562463252242,3.9124764694227223,5.069327198567543
5.345997263957506,5.054995090338758,4.153178089980532,5.151940275164711
4.349811928521272,3.6754527461952886,4.5301565196507365,3.2770642384740296
5.497782423422237,5.359610263258752,4.245749595534081,5.259253046083123
4.10052381723807,5.126223693680875,3.690619608891966,5.212539555789958
4.792866238068828,4.325730569690211,4.919031758527969,3.699435893355687
4.9316611146337594,4.335104495678897,4.773337201367718,4.1431365321740605
4.468386336278542,4.584256709082985,4.845142867083108,4.118333740472639
4.56889264490415,4.731436463534438,4.141154955450357,2.5607239724160915
4.946515718201075,5.064794096651469,4.2741749118299825,5.0112988475122435
4.969636046547093,5.206106808133539,3.799582782772216,4.747917757131529
5.510308670217937,4.506046248888687,4.929889172567667,4.481002484687173
4.539354061033123,4.539989085936071,4.206217941045258,4.254806362391828
5.197187562210832,4.631519031949921,4.106207948638704,4.338318445523184
5.166919097486536,5.056923619339314,3.9891933272933824,4.473357858060218
4.616299171599876,4.372568202182103,5.174962004785915,4.189745597916123
3.4869168906923584,4.488450225536919,3.9139375057310777,3.927043170095383
5.258838061865901,5.02034693940518,5.065138548194899,5.532128204995107
5.132307362322253,4.53701440514712,5.47792630683654,4.664484965955873
5.188193991808936,4.168642208110778,4.8780609145060865,4.7530717142515995
3.4422959735284726,4.686512149661055,4.876633948655912,3.7450283962257713
4.909905715926181,3.8546337465435077,4.803378020131058,3.3630430780705907
4.335960337165664,4.777951295168985,4.560034968794956,4.465362011421562
4.461606406153482,4.865755818778701,4.5083038447119765,5.104483002266169
3.572676006740416,3.4787756571962647,4.801357936973952,3.2485797947261017
4.921907570170549,4.5206935836906315,4.826660193423526,5.09233938396059
4.240970497699304,4.1319335279036675,4.774956989269623,4.005286169433339
4.576468525658554,5.191277896445356,4.476077551990517,5.154463610243341
5.126674186674032,4.284842721113016,4.635642120457627,3.8018238288869286
3.920404012694773,3.870004023156519,4.7235966610483455,2.807108124597302
4.366108971566144,4.714556760213576,3.9095761893713394,3.9674204666831425
4.152819255547243,5.491170926768247,4.255948651367183,5.535226594669894
5.572739303359501,5.2595214428327655,5.348985737702062,5.507449976689106
4.898588146149425,5.649894450323557,5.133808579548079,5.48459997690828
4.775513237953024,5.101393525464531,3.662033184678768,4.7159540785736125
4.423981845655548,4.867177167222986,4.477383588892186,4.580874751644373
5.101734839965865,4.01462937508141,4.851173402982932,3.9989131334203023
4.131268887990902,4.622089653261689,4.677073515508049,4.438324272837596
5.041711506486883,4.687180623584689,4.31722188593819,4.024911877578905
4.844116427793463,5.08664269270304,4.736992789614122,4.787066004096793
5.563173155309821,4.880849155664564,5.613452018575081,5.5535470179887305
5.45872113072601,4.644701520337948,4.837264722413008,4.749850233419087
4.574687185189601,3.9602054916127782,5.2869957212804914,3.7284592138551824
4.453848689625648,5.153856296239911,4.680534497597325,4.461446241282049
4.746014311369717,4.2986863478542094,4.646796875342252,3.8457249499743473
5.270156620415531,5.709455889001428,4.921619911012238,5.671819234593974
4.335388110896947,4.551023648724263,5.068635158188948,5.0661055584915085
4.519036800112134,4.3532323394242685,4.48636344834182,3.5485526561579204
5.46544488133584,4.551949073563202,5.2894608658425515,5.0382817786547305
4.538703374001946,4.472012438724809,4.62442542574679,3.5135810210472234
5.602680425362724,4.880652422979664,4.138944132699637,4.401197446501433
5.1796798589716495,5.359666240438075,4.762066834814239,5.420913889257675
4.653531699954226,4.380555034600223,4.452724249474657,3.8850872808545214
4.6921428723695575,4.757168502291311,4.489606650813356,3.782461091538032
4.675083094488018,4.818874376840865,5.224949735988196,4.865918824383544
4.639011230172407,4.646227322620141,4.196077540566984,4.436723663320001
5.085765557973886,5.619838555908486,4.317406216317273,5.84605137610133
4.809498927175652,4.028170374602774,4.84669034194802,3.7700220452303084
5.720574556705029,4.686560193476025,4.557382386771147,4.60372503269504
5.83446553064779,5.196012361220742,4.237118882630018,4.189139499162994
3.7526127511681384,4.37737112434262,4.036603210365265,3.672259558191262
4.543880938751373,5.356486886074746,5.030981249472761,5.678111681575668
4.8238817992020735,4.420026409127837,4.296091896794476,4.241236298926759
4.612930405004626,4.550508050129281,4.970608131972141,4.349113984880798
4.576909466568376,4.7564617102304325,5.095486490352856,4.89487786846192
4.123922058314749,3.399378133007035,4.749743585198072,2.870891856686644
5.111547229049532,4.895214168900529,5.160641175786221,5.1574013025486
5.257079947194073,4.938346243047591,4.396010826803938,4.298213122652862
4.83362416762226,4.359268907470086,4.974481726546411,4.406124631420199
5.111425121317684,4.8563349330263925,5.599167459418554,5.014937025454603
5.216162915663256,5.409768065054085,4.11170125733672,5.401545954425045
3.8235164200034735,4.692814110530461,3.0919954972002084,3.8584425322270053
5.146786076175032,5.45182398028951,3.5730386535884335,5.041880182098752
5.0454281842540425,5.233743168253104,4.740745381756314,5.508723241953288
4.86865428605701,5.001939786192038,4.932874594933429,4.515217484494061
4.51918728200099,4.9907830043973345,4.409754045941593,4.566863739171655
4.890440240248904,4.006658077152529,5.221586438719868,4.378380136145968
3.835845308780622,4.415586179780475,4.936639131949415,4.192963073516419
4.672006448337319,4.111421897808543,5.446331095286239,3.953811179555107
4.587420509789678,5.137396563324669,4.080104108092698,4.434983531180896
4.651418219802523,3.574504833758982,4.49897463765917,3.0659602668155044
4.727372549326626,4.645831931836492,4.428791785755351,4.456435737666253
4.836996767741154,4.2664380857036655,4.496100588058651,3.7034599601954876
4.910708332856519,4.7094179465877355,5.275533667601518,4.952724946392731
5.410489455521061,5.2233738892066,5.165578962118325,5.979516481474263
4.193448602870429,4.846876757803741,4.9801459711457134,4.463163566705654
3.9233430247219236,4.313957988229134,4.891641893665968,3.864991010908856
5.322495223948914,5.840553850303548,4.506152157786543,5.405241771485749
3.7611694762577383,3.7419014201268035,4.596796667905366,3.4112991633313317
3.510663382020254,3.6936411608068456,4.45948322062061,3.1100555011150353
4.935599116995287,4.5331599190778515,4.440881861681487,3.793217306503464
3.580981113244043,3.444544775646326,4.6377612174947975,2.5722792302792983
4.877066941261182,3.710273592027016,4.3146007822472825,2.8383036430564976
4.727568967081976,5.918109036024791,3.8153511951704373,5.676654650386167
4.957507560163309,5.323553245844192,4.4734828454143525,4.401411221469956
4.954485071917714,5.195121321612988,4.475377824331853,4.566790921855635
4.638989990728683,3.878228973275566,4.570492756400116,3.7180432550062745
4.271313711102444,4.816533294100442,4.85142221029536,4.251928103634411
4.808728587743399,4.68986350109425,5.271490590730738,4.229443410463855
4.194373497943444,4.463003460539716,5.118701620997386,4.403191511989414
5.284571174516697,4.670807762037133,5.106884058311685,4.448660396386888
4.813765641040415,4.798510802279361,5.424081225558559,4.516030297638382
3.873111951341464,4.776159117510719,5.1991336588287815,5.0914118831289645
4.2078635249095955,4.856353204640907,4.492859483173341,4.464410054378122
5.374476144846423,4.570188311965808,4.118992022066846,4.147484600421452
4.777367623043805,4.263373215013401,4.947753766317935,4.262044708769263
5.2199056510120725,4.593241670233182,4.559055594734142,4.197528709494606
4.22712379077352,4.041516966051934,4.603474428332174,3.6326112762086287
4.978632250953438,5.1302578121316005,5.389041850359621,5.029589798256031
5.498724840405478,5.194186240388317,5.2857385491698325,5.711895058692538
3.832524955112466,3.965807892859752,4.4190989182955125,3.502314674361811
4.795562145899038,4.935222358588803,4.951196641641633,5.00460076614667
4.789729342873025,4.669041832975986,4.369083050650971,4.433075017181573
4.41326352848963,4.64798139383984,4.716910889053373,4.787610994325225
4.686136855602978,4.743384938487245,4.9277202686306865,4.221186433638352
4.3920030131839445,4.7763400690595725,5.147088058179581,4.616170043431925
3.8037637906154833,3.483039282667372,4.337779327535213,3.6477832161700086
6.023632128919488,5.174373995706621,5.721094075937059,5.364717571147771
5.358860925273759,5.386087954953458,4.273481485488111,5.10211368119599
4.768235962291021,4.511541490578693,3.996802144371973,3.8653322204158056
4.519164069997196,4.944099731450553,4.9648013948027,4.69659983903411
4.898131079180692,4.603623807727335,4.262376624834766,4.490216438733331
4.430826642423792,4.382474577209526,4.751115788753257,4.046512828973611
3.963138772216349,4.407380021771346,5.006208540048329,3.9167462508161375
3.9857591893101745,3.4979131321479495,4.590475528049849,2.4894287098877554
4.000052508867242,3.736149013408423,4.899198482799999,3.3495979872521104
5.267497421640592,5.636513914049697,4.57862537336005,5.276048542197894
4.399068391306155,4.479986319554914,4.7497721416650815,4.28566395869241
3.626452631643918,4.551013988839611,5.195272468249031,4.268927908058405
4.171788031428675,4.963810036977075,4.248565078876987,4.680972248889434
4.6339264798742175,4.439427869976585,4.701976802563885,3.663569521405718
5.255640722334083,4.983519546936135,5.024420506703518,4.665304368017076
4.0353711039354945,4.785670252601943,5.167146281656954,4.705188483260462
4.743834175998027,4.470516715364284,4.917268400811546,4.348339270931197
4.834316991291662,4.29496813365751,4.567330265905847,3.2362630150554828
4.801927258863315,4.86512847013771,4.000344364217816,4.421161689157815
4.403703483883883,3.814011379400028,4.432648246273432,3.1542953243082636
5.208926148503017,4.4268007790513515,4.666188403298525,3.6003881434877796
4.450630608452156,3.6970573378133555,4.871411818740878,3.35086831382183
4.700472954093221,4.740287062500358,4.675668045257328,4.77173996443268
5.146101383078089,4.995604762503737,4.906431679052838,4.628587551863725
3.401840900495822,3.710419731251873,4.644886229142432,2.6738058666119358
4.526519383509844,4.274989012299651,4.004072804367698,4.182396421114201
3.5757871092617237,3.8181348884326343,4.769263756543593,3.7361438153975897
4.2290007482638465,4.159196564112396,4.0616095933771845,3.824272315008267
4.758747420801712,4.214337461589507,4.608357132189156,3.7589318363415027
4.9850181741620965,4.960019823925578,4.184008586594767,3.9892354022939456
3.9345355636094155,4.049498356880997,4.722354031334231,4.026858568766936
3.755050912470147,4.515259131730926,4.994805988065488,4.2376801959190376
5.070286193249862,4.738027742361747,4.345100694696589,4.327293995622762
4.517614854668174,4.840069477148066,3.7959136517526506,4.309338954953706
4.950322282615068,4.313772575161279,4.745855893514203,4.355193971445755
5.031365723924265,4.6812199769203975,4.643537664920366,4.607522060640754
4.324904853913673,5.165866820740881,4.94873760149989,5.121419069381801
5.121567011337251,4.866025016582529,4.661286224109854,4.5299748859835836
4.492843589902939,4.472167829649956,4.178099759978936,3.92100637665066
4.770962379251337,4.257832924876138,4.794728740386693,4.304190420228014
4.226148355820903,4.829359971393571,4.397684285594704,4.7771238158417395
5.039468378297971,4.60731932528192,4.744019463176437,4.672737207900633
3.4091426702423133,4.27734930200797,4.802597340046429,3.933103873326106
5.012869087636106,4.760653619934667,5.185132309567235,4.100794995332797
4.4731626443520245,4.263172714976275,4.574969986049633,3.334654029971618
4.861518401732507,4.53146760677631,4.595787141448475,4.4763229958304
4.55793497172887,4.214056766054339,4.1497222223088475,3.2952029909723213
4.500095772765021,4.000422339647632,4.697264797388322,3.990181930988695
5.318817385879864,4.91214462286934,5.193436851781111,5.455651357490712
4.983901510336423,4.5742307984854635,5.027018030088592,4.367233081059606
3.525888413024251,3.2089755971792986,4.8544047871720055,2.092524122604553
4.92822256119567,3.597171844361157,4.444191623066346,3.9081483528217973
5.065322934358468,4.957171296218049,3.9681716680300836,4.482469488717572
4.564460400473026,4.391449665858002,4.281597534172199,4.289880672310509
4.136222528433417,3.7473569873283297,4.269777309985324,2.481138695790401
4.059240190550575,3.938457732659628,4.464128061268459,2.8599892503426165
4.734704131959495,4.913842033241861,4.07759671282895,4.492370179797968
5.045043638179553,5.373080327132376,4.2823665601346725,5.155546742118089
4.909655275819134,4.177476600959047,5.040266599553858,3.6011572332516737
3.4628571926978924,4.174896527951007,4.418243820898343,3.737189589876135
3.1996464710107153,3.5926247640855737,4.5526558422752945,2.9441211782905765
4.045340988950412,4.008683278971325,3.9653436283058343,2.9665396762101253
5.6687000224737805,5.346551066084365,4.967363607902498,5.319447238716903
3.718013497107468,3.4419925077924014,4.453034044660991,2.778286724705349
4.505363943099992,4.648189057128901,4.003126068683456,4.48313595417746
4.36933897270819,4.586832537034197,4.286551008630665,4.471230972091642
4.766370466737459,4.712378579356527,4.111232178303655,4.812413767173601
4.061521946925415,4.334482554178586,4.359723734124438,3.75401634788782
4.582100388641421,4.781466846279306,4.393797293748779,4.448687131228917
4.36391647484785,5.0511685150040275,4.170765397459503,4.572945774120454
4.680707950480636,4.610450773012453,4.899183096785954,4.438074929288838
4.620000301481717,4.499415927270018,4.685533573510323,4.201746253641075
4.726331109999392,4.370508415962641,4.2978080887197665,3.9191570265905975
3.1825929628426737,3.127852267327207,4.605380956589399,3.1734081123255233
3.573035582717733,4.93290036987038,5.021726800571593,5.350290706784215
3.801881516443634,4.110140686656417,4.815063127048086,3.419601244329027
4.6006655167724215,4.705967920879514,4.751324166150538,4.105495254142679
4.228636738092832,3.1611211893983233,4.45727737655183,2.6115946302751167
3.819526787691883,4.471644927317891,4.832654723424113,3.7127744387574864
5.301904247627631,4.765169476550099,4.6353074054100745,4.254846610274735
4.993853316721408,4.493805730740389,4.566620366592674,4.614716583309949
5.884236268314549,5.284383836344042,4.618248836580555,4.5084176282047865
4.6184663122152685,4.223563429184881,4.566802507292422,3.8327287292967522
5.587727784827148,4.55525318670479,4.583994145515735,3.7415066553208938
5.043201704367113,4.738525442546373,4.863206484353499,4.638337598169917
3.397100177171581,4.136289566288556,4.232079337943345,3.0009128330462573
3.861837178932072,4.844394332577725,4.565966964671467,4.710260413082096
4.342195576699492,4.018087194541109,4.57040850500859,3.7622525618625295
4.364806049391063,4.303860328664514,4.613801329032016,4.271313935323505
5.244366238026563,4.726064803358554,4.896248549353264,4.76818053404447
3.9880050754834224,4.815541918974013,4.625486087578472,4.642234474112293
4.463258295843718,4.706343802086605,4.222445153154118,4.4029919891911256
3.8149151994557013,4.24714984490124,4.730964693519949,3.887207464207128
4.57979570974319,4.4808112246837455,4.319715487001973,4.142550655708363
4.580419223552687,3.8181169280635956,4.415639761625236,4.208730993407658
5.188740441701162,4.722024933202381,5.327208093765128,4.723901627234719
4.714683332994165,4.861434968852883,4.465171336849848,4.538458776002184
4.601227320972889,4.3522812968321505,4.1038036940331555,3.8432343131636832
4.722224881984822,4.4140681397244395,4.808248091490066,4.420669178631552
4.569244334736075,4.151359947472038,5.123128139222368,4.030967001682133
3.923783315653711,4.060606974241359,4.851033644710574,3.334060336695895
4.060610179422644,4.345632024457845,4.326307100788646,3.9125628969361936
5.327573655810059,4.924927568664385,4.1205224842958295,4.561945326211588
5.213754487022564,4.554708291480535,4.8925891565884285,4.087529284718359
4.00690116723109,4.267443161753348,4.762537032106705,4.262634473881178
3.912147974599009,4.425506453569195,4.4447346494087965,3.943592304018726
4.4801441927640075,4.81048017979864,5.1601846607362525,4.334504922360005
3.6851723675890917,3.834650739097063,4.492141155929097,3.225177437083282
5.964510459018269,5.000088178934432,4.341815849579819,3.9739982004063497
5.024235343167198,4.638513661289421,4.748907010513853,4.377915310206146
4.450001861310153,4.782002263182002,4.9297423354628505,4.330923426960648
5.331712232020838,4.462011336575774,4.6153165794374935,4.481383540046171
4.337960204301179,4.601689153642315,4.845901390666347,4.641553833095236
4.128760871640692,4.7782256429973105,4.306431013633954,4.552080680108516
4.915083891223494,3.880882650946347,4.100742261628081,3.1910930950007743
4.664767530887571,4.751928263412251,4.6627194282046265,5.142571032384184
3.831528003542691,4.0138452282414,4.57562420085714,4.1103003429287135
5.073539216363884,4.5355745004837535,5.021887065116069,4.7096957319606
4.151091696101046,4.73319223263094,4.350706403409554,4.667048907309606
4.360325881980757,3.9602285644968984,4.737168337286541,3.38545319618896
4.6603087879588685,4.392075327085487,4.417458985971069,3.579786993201264
4.38440633777871,4.848317669126997,4.672182650015896,4.723228225264899
4.376165180453026,4.176314761270793,4.616151556313737,3.397140005108978
5.041023243868649,4.686309303121192,5.160196191514632,4.0363628577869
4.735517322790308,3.79119177603145,4.3306163400392315,2.8059812093705405
5.124306137531206,4.573940736453781,4.631456165440704,4.23350803380732
4.323500138323821,4.259916791588824,4.841906576879419,3.769391461550138
5.101377389998962,5.058758012119798,4.6106831037456315,4.703548500990326
5.014579867118825,4.993592927723048,5.308371361164507,5.082478070049042
5.750864810612908,4.546855601655886,4.671976012632879,4.0413397654860175
5.184447194373611,4.582539102975097,4.436358663867533,4.929811876022617
5.027484846584858,4.687912666680884,5.337724846505416,4.481544363137413
3.8796249760774053,4.173787297559711,5.005339566320212,3.6783661483955647
4.672511606054928,3.1141297193078605,4.824949836806135,3.4701673056428257
5.423299186577457,4.748855281424743,4.339282470322095,3.7283143924584254
6.271627662955587,5.655120553179878,5.681626645709355,5.7510550600412484
3.762440941165159,3.382094689523246,4.607104045383017,2.5361269141111493
3.7458313513751627,4.105702289526885,4.6727397891429945,3.709635289160214
4.331315116661712,4.2277577490828895,4.92842430584887,4.301116252189128
6.170465788112777,4.816863405919746,4.433208512431156,4.987489131523046
3.431415603646029,3.8114598855497968,4.90318806367039,3.409438946710175
4.535016735821976,4.579704364423887,4.465006600800516,4.064110097597299
4.9048401933514745,4.803837489971518,4.070075521938564,4.2313837853093625
4.998591163296478,4.407042044079133,4.909158133739316,3.541361658293609
3.05083297357435,3.9639359941581334,4.37930382487591,3.677237474998377
3.8597656599032653,3.980390568049211,4.454584973156144,3.1197521544947366
5.602307953377345,5.20608078956007,4.833268464911623,5.896246663186811
4.662500038382184,4.6668251863903105,5.204176736251534,4.543272699921369
5.312246355489236,4.826008732516688,3.988451147790683,4.078787044253019
5.537840089781987,4.747055511255008,3.7370026799641054,4.426195095920499
5.241403427293104,5.086018277795431,4.883733486263892,4.73842598862546
5.067734809536643,4.515123518797569,4.684096543381995,3.762024965267319
5.476225513156816,4.784768542317881,3.9884853124573993,4.604646602613764
3.5908440117596694,4.146856201340499,4.911720800744759,3.932660316373777
4.390554966138592,4.864247104141742,4.963640912701033,4.48202727605634
5.126362063438791,4.909668031104731,4.5452136698921555,4.4370724227108385
4.5322433451070685,4.161892458799925,3.9950825998985673,3.3067296895783778
4.696159625823763,4.9530321632062755,4.410789394239892,4.789368116138308
5.5454353387804804,5.305402603133374,3.7557155653781065,4.845888341254677
3.78658708544386,4.50362606945047,4.298951648270666,4.526080781453756
4.213240502947602,4.585703828498258,4.742048473152713,4.213455418959691
5.326529591914729,4.811174435559839,4.379061028595535,4.376361837182501
4.81744626103791,4.218600784583066,4.3553806254876894,4.101553058542793
5.0781125354304955,4.665495276528271,4.805940226234088,4.266917812775644
4.161789674607903,3.874143369155544,4.263105375330193,3.64652702051174
4.020366603584774,4.075800025024272,4.613563891401664,2.5183328245462477
5.017011370143739,4.0586492787203134,4.633672460336753,4.260705734674656
3.6026130605756723,3.7837696703623904,4.512037272271682,3.477444105090944
4.771116389228935,5.190888158981057,4.439588314527298,4.920264490997436
3.8132324559518667,4.0042874190779925,4.719496867627984,3.620131226989017
4.603161538654043,4.241831671320593,4.351553387129754,4.210927508227812
4.267747615871726,3.7738121697189038,4.772514451283621,3.4634662518698516
5.143586323816088,4.565397400163266,4.5467199708990345,4.015111230965584
4.277710346967256,4.6059156455315815,4.642177274869317,4.251575091573828
4.7821990218276,4.391840319743212,4.613421216395362,3.8506083065099146
4.657092842617295,4.406939830559071,4.583563712286768,4.364211603717651
5.011455720701961,4.684903480438206,4.640448680476294,4.630287796911484
3.5031143396891653,3.602227996920969,4.2450877544927454,3.0857317222738283
3.8519097276034535,4.389472793032432,4.214540115949152,3.790253204701035
4.727050374968452,4.569565933301193,3.6632304284368526,3.7768983839838497
4.6033458191032794,4.530549959296398,4.821353746495143,4.5454789149955435
5.4781377700266,4.437477001536028,4.779834026162507,4.426286178146022
5.507804278680391,4.981788615546073,4.434960650464691,4.882812996887354
4.268820239776654,4.8178964987494055,4.26460591543101,4.641741951251025
4.901545241021381,5.011618945255053,4.750657585942425,4.739031076807896
3.5945637800778667,4.0101594896780295,4.331561925994291,3.132841329450569
5.206412024975319,4.419199867461405,4.774369221826458,3.6881805527516693
4.704540392780942,4.958247940610468,4.274144016677216,4.73081958997548
5.605527726091178,5.369595555941696,5.21797054851618,5.529439956780513
4.007171389137705,4.491347477797016,4.541286858335205,4.241025978520405
4.914234592181568,4.7013339848901845,4.86527759159824,4.841493439162274
5.321598630380123,4.493101267090141,4.523648061442263,4.151201666240507
4.0652660441135104,4.428521388034393,4.738390169404625,4.102440212683693
5.169993886126065,4.609750897525967,4.754318073434628,3.498683902534984
4.843808234054781,4.250146218935378,4.994743364838868,4.201954231837966
4.25366561474189,4.516068052739076,4.653391146463204,4.065210744924179
3.968482337821267,4.277451527337187,4.966961880564681,4.238897717756378
4.796277743863504,5.018359813764049,4.477343719789734,4.48136689879971
4.658521627710786,4.676761439734691,4.69836580603064,4.759414979229255
4.9014161362825455,3.9868194950032194,4.462840313333874,3.1310954208374406
4.1398897261566,3.8402418035189836,4.22973914293179,3.535860652464802
3.992057821311004,3.8618727227006047,4.282997745403274,3.473092582276595
4.8862103481410815,4.702704176040974,4.779519720717439,4.388213023177702
4.569342070334551,4.353304090093725,4.467899176865952,3.918716588048461
3.8654472348391518,4.01848202245842,4.613583193104823,3.637000214928896
5.083721695548548,4.667783041909764,4.050703517428606,4.064570244256088
4.940655289457079,3.431600378476383,3.8214624562732036,3.007999357918194
4.55525659315546,4.5549461913737685,4.893119928065681,4.804948407001381
4.810111722061533,4.6501466202143416,4.241451216171024,4.377782717155917
4.268556769783216,4.702371641854509,4.447454086370987,4.722074133473593
3.511409463590441,4.479416180503197,4.463238637243749,3.7686964025532785
4.2851157949741365,4.0790004420817105,4.9070414656801375,4.073399306772201
4.418286586192531,4.2025056964519925,4.042569622619008,3.716864120570203
3.87011900527556,3.935488048029999,4.660042085049516,2.697652574247587
4.559794760069229,4.083366228668758,4.77797636196177,3.8253866903524023
4.801277857640417,5.171647187320314,4.693415710977061,5.20831415424893
4.257344473667247,4.051585208924488,4.597230520934667,4.200642662476411
5.753208387100547,4.985856127458065,4.645964951267244,4.5451158372391465
4.794337594470756,4.741178196920526,4.848922220426143,4.196031014071094
5.088914338133133,4.7506083288483,4.383505778852118,4.333108037877383
3.547855381699877,4.807364460124421,4.284927021742527,4.7501233600719175
5.070362854938038,4.8475829153276075,5.497478456007332,4.748197740662519
4.8544916132481575,4.231243310547161,5.071474952036441,4.26300969654234
4.134291385349569,3.4332866972757743,4.699278941656319,3.164018075216235
3.936310159707074,4.8312874351186545,3.978863584498646,4.57049918073303
4.274921966655667,4.57763002400124,4.425103775175082,4.665039900962222
4.655202093965712,4.492357444904389,5.064694218162477,4.2185939044508265
3.75429759951351,4.077155996242708,4.173508061558735,2.8796203984918236
5.5161063286628265,4.947812080737961,4.335071929611182,4.682664268670861
4.357586487376526,4.663245498998928,5.231011392446216,4.771362324553948
5.851398227064361,4.934579301622426,4.703607426012309,5.265435725983295
5.541413391674538,4.894316096033176,4.195008201919571,4.825062989354505
5.369937193567529,4.59839808467525,4.930184541377042,4.7727268255196735
5.100756733817154,5.569905776908877,3.9573206779637977,4.946212683299486
5.1239824025037946,4.866176079606416,4.724402726924895,4.907765276850416
5.116336951465051,4.681289672187086,4.739557586062011,4.830195834040021
5.019779288317528,4.859947991620354,4.004721487996449,4.750950639272387
4.87227251250761,4.504773254358776,4.613323516443942,3.5177765268328325
5.601852801505636,5.062289883765879,3.9673682016148573,5.199635193131011
4.1695969687204615,4.057121066165678,4.5358962763351025,3.755776695336196
4.892675219650851,4.905391662917531,4.651455272601151,4.45093060961794
5.3856427299207885,5.054562411749021,4.658735496670032,4.919954845393518
4.780230563143205,4.127795532208917,4.5984294094805005,4.045182637140343
3.639514859082405,4.053196753880391,4.8665902316779475,4.811260005879379
5.0344362595259575,5.4689964976186,5.20870779683506,5.574192110272824
5.2825048208286685,5.439470447164491,5.02695389248669,5.225597021207816
4.0595770808140905,4.301912209206439,4.85267023079122,3.691041621423448
3.994606828607908,4.127552163138629,4.76658708780411,3.5646119268750285
5.204139002526055,4.829048878481873,4.837962566073597,4.546999749934209
4.658405968330041,5.131738149461846,4.606715680698784,5.128520026933836
5.377638315912993,4.445616205861861,3.7018054435401813,3.361339299613023
5.405117592863191,5.006550435693001,4.6618760144080795,5.142990237672937
4.835688623026794,4.668024079396549,5.026237227771531,3.8903497399115303
5.1941220131183465,5.446529632992867,3.882622546462246,5.032456920564512
5.390784528842807,5.260877862064797,4.155734359699479,3.9823076370670383
4.803081958694518,4.86843775146152,5.58338608186345,5.111864494361444
3.8593078632668956,4.477088224402881,4.466000740688132,4.185098322528548
4.051932933779751,4.184717728508984,4.172580865808638,4.066712503938536
4.478844172749883,5.59710550705883,4.966723169331854,5.169460540847469
5.032640224280335,4.996686182314514,4.672228122601116,4.925947198836815
4.037864921533955,4.718882334232702,4.239155273473683,4.453448567915898
5.01927433667143,5.012957723352575,5.2906650448205115,4.835191235753124
4.125171647213107,4.453963439887022,4.48906469805949,3.93692847332791
4.600227462844371,3.9435056551367493,4.452589005877655,3.3843475689841767
5.658902663230833,4.237017089172632,4.598895153465917,3.385757476067461
4.0330206322827635,4.255347425568073,4.505378194984647,3.8565285843418273
4.334033845636025,4.807016721772831,4.557791067449776,4.538588659478933
5.5939261956227835,4.631789064601087,4.432886102022003,4.55720473518165
3.9789554615674914,4.338934294583145,4.548636428421234,3.801613192127559
5.193053736418293,4.659680554415399,4.352788760539728,4.329763110062488
4.891246568454422,4.83198235985576,3.909877491811483,4.219517664632015
5.221139572638547,5.79882637312203,5.142998076853611,5.316814964261729
4.5532934040683095,3.469863017691866,4.507561455201584,2.479107371515474
4.779782698082391,4.525331171044792,5.116177084962689,3.7429752669281844
4.956206530911054,3.6858414064168588,4.266631658808175,2.545830239224827
3.1548488066235443,4.210616064145093,4.91073928357836,4.098521384672143
4.41261284537414,4.242267017593468,4.642177338507734,3.5002464483602687
4.458927927375873,4.8552338494054945,3.821444598317695,4.33058081649224
3.979860547476551,4.548475636752782,4.71868030411173,3.7926622290115675
4.57288069018967,4.667618237393843,4.820018301315952,4.349193195626265
5.215083688847328,4.775786859321629,4.61146423482489,4.592694745511309
4.580212023330775,4.583217112554308,5.059862698247326,4.521655163992074
4.765800447157919,4.576227682410668,5.149402084115735,4.346544119634392
4.528275935521854,4.594094645267841,4.891538852688793,4.313045412215616
4.299246302373567,5.11147527621426,3.8533309817688504,4.983646349641839
5.542720131721061,4.88883356656671,4.541541325123733,4.6666435469471725
4.3822075426818845,4.229132063704735,4.650675178285235,4.510938740097115
5.361349956414652,4.4571328464389985,4.905680185695512,4.215069075492986
5.422093550026139,4.80722310525003,4.562885694923765,5.17973444936863
4.281249005056721,4.5941603294855815,4.845165719878217,4.532128471643542
4.084394009771778,4.333829469628957,4.620376122863067,4.7254301338937745
5.115190302899051,4.389025187483073,5.098541677629072,4.121846938124297
4.78631701488141,5.348014854446938,4.673400677058005,4.93695408970094
4.818199366572121,4.6735842390709985,4.7547255800965615,4.104130415387044
3.7310867593975092,4.149985791613301,4.803052896713833,3.9549255959160914
4.585164681439073,4.51646574302238,4.284783280619513,3.7064914174645764
4.736602053960527,4.056359719272397,5.078965514828139,3.7497028194643707
4.362407937326433,4.522316531467291,4.553368135822349,4.955076917981128
4.372762885234675,4.137257342889411,4.448085963575569,3.5802612675117986
5.730207295702034,5.242887460916708,4.676927468938826,5.446238744259842
4.507431058319627,4.69478405938466,4.925715710742353,4.584808705836542
5.605892898508114,5.185953832491424,5.199240772642231,5.373978807652385
4.723069211351288,4.772993896022827,4.53967092124865,4.164785289399577
4.845255581622614,4.873586480754737,4.910211453462992,4.865418958426706
2.8157028109131996,3.720518935038017,4.4620975727901895,3.372130548884829
4.753938496326176,5.468575929946503,4.829210234601444,5.665815765629424
3.9824951083919373,3.798636357744132,4.364887140164224,3.1684359868397247
4.197546736999129,4.903905595979722,4.47285523325487,4.9005091039221
5.004681718270451,4.891617906518705,3.806316407323389,5.290328754242897
4.728974916984027,4.030720501711077,4.695404996673266,3.046514790072016
5.419006240116213,4.910433379373885,4.2458485913517805,4.496286149428052
4.990766514285992,5.152656210689672,4.557739059994348,4.74817201360366
4.345123417798569,4.804151033062698,4.777138484087143,4.7555655989295085
4.652039693829695,4.521845526627874,5.052241787376563,4.70697370654455
4.772773670535908,4.112859498757738,4.53962766792516,4.116472298923553
3.557066609090392,3.8715438005043277,4.925483986502353,2.8530204932629735
4.369473754781482,4.220249072378592,4.846289858618668,4.3392083532704095
3.753290785208096,3.3873211147180724,4.91276145950593,2.877537076989083
3.2857570463254735,3.3692038616603592,4.689492836549943,2.184117374068666
4.01785421171312,3.473299335760227,4.722426845397521,2.6121942235337468
5.056714848776123,4.564288205231452,5.209439326527996,4.494941042645089
4.6241462309378285,4.123951474268614,4.934771073804642,3.366086600508625
4.445477355306499,4.006256689027842,4.556407736989918,3.7265332889141134
4.770804583772908,4.2200613349030895,4.77367623823838,4.006659267627426
4.509216086271025,3.986841797892665,4.660888305830887,3.275537556495329
4.673239239215965,4.341231198890141,4.698232590474117,3.9940607343079013
4.840260028798691,4.816303333040124,5.0082386833734605,4.90339383802168
4.240806133784804,4.376490173218617,4.713290326696982,4.162691552564466
4.814350869564164,4.45501534437105,4.700827935644198,4.617409662626227
5.767081934589246,4.888212614969389,4.752389111068163,4.510613848345708
5.0789950010830935,4.712881157409098,4.718004672373452,4.6743934173537065
4.2216198135000305,3.7705579320650644,4.5824446441198905,2.6743685520162646
4.511781812827865,4.921090469453315,4.025993652443808,4.361934184728256
5.139117479759278,4.286424353742714,4.8301937648258715,3.7622651195446757
4.5962083633543935,4.414334739327519,4.494606922310868,3.6232796622569214
5.146988786006665,4.559564039128694,5.374654460399058,5.111245697207789
2.6880830248527015,3.2242707455653092,4.334326137861173,2.467326557833667
5.1523396739357326,4.213338012993418,4.26221189959202,3.789220453285346
3.5671171477313366,4.320666435363199,4.63744032071096,4.22149793251736
4.862878670848358,4.922715214869744,4.234752803482201,4.882415955613805
4.303571360167035,4.223611932692215,4.987357970615582,4.077569563092427
4.177105603633802,4.1048639047492035,4.991957556576434,3.504695581750026
5.414032226737131,5.347401525634832,4.282041304507457,4.897324224572823
3.9974613193075914,4.49895953751165,4.2727907522162365,4.4540683559892935
4.515327366086309,4.557935516535953,5.225148077311809,4.013603198983593
4.95446808442877,4.497311436765956,4.956839117327241,4.233313870223127
3.1074059615596243,3.3811835774033323,4.6871365386778185,2.556662353599377
4.797691049472655,4.427696624204267,4.486564952515836,3.7666115608622865
4.062528069669311,3.694763322503022,4.532669323323777,2.850550337886503
4.514157432506095,4.6795627339537385,3.4052423307824706,4.864180337223123
4.991945494962821,4.956149851879447,4.497534538456359,4.626901934297311
4.7431272513452924,5.255860241238864,3.9994833224153488,4.91920569756345
4.731051221922455,3.9162557674748766,4.618065517691051,2.955350609092322
4.654649892339023,4.364489395345567,4.183094874438004,4.576714413193962
4.567165894635889,5.0003843948062405,3.630528557069695,4.543473529425206
5.923687449762441,5.22029274410892,3.750554740010702,4.923587373637854
4.069463700462258,4.161296829175367,4.5103691629584075,3.5770373636321566
4.589277739292986,4.768375580901799,4.620934821497127,4.6610678098159495
3.939165949026388,3.918455392971066,5.177470557470738,3.751604761316409
5.100629632032345,4.355778791867169,4.680022096108628,3.3802153119386333
4.598565746094175,4.414814327553331,4.5654184179137305,4.323584908882645
4.412472583405991,5.468964925925922,3.3786097733844946,4.97290906058227
5.210902785217017,4.237678041019636,4.936342422075303,3.5440577205241555
4.380744905712384,4.934026637109196,5.109463701906776,4.561268091901627
4.743397198756044,3.683065062402597,4.502883659327065,3.2583901174968664
4.368907475202665,5.275804633030569,4.034827061796929,5.069753672294552
4.158202054293257,3.919834575310996,4.918471250622134,3.53692502377887
4.56039466527921,4.872085820470468,4.783503460044921,4.890705488148712
4.813405433316209,4.015593119003052,4.691090121248439,3.596834005905384
4.396657682931456,4.010330512907989,4.91696741948974,3.870661027995002
5.196636138685908,4.895099680599484,4.862884425637272,4.542366334250753
4.15391362106684,4.716072001375209,4.501028703107403,4.205059255830907
4.631680132255234,4.032041817257192,4.399306348279498,3.9834316719476335
4.662076382462738,4.763895548357006,4.347614784923868,4.323305017333905
5.239753990358911,4.46052561320547,4.934983678373344,4.451305975080949
5.645294355839676,4.365688532240628,4.694803177886342,4.068156518546399
4.54475727192398,4.034332790202208,4.4289494219441154,3.5477006285093213
4.859051675829629,4.482533540811387,5.159397887712532,3.962033775769513
5.204180807747793,4.969081350314362,5.109120670001339,4.287995482003731
4.239884183797149,3.379905204656664,4.708581721007587,2.763802274552576
5.152715220614625,4.644386654224356,3.896205927621308,3.1387178137736367
3.172683230215258,3.8135061197193676,4.222181434223367,2.7971973000925385
3.9825946489602755,4.893308128929795,4.730711903151412,4.427672870615837
4.409331221987727,4.7438457764247275,4.871932215015673,4.021528273090896
5.126263331726426,4.945228125620431,3.343265043907275,4.635204997260743
4.526761815210465,4.352927895860584,4.265974755524862,3.9373139131450006
3.243549861527247,3.5402855084186893,4.588604341453176,2.8154116426351585
4.254391798373999,3.291230945215727,4.186556056763208,2.220883777930387
3.8074733119638555,3.902113273070911,4.6864296646957815,3.675554686575635
4.558884850557214,4.16490221423416,4.732635893936718,3.589442209042793
4.461790796285838,4.5391399890461654,4.684305651080675,4.446947514698564
4.356065029403425,3.7659106747557285,4.715761502222197,2.4605749390913125
4.524629862075423,5.059957791229763,4.989679946420778,4.018689215922994
5.097175136573162,4.559661271206901,4.5041840795102965,4.008546035595533
4.281917042940658,4.149432024374421,4.84344910366439,3.9966873912949614
5.791488738899412,5.677698643331759,5.816546979858966,5.643111043976949
3.646578184576025,3.3079095560941516,4.359770773454624,3.3514301922187357
5.065707878032944,4.90888585780353,4.49326724729595,4.894238100482786
3.456450855327625,3.8790755518516353,4.51910497802329,3.1882509887494725
4.865656027788073,4.034097224967843,4.632649218193018,4.441345604531328
3.669726793813552,3.451040062332483,4.470959282457737,3.3672390049481025
5.474151665763263,4.900696391262895,4.353771003831677,4.470352789524226
4.509307906878614,4.325796267650836,4.653597546403886,4.107098818286325
5.40618289736849,4.8178540047847465,4.402023990245481,4.864578737801072
4.078536307161889,3.968630571772248,4.681350033019732,3.101674377221791
5.5765589413793615,5.640351421621889,3.5501863388724924,5.419885872749709
3.9510134313800784,3.7268852088959177,4.3864138989358965,2.6345872182261085
3.787906562528978,4.42962691519278,4.380422379268945,4.417790221719626
3.764247955665437,4.047731759062836,4.794584791072565,3.787462746579571
4.449082997466978,4.513817393077025,4.619418217930671,4.4155837786360355
4.068095129008614,3.3026768414952055,4.566449259100147,2.3695095950998115
5.417569056407958,4.994249554629259,4.847330151871647,5.249851911847668
4.802951916743018,4.099706578911595,4.852803617476098,3.7604196260847007
4.340285282092606,4.152919815899364,4.774311829689683,3.7687645865732415
4.245069623623847,4.267084604344497,4.32576481554049,3.373868075788907
4.315119952508327,4.247318590681139,4.793467696052777,3.766776016712381
4.780104987227425,4.7607144563552,4.317241300357069,4.974748724638588
4.060919377263885,5.389014160053379,4.503342212896455,5.035641921937929
4.119732297428013,5.435023200220325,4.354788157561463,5.276589654633728
4.121618160396401,3.8792833309999457,4.7902462142796285,3.3975515047774447
5.050227145436367,5.031897681652814,4.94140661778625,4.669591652411058
4.310852231076398,4.221607596394385,4.423944258061766,3.5007481134040974
4.66363740852963,4.698019897228714,5.05410206204565,3.9966363987418787
4.948611784516919,4.410088436034457,5.076434561127746,4.418287298864499
4.90862930804018,4.7091011160575755,4.416231666120082,4.620127343548128
3.2769427595423077,3.2946839539380997,4.378424158780691,2.3259435906943025
4.74435366216131,4.438977018036098,4.875659342047242,4.060812298320885
4.671459363089853,3.7486278579390353,4.898418036791238,2.8681339474776024
4.690533654665457,3.479837406760943,4.980626089869764,3.667565827213062
5.876008035709203,5.337391314557386,5.546670408726288,6.012213820830453
4.440055680475071,4.84880237908012,4.838928892009121,4.748955149349378
4.626876222528506,4.445591159838659,4.656160248887509,4.56197330697155
4.03990035553397,3.5186272413606603,4.748646531486359,3.264907900827462
4.090530752815285,5.140415305525427,4.851816179058525,5.070755927306392
5.396869288773947,5.30883013973199,4.650107885214789,4.763688595925059
4.514237781710435,4.456376578796039,4.4930292373760805,3.50402619985083
4.096005776839748,4.237152463423483,4.911114982500644,3.927820039147862
4.909525145130986,4.209615803228887,4.6086404914924755,4.01181923239669
5.519673706198818,4.913785003696878,3.571866695362823,5.2341249761998725
5.443852906661993,4.938885045005817,4.864419127193266,5.394470018580742
4.649652022597388,5.369554214810468,3.996106114263489,4.953495445566285
4.638517014265381,3.946269099331346,4.178837375421967,3.0606499956215227
5.641767880343657,5.088897405546601,4.707641391929155,4.5840884763225045
5.452200121967016,4.396900920092587,4.536140918342917,4.375203923912454
4.796736444899743,4.969612996208398,5.269110214983273,5.160472386383359
5.761490104987992,5.334612057697566,4.6112521920104435,5.544444484638192
5.542324461294198,5.3811932831970894,4.406140186605473,4.917075773391792
4.6644570720713965,4.986316235214103,4.222234326221875,5.156569902603157
5.179641193962565,4.761819299122747,5.012379140413074,5.135839180695173
4.066422597881318,5.548033049006921,4.20750513458945,5.607931088549437
4.340130761598531,3.190708842762566,4.730655220559472,3.06474361721017
4.503026401883565,4.604734799091358,4.807959202931687,4.654075831805533
3.7214909962561378,4.492452747392366,4.177750749339808,4.637910995355106
5.6802401045747475,5.419739059854867,4.570600862161998,5.625501231016775
4.814058977974463,4.3742939030238475,4.1261442837152575,3.2465665017606686
5.9521571451865976,5.833914149047233,6.166306546505533,6.008868242147224
4.628865415796454,5.39157650429755,3.8947143912430007,4.952880498858055
5.53669919736146,5.024850343632974,4.551145469608095,4.264395574610382
4.923715227498037,4.8846197177329485,3.9554356725893904,4.5758396301522275
5.575301127090805,5.351419081992819,4.245343216463371,5.059199236913225
4.612591022544437,4.483242775871634,5.074075962801567,4.652870931426853
4.672879647345482,4.667805593647093,5.197957312714128,4.740402314917487
4.009835322519623,4.020516195083462,4.624460637648418,3.1596294907224114
5.409425973512706,5.0421985919043895,4.623123129707434,4.602445442808463
4.781904843586045,5.520488694807909,3.1675564092891646,5.374056688779033
4.656088699149046,5.326789430848855,4.921764724843985,5.433012969120163
5.1562367351057805,4.596631602679951,4.423345087804093,4.161711486609444
4.635091978716168,5.149422223426595,3.95795682047318,4.781081726427702
4.935467012035621,4.89204879886556,5.070283942897765,4.74781595670797
5.149070236787684,4.786316378361469,4.407934588249495,4.2875190895901545
4.99105470576733,4.871234648354275,4.632550644547878,5.079873298963561
3.290324251496247,3.027870082432043,4.504570367508431,2.4974547511270937
5.045744188064674,5.425480863731928,4.673080933240514,5.301667342985812
4.698729879380351,4.666539378581905,4.475237003389819,4.414488088098211
5.112869986556262,4.498255451382904,4.294364000563886,4.0530999175848255
4.9972253232201265,4.3607706054330215,4.799574296424714,4.486263338700564
5.067613593042496,5.041093633382158,4.610922316098906,4.995433586786846
4.457386833485393,4.3877470876723645,4.837162878083929,4.114648695458722
4.987645193722219,4.398655098200068,4.137298273960808,3.7088359434159943
4.550108286910826,4.6617632785706675,3.875859557149823,4.319645000629926
4.925578648217372,4.829456416701837,5.097310514298302,5.469623563762196
4.962545199548379,4.280578325794443,4.816833674365632,4.609309377376493
4.933031218006765,4.314958401830039,4.559209172743805,4.384353559198145
4.542224044610988,4.73536273203432,4.892935834321814,4.703352458847336
5.217904164953478,5.162840097680696,4.818993552711187,5.117713756944131
5.0652033821951195,4.669534376639736,4.596955801428916,4.6198794649932085
5.4129368009435606,5.101400502180469,4.644980703792847,5.305606373409534
5.221231555674157,4.991153361049441,5.592546355773946,5.394615434583049
4.977180027938207,4.761073121010336,4.270281289434303,4.411738414075922
3.9627526090535845,3.7220559821275656,4.54274223292959,3.477063542172367
4.828471057995804,4.966560147735415,5.035348932186936,5.006235625625047
4.448249851716688,4.604542566678223,4.3957832522661215,4.317380076002599
4.571442084381875,4.237877003222167,4.933015856848181,2.6556301857424476
4.810770114068289,4.596224787276859,5.256352365509628,4.627025272194925
5.090532585835499,4.773827825449662,4.730458701516739,4.795236704296822
4.519789885368707,3.783582198213375,4.422562620039126,3.4532378839986655
5.138626761850086,4.793977132198749,4.322901939312261,4.1681861039174075
4.381457883290687,5.599933824076852,3.894451656269117,5.448793086356678
4.4829491780981865,4.2760700879651505,4.539566298748145,3.4749179568345183
3.373366358811622,4.094603481826737,4.59626602150413,3.754667596256454
5.025736146410224,4.209663757687571,4.5303736499446305,4.05081157089545
3.8363155710498495,4.36202117151633,4.748054724702951,4.264608805939472
5.310350882780857,4.709855331543164,4.080937633767445,4.892735695192098
3.7514764769192204,3.5684268734813394,4.047895141624507,2.2541919962207784
5.090210138385788,5.636410697691515,4.189761809994016,5.848833063984738
4.730026552419645,4.9745331277511315,4.214074325218017,5.220449330390566
5.326555552094107,4.367390337003899,4.3213803178182335,3.7287969995642496
4.636228235171709,4.854580996777967,3.3384039040054105,5.24449277033963
5.075874591353024,4.78705141911558,4.322738285217558,3.7809697689215973
4.903974542023913,4.359788782312388,5.6040295879305155,4.400804761099747
5.7728523138664,5.352552639388828,5.538061728950547,5.774877507717586
4.895330223156659,4.642139974429605,5.023432289641144,4.152951524544086
4.188257418993108,4.101557318070271,4.78217971669315,4.00564933074155
4.81694506956294,3.717731973714712,4.914211887854733,3.788765263142483
5.141546562280408,5.36017285150154,5.456926095052983,5.555770763899702
5.091482746573619,4.940895330323785,4.553693805376564,5.220669051569346
5.1101214238642925,4.608637555462805,4.372133362251842,4.316709561247171
4.288361055957166,5.373334433076043,3.4216947492692986,5.149570162413741
4.403058138232401,4.914299098972824,4.618835227887011,4.681810127770143
3.700458643427619,3.9782854781659074,4.778065657356755,3.672884293719515
4.503276828405033,4.657096012256479,4.49399190446057,4.475534968216026
4.119766848062498,3.409452124656734,4.606596652091217,2.437362222299413
4.667003544371003,5.497513159771211,4.408018382283754,5.256371181060808
4.341304155665915,4.6976479690521415,4.249431283119315,4.009127236283154
4.650218289778803,5.145589938197193,4.3361566570123635,5.098724632174425
4.441892920915615,4.420344224911723,4.997818162201511,4.238985408080998
3.6316893193081157,3.8167823982839004,3.6875356760292135,3.742621990621109
2.749719389287328,3.7273981363846462,4.4821939041404395,2.6491138780173054
3.7307247108503234,3.4421068742896144,4.384775974044016,2.520415316212648
3.8449563045972597,4.0828746630558,4.795241530245281,3.50339018316463
4.751667309605347,5.312063582470127,4.718406445675806,5.340462760371728
4.600597160500663,4.824471938566831,4.778523352905598,4.664099532373342
6.024460311173331,5.827734978785436,5.170180580232662,5.810495611691921
4.723228024437268,4.556439749375433,3.6264320465005557,4.8031793636839595
4.524119789365278,4.146200644929752,5.078287958699869,4.141887850387686
4.40207963164271,4.075127496856416,4.971629412359842,3.5683829858136504
3.824532914136358,3.3191138200771375,4.573558577945513,2.590938976398853
4.191062935382133,5.038166099952897,4.647931352110843,4.9942555400746675
5.096104421113321,5.040624879270204,4.5439867115602,4.413557944513001
5.073198889147778,5.048004063998354,5.03155105646363,5.396785419185759
4.033137860571329,4.766902530309915,4.600140846129625,4.677238731530901
5.163719006162348,4.4698323694402795,4.687320925509306,4.864084858329074
4.843357097879356,5.332007137238596,4.9839824465366815,5.3052427720724324
4.136525789079537,3.8284329173853364,4.983421799098065,3.7389971181298196
5.815823069073524,4.4144820654436385,4.655780708022843,4.717673381456781
4.6836937545878765,4.078445811626658,4.450155174309022,4.152652804778717
4.159885149606102,3.533323139519008,4.424305395502755,3.0310966751867796
3.9510785017604007,5.214224581965297,4.213198934400018,4.811280938560525
5.623309613189225,4.500647252005527,4.668817382731954,3.1777210654396333
5.704072603284754,5.042653130548296,3.9394867472576225,4.578925677218791
5.394604506964379,4.967896751428758,4.3595161147950545,4.844377717143453
5.803942134091797,4.8905996202415265,4.3524428594187015,4.3043295775356745
5.673498596102296,4.874604746233077,4.942975306673096,5.211021289664405
3.8952692743715716,4.575155925860686,4.286186466748563,3.93622609349732
5.903137640676222,5.3880555452896735,3.9728628891573776,5.0435745418718705
4.894814473285838,4.39650632497752,4.653695129765268,3.841955644063463
4.981458259058371,4.76842194273971,5.061220357030587,4.382562431166027
5.564569586316288,4.983796274073151,5.222933000433892,4.896581068373375
5.929482770763438,5.5361412298947155,4.1979208555243614,4.9022170927124975
4.795794730472496,4.786234201842854,5.480908959873927,4.3981843548000406
5.590268493970309,4.239331554747696,4.786065564897091,4.098146523922432
5.6174567624524405,4.8485419649174215,4.179368695862491,5.182505420387763
4.528853743227224,5.272711958421001,3.4212765197708537,5.334491697135218
3.5384451074540895,4.4637556031125865,5.0632915871128255,3.279586694704512
5.25960154449257,4.829324439064843,4.2306605788357015,4.717955394286982
4.513682852548968,4.479674229545082,4.785793296270423,4.553750005958418
5.428186923758727,5.168425404537726,4.56499980268869,4.630467710422542
4.953948122334779,5.209742531649586,4.914706785620644,4.86868058737895
4.065155344160597,5.033572877231548,4.59186869127847,4.082188016283463
5.565493334521468,5.137721589649351,4.79879782438256,5.425324154079067
4.9073479812068594,4.509512591322853,4.935816942651339,4.517821899165395
4.598459578972191,4.471645865272022,4.354201188390669,4.3123719655773085
5.158816151432654,4.529168738526912,4.2960863494155905,3.8003174990864026
5.098553419192037,5.78963543496534,5.314560891657566,5.655397421535672
3.7792161957991066,3.5442618607758947,4.645452473670596,3.0712639998204563
5.492158866996999,4.930190472255043,4.719955603700815,4.518430203879521
4.817736540947835,5.033060452190444,3.6875462445732063,4.8656643982016465
4.206920926261486,4.31488325404233,4.652811012453897,3.8768312636113564
4.53866560509327,4.948620251648562,4.539816470970919,4.403413327654317
4.683956231596173,4.389473532358535,4.540299973748605,4.155135146172373
4.754815209654569,4.860182601311277,4.678930889749901,4.465632975322073
4.558565667004336,4.717626730506472,4.653422474036614,4.362848394666696
5.3404360092043754,5.315853137522862,4.875370388977461,5.374280299220331
5.940695068636513,5.080646421511429,4.630134335620296,5.172460893609221
5.93394631355556,5.437453766407919,4.868023289684026,5.324938028039951
4.678470644505086,4.824665143260379,4.430195972728661,4.392399688562139
4.772902541576322,4.699930097080827,4.9221371036647525,4.431256672687722
5.773338079747143,4.798844024031182,4.5661249325345645,4.29922898548188
4.759962801597978,4.867164269809023,4.697697412724275,4.465361680286177
4.81016084016497,5.366168549515757,4.153408208082465,5.443661429551623
4.301465913473194,5.125845850045084,4.440803201245986,4.996262249706329
5.372143956084763,4.686315904674461,4.69298895122286,4.671247355255708
4.141174963415766,4.414917870060968,4.637470869171409,3.6225862346066062
4.940087020274946,4.746362165526633,4.747282474294387,4.300145939819827
5.614072851181599,5.469213252578077,4.422748236101186,5.0628597968913756
5.194767388042763,4.841300735848748,4.826475548218644,4.664184042455533
5.0968028788697035,4.830907908022184,5.541426175179494,4.795639840186392
4.720248342876756,4.937600111352421,4.637611753502578,4.927502194048937
5.080789272601867,5.0983325369289485,5.323013512354079,4.8711477623488415
5.259818325252096,4.562096331528619,4.47453848345254,4.345856561550829
4.915609722952306,4.211502389585526,4.8882029562534335,3.833460756516231
3.714469166648189,4.699256203088346,4.563302774881117,4.501818022920853
5.316970893815386,5.136319233570193,4.725669233851552,4.804545226491157
4.470581989572705,4.055947242765318,5.036237589609676,3.970100385504913
4.597944821130762,5.088451138186248,5.271417632496453,4.919136386966291
5.251673976300932,4.926027171510254,4.891040563398048,4.874338577505993
4.688949035619337,4.4732140412067825,4.584787276149013,4.043076877472679
4.649143734511617,5.079796479506928,4.679031589538001,4.986330394140968
4.32925036898154,4.714100503331373,4.760048044263002,4.5949758772030105
4.373932881613907,4.9440141589911235,3.9380110360590845,4.447745398272316
4.186381459719245,4.348033264459543,4.887928233800708,3.203336243899405
4.512060725686634,4.303714361721457,4.466371904309588,3.757408357036618
4.378229614203351,4.405547888767688,4.571886417543793,4.1041876823290755
4.977349215301636,4.28248808928946,4.652083198195149,3.9891891282051404
4.717402790736765,3.7032533010976234,4.870110466009299,3.9460796295145943
4.08407407502213,4.881688059080977,4.7377327701416565,4.269095596836756
5.796301788403328,4.573891580090458,4.599272529020487,4.365361067387146
4.505252788913814,4.681927985833849,4.998272686815563,4.037183398555462
4.788851691628209,4.548166556244303,4.805025021124354,4.192990490170224
5.358911423708706,4.236540801057901,4.373376004952673,4.181176706259552
3.814252554038269,4.666665107476467,4.70719187504365,4.511399155493383
5.625316156181645,5.065674131891625,3.7733281812132953,4.764283759089109
4.27520364173396,4.635303407471766,4.945278798780195,4.811775409274486
5.265859587477308,4.997293767278895,4.670326910275275,5.159612846577768
4.319322781949424,4.916380475755064,4.477333431692945,4.464567866045338
4.437414166192391,4.411023083843574,3.8523930339205004,3.8688249216535326
4.495278039315286,4.468124017155052,5.015953950792311,5.055755843429176
5.572956278494344,5.068685845031617,4.9392067508207,4.921095716714791
4.656290784625661,4.583391433779608,4.465715397798417,4.0608506188647455
5.247372376953984,4.773132545113718,4.012202398524554,4.654155137383763
5.437401173739973,4.570441777262561,4.783497083957713,4.513785370629712
4.827035507305175,4.485152082567224,4.51796254590128,4.430682607390257
5.302703455548878,4.569574975609712,4.867873306373286,4.171529271070387
4.88629554028451,4.106365108341183,4.765103077793809,3.643714114872222
5.438485045349027,4.78853594303057,4.748924157762858,4.620582266050523
5.160023947252266,5.135000375009201,4.894220503990168,4.9202868170803695
4.982661390418272,4.623680776165663,5.224539594370233,4.412203865525408
4.530818569822068,5.038944309126051,5.006493927771633,4.59582160940331
4.910997831513773,5.1465855880523055,4.884409073209936,5.306003690006442
4.609536177460144,3.7348708707725873,4.607769327201781,3.444319712045281
4.4085627259491345,3.5176054037610425,4.0625064589628295,3.0167716577557173
5.2712961010561905,4.9799351781780405,4.8461723288287715,5.336728252902823
5.0400356122414465,4.076238391700965,4.950642013117478,3.4394115007871644
4.873114070087293,5.673648489506403,5.256271245290414,5.4132730499157775
5.273899477500699,4.422087600286777,4.807017749942119,3.989090365273613
5.072807758773702,4.031646946359775,4.62005800771594,3.081546118114911
4.799185463428821,5.340392802753386,4.552757707973772,4.700114306473308
5.012916918367245,4.499197998690615,4.7998767984747195,4.369495248205027
5.022058429108699,4.137232206119882,4.706750567706325,4.051768711162689
4.775631126062149,4.910238349082862,4.7783115599899135,4.792183094788532
5.347852299034552,4.8715210264080255,4.4754208653029375,4.730270094833994
5.261315789940276,4.1330122633374575,4.066992870571024,3.562822621200911
5.773303573074353,5.363772332622694,5.441498045875935,5.390681398273623
5.477857367729053,5.134591018984395,5.43528408495083,4.8758742141330185
3.776312920054193,4.261037527002308,4.523706849389931,4.392984458897137
6.119923316225611,4.832035183081029,4.969606289733133,5.606970268597198
4.679490830024373,5.304488088334202,5.002065631971857,4.685665810933886
4.879484093990352,4.605692784107806,5.2299239602647445,4.185721409096827
4.420260488637762,4.683851113801953,3.7392838929294325,4.781871138662165
5.366937693743137,4.696584993651154,4.619567134003336,4.7962743401940005
4.827112427592653,4.698088728080224,4.826477524960675,5.065948848418444
5.465028762620761,4.867774204184643,4.715260058527991,5.070766197091018
4.6120041222548425,4.255979743763093,4.994697286118293,3.4384658930368723
4.0576185167112335,5.224918483303074,4.888473121359046,4.9838081068554745
4.884307710880581,4.565166091571749,4.756047210733616,4.079583033314687
5.412998027007087,5.39204862303027,4.832992133731314,5.18099887367017
4.025880116920337,5.275870011367505,4.5196243217954795,5.382215920451369
4.5066245904382685,4.562711545545955,4.296234412545904,4.118958116180009
4.2713586514296225,4.118634665903109,5.0760864022340275,3.6472339840411068
4.926259830472376,3.8805614288867463,3.79357038225076,3.186590613447563
5.139698033610948,4.7154784424579725,4.68749597975692,4.948983969233055
4.805645030719166,4.260478322084649,4.455503520650376,3.67924437012463
5.471899886907387,4.986762681076911,4.968156384974827,4.87602333091525
5.140357023666631,5.03917647776756,4.647723865258302,4.327718556682364
5.065124475835794,5.041444956226511,4.623147225809714,4.83318867296372
5.821043915654719,4.618929875005232,4.517353601763589,3.6704438314438477
4.514329438889127,5.033438984734701,4.731405403893073,4.944494616045257
5.339533566975917,4.737708560944126,4.943299175292994,5.147227965869233
5.00735993385774,4.5332672411856345,4.8571372142127185,4.408597364889714
5.6109816617509605,5.054588268108289,5.405151778735272,5.576816739745311
4.487714498651222,4.538270808555204,4.150888803599525,4.244201835251461
4.942340536438669,4.822518176030462,4.1629739915008095,4.760412509587432
5.788859404975432,5.328373441553943,4.8472998983897595,5.456707114804393
4.718013343047737,4.639146384819693,4.4244008591619135,3.874424649491539
4.410237582392058,5.0215836842444945,4.031076031978718,4.795441091321935
5.041757302367748,5.350193257680998,4.17925556601079,5.292027252339083
4.449418789520928,4.342519788051743,4.39990095745348,4.583954453753289
5.3056172037799385,4.610980389615513,5.348376107524368,4.741664984269687
5.049036329624545,5.327501300045758,4.909997701607072,4.949866006827623
4.416499326279776,4.560721934167512,5.224272730980472,3.9788398214647196
4.602695778531982,4.379175220626024,4.42265839510795,3.8160437566348193
4.831393627545555,4.041274496896582,4.570148919914841,2.228357135875829
4.633160896438883,4.693623694341268,4.649570195121741,4.414225352943451
3.8285609559042735,4.01637931541518,4.69571995174735,4.041217635402419
5.0492987078431195,4.872479170046194,4.606292000942417,4.551368533284157
4.6998835731893385,4.4631146310682945,4.966250785722696,4.474601253072902
5.00732343239813,4.67963490466291,4.482462944010035,4.511083346814941
4.667235708683365,5.020941907563921,4.511060593829183,4.485798566864271
5.0495188047613375,5.122673335500007,4.941584792135195,4.792854739429932
5.275585258043978,4.885565348004754,5.090902289309783,4.515517371585259
4.345733503427974,4.134391914347292,4.533765641158715,3.2349158019985222
4.5115657275583,4.60580594107833,5.00939936380278,4.392175649141978
4.8665071641320825,4.596949598588634,4.558562862975458,4.531927910534472
5.370268963156128,5.120909484902224,4.728250877726967,5.192037641852478
5.5531571836848554,5.352346063507788,4.179452747815327,5.320708393486033
5.268054543966985,5.416287947131752,4.422927962372249,5.013156136237429
4.5951421429082275,5.346965877492441,5.149883340815381,5.773593282159129
5.187606082173101,4.85804066272331,4.8589519130151775,4.664863270131741
4.90508085248023,4.771351764386816,4.738569921183876,4.7485687915557815
5.199211900362342,5.189509716343133,4.495308395565219,5.094323329328268
3.8541454300603135,3.6848379488101966,4.2622722807536,3.252693880026398
5.258519337231445,5.004686752977237,4.821025496431178,4.8916292647311455
5.626003532908624,5.183410603744189,4.425818514652562,5.5321607586998365
5.147219842914724,4.713626663370357,4.503641775666201,4.17066956865166
4.417442305275261,4.243324073057671,4.280048451312104,3.1760671024460514
4.7905364621928905,4.932935500023923,4.638644225114967,4.911301542053833
4.5940832958034985,4.451659217896765,5.122862796628914,3.693586161543907
4.985590200652415,4.566682474547928,4.88708713458742,4.534836348981743
5.103073374552724,4.769101071264661,4.681313199478856,5.059665305645936
5.420180501777556,5.303683269202262,4.4569307749895835,5.434760357527695
3.7899284182743136,4.349578663895144,4.900026213393754,3.956478321630472
5.511734409166066,4.940173548131078,3.6496286127310453,4.1936335520760775
4.71921478289896,4.833573238189706,4.490327781216721,4.718197246176804
4.978632026048682,4.350508176806296,4.698182417820475,4.291486414771475
5.3952025370444385,5.7676110928188224,4.33994899066228,5.144417856160375
5.327434022744232,4.8974843350605175,4.230273707345696,4.659194614303633
5.291309375129994,4.80924129354046,5.274031207451746,4.944593972059314
5.029867223351477,4.90605899004826,4.583022808331554,4.985695205950413
5.749742420456191,5.298373550593395,4.06368340671991,5.218499289874306
5.700181402063884,4.770388886160948,4.786081520326058,4.42859697463264
3.8813184071095463,3.849343968737143,4.532046971557431,3.4452255520808297
5.584546228911898,4.84162794721746,5.482625816579194,5.245596449328164
4.592963677977604,4.291268533340491,5.1138932406667905,4.183502372618063
5.071831485697791,4.599926499282035,3.8934900313585428,4.173654050383733
5.377606623523665,4.702765847969739,4.198797866534084,4.8657647647848545
4.696221246445972,4.014210310099821,4.7481430377592,3.887985386891287
5.757642171827882,4.618589314030178,4.773805369548349,4.037078951336604
3.430594634811622,4.990321554308735,4.461238726272358,4.619106048345542
5.358770864878478,5.096586685320042,5.218805784287504,4.706172882990626
5.342421991623287,4.5596112998187435,4.736282598211769,4.710005028394823
5.31015113910751,4.907773170039895,4.218120748334202,4.5722253362749825
5.245793292484321,4.74619264277062,4.9936155396884,5.103342088222036
4.702382587932949,3.9120623625307713,4.453318213162916,2.835205594037623
4.556413884644833,4.2658631852106215,4.916284708814912,3.7658264385731917
3.9093035921361894,4.133769339305152,4.389345126804061,4.033918639015933
5.586320760890229,5.347052080876055,3.772931562659805,4.547444718746176
4.860605668129825,5.027810180239093,4.278831095673665,5.091236730621128
4.870277586644328,4.3627591881807275,4.930089392185306,4.223878688985961
4.750106271878761,4.842811110315727,4.684822913774298,4.517212499431702
5.069341779543314,4.718565127256134,4.534229030341331,4.604092532530659
5.259189940324577,5.058058808075784,4.632801812537173,4.941520058585483
5.1023478599848096,5.026171022799804,5.322729569575451,4.689416942905111
4.799400936967905,4.623467650205991,4.941929367497837,3.3019973080634526
5.097517960645758,4.573521525927677,5.27524572403259,4.796624986904291
4.4547793613868905,3.722519611909822,4.7327590775019335,3.0972651745202096
5.850706070619806,4.881170040587316,4.448463926325194,4.310959997897209
4.732874340331389,4.055829283387207,4.552947480857837,3.4626806305364553
5.184322197650488,4.551398441102715,4.464481686794743,4.360565431218857
5.5958620647676485,5.043921451510018,5.054685670831538,5.161946274323791
5.504899141497327,4.893344259887094,4.478185561041915,4.557072727579186
4.364157917575183,3.929818446717491,5.425531709970108,3.5142261615390877
3.638391267484235,3.4036924650358573,3.8409339791095705,3.139808397608645
5.591885331851076,5.105079920147138,4.505911329584846,4.790028728033927
4.6937256530169735,5.528005063252976,4.417151954595755,5.45380384934502
3.342991409696973,4.15382416506421,4.093165660368575,3.138500614276624
3.322093633030211,4.236586168922489,4.324577552018271,3.819968055633775
5.27614990645804,5.0019014261830055,3.8391088048917217,4.493293993034692
4.113391961178505,4.632211021264749,4.6948698091732295,4.363013897076528
5.257373737301074,4.737984525576585,4.518405222278583,4.567627023472759
4.552915666845204,5.003176245300213,4.764576778366367,4.738174667520994
4.325873574214198,4.988326851120777,4.025024046374968,4.626239804119587
4.912407218117491,4.961490756303584,4.523089965364654,4.972035747075529
4.7352811952523135,4.191102113836308,5.028856099106839,4.384137683245976
2.6346040882145325,3.9931053228505937,4.647301570649387,3.423427311276687
3.5718530030171665,4.303374819078038,4.529882877651756,3.2706138272222165
5.4079758075068725,5.369042100792847,4.6504541277835445,5.311618476832526
4.666045571922789,4.228856805722681,4.752542740872787,3.948445817972991
5.161272626967136,5.2806281578935215,3.691527198860617,4.943101653690705
5.387592325126612,5.002231178471943,5.043806316130983,5.039904360669728
5.071176703811421,4.940297057007733,3.7420927707994633,4.731899266790279
3.9851018963706935,3.4219173783968597,3.932650188291624,3.3541478796076505
4.726006385018787,4.673407081397155,4.978593067589411,4.78204010927366
5.578421799629922,5.228218789068838,4.807185589679963,4.860962662239971
4.092849865678701,5.347482309580599,4.665976784677717,5.1082148759507096
4.49172329402133,4.680321851365815,4.455773672819708,4.292401261726301
3.674382408151022,4.4894891049028125,4.403844009613968,4.199737046739176
4.605243684969587,4.888828317706077,4.5535246376668574,4.726910481598004
4.175713638545033,4.73966651503139,4.909789141600953,4.957883276337587
5.4099753287296855,4.612180741028781,4.818885308544666,4.482276411927271
5.4457602161203305,5.210207618346183,4.2295434443287965,4.952998061390648
5.285435171047146,5.331717258069445,4.928695911838812,4.8446144538272735
5.211510516359671,4.945040791266919,5.206702935695679,5.038659256216341
4.453905475626854,4.840475312122828,3.4625503832544067,4.215213682893966
4.771099539542464,5.596092064816102,3.772524197785334,5.085167222944451
5.074073803694569,5.577696036879629,4.641842294728364,5.224509507940378
4.2847259388405305,3.7855755599784033,4.482145263598115,3.358933758903714
4.5762734855214156,4.228865441643782,4.37909327596034,3.8387342116182035
4.426208452293675,4.50523913595475,4.822997126326697,4.55394663347081
5.247528549342537,5.411395837595806,4.543223592092638,5.166708537940565
4.804150083243625,3.8793682415528288,5.382529606736237,3.619178960875753
3.8679771180000007,3.8607900414602403,4.764050491868746,3.285405100131046
5.539398765880386,4.65805262361,4.949021544772723,4.301758076671893
4.327688071811467,4.456767435744925,4.990019127547269,4.144093548498233
5.4163198291670955,4.725520952999746,4.572974120094745,4.343516820592658
4.323706645143536,4.960095968167581,4.07476639821215,4.960873135435482
5.036269510990733,4.083765306445855,4.401686194586922,3.357158929335537
5.508518422440627,5.476937147432643,4.538811067433062,5.526094225173081
5.607908153994098,5.568821704242885,5.561445667578987,5.546445476646593
4.872167535989751,4.735437855566668,3.922775745470877,4.421926521551063
4.872191626253824,5.071619572488063,4.55366849972388,4.819816268034561
3.6634590179586053,3.502540426582004,4.7767203593965535,2.263057429444684
4.765086974915341,4.210036272550848,5.038080919056435,4.144236780215649
4.945224652744134,5.13315884456847,4.1509002092681175,5.3979555025313015
4.873653687721256,4.468788892864336,4.8909591426858015,4.030117735637623
3.921957052872093,4.4107800310489305,4.877357898061279,4.3147003247245586
4.494504708003025,4.617439853407399,5.029106001687904,4.247906079036751
4.923769693545262,5.178201953436378,3.856784128601669,5.148637431275442
4.4838934804172625,4.165724673999606,4.166155883257922,4.155968492523828
5.15543134060021,4.730852006543966,4.8166641293907215,5.283254317642667
4.0896889075893395,4.82484003561354,4.142462359797688,4.636023131476219
4.258813431889283,4.272851550571565,3.968703215157195,4.497193902914652
5.593826204903212,5.23703645509052,4.171184636068509,5.022118105639163
4.563543751030449,4.2496633971231015,4.673460608290876,3.3799580063200967
4.22666194540196,4.107946359129303,4.686694895877445,3.987624807926467
5.346177498460554,5.210310417843272,4.419597611396682,4.447876109748941
4.335106229740575,5.269597220173383,4.146973814733454,5.195740990780881
5.065113815512766,4.923034594323176,4.570609385681765,4.736289795322083
5.545483675044402,4.92455199733715,4.492500355866044,4.863517294337592
4.825982295618291,5.22656246923498,5.238811771376485,5.866118132549274
4.877441754525946,4.761744003740636,4.14212350245365,5.2859428046059245
3.927143436877014,4.690599078347016,4.748228577326213,4.354398055318058
2.933019663620072,3.481623470297105,4.186219119081314,2.4949438331641436
4.338647474513165,3.1821028130814994,4.4010509468665,2.8997925499551847
4.905038664138232,4.813530208494605,4.3354926641156535,4.617164645184166
5.61633646045184,5.116237249841816,5.137618486589573,4.620427495399354
4.461615228768821,4.509680135113649,4.336324527151623,4.209261433993923
4.0481551417687545,4.038575840388302,4.7789015337466285,3.70043681526494
5.970418712096864,5.26298540294173,4.822985436290912,4.843821737289548
4.3323148093039805,3.4224243139274217,4.450121351231278,3.4160032672509097
4.808399507877874,4.448973674547057,4.870261715428976,3.8906069440890456
5.171427643242729,4.2953313072371815,4.729098152486969,4.040933054039854
4.91861399966762,4.665615779830551,5.231345859341842,4.092923402539859
4.780407661551952,3.738122513173176,4.69952336609147,3.754520961796333
5.4824307216149935,5.018603149932036,5.153162868747443,5.359301651708333
4.838387306426305,4.952677538704186,4.533435255568792,4.079794648694432
3.464887553891684,4.02788275967861,4.452443102364275,3.4070050317135845
3.9468429818574147,3.671608983719532,4.442696834615661,3.2662067155746874
4.391513558808749,3.922323132321451,4.304712445982029,3.472670903428775
5.12519609608203,4.452403378781202,5.141326103569846,4.430835022841614
5.011132467035611,4.1583765917556095,4.897424742636952,3.1137983332889263
4.741356714943909,3.648721788644128,4.605320907185554,3.62220181453989
3.3559468720453847,5.115341305238092,4.576008739013937,4.6527589944036
3.6412041851274246,4.00948296527284,4.672295503660886,4.266493504105355
4.796196422994744,5.53876512933027,4.545629995323213,4.769772803094736
4.197539892371982,3.9733496793643135,5.012453176680811,3.7789645691347036
4.4588511617017135,3.7908852054629096,4.965356817511333,3.434861239122935
4.2063515854724,4.57469718154843,4.654308017610333,4.37205830960226
4.47722449012754,4.70188240987287,4.6882816012216,4.440072555161807
4.606863691024752,4.496222488383117,4.75733195554047,4.288027581221224
4.068408093250957,4.628933643064529,5.17599695259491,3.416258777255163
4.381203094973833,4.2364355727729315,5.11129261532327,4.485601224185801
4.317595536135054,3.8243261478287116,4.817049459682016,3.148894383525387
4.636367273659842,3.891541696446721,4.564837286980666,3.4489220100118967
4.249616782326243,3.2144107890427662,4.247248541507103,3.072311304395749
4.435720446184571,4.074225558985754,4.392279521506193,3.3593704062775522
3.8892963537964302,3.8591646141298095,4.9626735685128365,3.069675317195621
4.946996870863596,4.561789336807583,4.4893829479884,3.9612252723214225
5.845632659615296,5.2024697747950865,3.9585362126547783,5.452038323510673
4.103428487834342,4.192207892371125,4.629123510044717,3.776301133652376
5.115878688477246,3.9563563081812543,4.773426369340162,3.232970392411267
5.06792005289929,4.406170281949837,4.231316126070031,3.720589915826127
5.241695114020336,4.802114361604593,5.044198329955759,4.8868138418966725
3.7774829912435055,3.4920372308877043,4.819384225082675,2.553289022293515
4.056343428922543,3.947459124467892,4.5549385758831,3.4372049192845235
4.8785181317782245,4.5755631589135195,4.5958790528240705,3.9890199140699067
3.4568668910623064,3.5242606922808073,4.548511242400065,2.4731635802274674
5.04750255071677,4.846885793878199,5.0585849568028065,4.19698631663473
4.789561350137435,5.189866006192174,4.268450608400645,5.007335212532643
4.816534411481257,4.767949368455361,4.658506762554888,4.500558782316243
4.942518044848372,4.294888205824648,4.391844850643167,3.5433569538832037
3.887366023429592,3.9114684135706623,4.316599432731445,3.8529390936760692
4.955611339631301,4.513914801980501,4.997374719861652,4.314972245829886
4.202798551988397,4.720411276935824,4.521852720361049,4.402754026363907
3.9322938215971415,4.6199955146372265,4.565138594110671,3.829164478673586
4.782029201302251,4.4835469046022824,4.865851297280803,3.92474501085899
4.246372463414032,4.143296790871076,4.484193329419184,3.762608749272268
4.642081572098235,4.815676114550953,4.7737677149709725,4.537546015594829
4.352322332619491,4.352970270237552,4.585091298935399,4.0218602392062826
3.8166717007477695,4.150203801804576,4.522706177649488,3.753615458763059
4.483821007805552,4.537714807490734,4.728870172797244,4.242205761978209
4.78368287120134,4.627984092149658,4.77090662154805,4.012990059769951
5.303386736158029,4.683189948631063,4.486930967407685,4.566182677765058
4.473064574997562,4.4808721744135065,4.301120545568544,4.1765437854495335
4.426009370913259,4.14655016286424,4.934973903061048,3.563715327058224
4.734265312039822,4.315512796538589,4.476925947427789,3.5053533675229955
4.505655275187218,4.212720817171979,4.447217542313855,4.243715567881019
4.992973562735751,4.922349047854829,4.97952541867988,5.27131433524653
4.550660460445736,4.744490078128413,4.929614031843583,4.64060847846937
5.02521746645192,4.305601110877027,3.8595700681475975,4.581581802925786
4.14349541071903,4.787715682763265,4.594304234681491,4.695286674213721
3.9138349027533876,5.020403104693455,4.867058812876373,4.8001508005504
4.471956241122321,3.1091748501228818,4.8751081357016535,2.8584265080053
4.582261747887246,4.246470115627648,4.259848118395811,3.381757301158989
4.4568154235165895,3.5160355341244784,4.793443413372484,3.0748633692426064
2.567720425491351,3.73074972661265,4.33570774332657,3.7170243301944774
5.5486381855038465,5.34449558172035,4.3819069641186426,4.957142512654794
4.963551728972207,4.4001007345229155,4.616474991502961,4.117348710164497
4.661169748110995,4.538781534604974,4.386315326080418,4.230472274025998
5.131364963129873,5.307401926607941,5.7069953300112015,5.401022487538312
5.657910630957335,5.082216711471284,5.324411205677989,4.642742960024689
5.011898188716311,4.493386024230756,4.56284379925351,4.702806339163712
5.300794318275904,4.981006188683864,4.62709763748653,4.901163033292626
3.5671644704984056,3.763254341496289,4.693703129813456,3.2161853528568742
5.062142490738442,4.568338227202408,4.942724778984586,4.187818710433189
4.979849845500987,4.134739149963492,4.437233842153972,3.6123650800726876
4.144932746195949,4.389863852420299,5.038166807131908,3.9625252401778566
5.278714776494134,4.697632453869024,4.774493864520021,4.553352241515649
4.570757514239177,4.0505590763422195,4.8743237434362845,3.091850780796415
4.866073267879467,4.221015990253693,4.915526155960823,4.304735541837977
3.650379137438786,3.8239969478945692,4.450925753877082,3.8829782226890326
5.1318896430945475,4.757476854431378,3.6701970335480447,4.016703818299261
5.028105517359435,4.809501566848603,4.907647761892431,5.138279785616684
4.190035960344361,3.9170993067116355,3.8674302839541497,3.107753316614799
5.087834420517756,4.528641503534706,4.641988056747407,3.9991106863764734
5.174562518773062,5.264904201646821,4.695458450759291,5.154405722128647
4.295120341732062,4.23311982224475,4.806496536559513,3.9586497181237097
5.120158697924663,4.244623864837421,4.732780693845276,4.074824974309748
4.877971194893999,5.1546430897779105,5.17403975844049,5.707969181460813
5.011050015748384,4.568194645181605,4.652328894118954,4.4793258449949045
5.622643451856861,4.579040537762213,5.37888217345965,5.355905206690117
4.987851201164766,4.662342108271317,4.457788526106286,4.723224102967228
4.523504226676549,4.385439979276782,4.925084040768262,4.068342281798122
4.314221241634323,4.470528084653899,4.580101085958251,4.077098157600352
4.743901081430369,4.66917381736116,4.522388879342695,4.282480027977658
4.4628692921918836,4.602714336276424,4.638952306213075,4.062591464272644
5.01357994687542,4.74020799395402,4.627007524310675,4.244119491470617
5.5847574254213255,5.235245551374684,5.397599285554114,5.0373846329096015
4.238471462452027,4.335127792940804,4.368216178577493,4.136680590494861
4.315102207178053,3.9485469962779685,4.5476505834138345,3.8852641789729474
3.6604515012813508,5.217555424188121,5.373346278050743,5.038881746743085
5.808614354053872,5.478789145157496,5.4216205219185865,5.260325671916019
4.722137975724182,4.756032983367752,4.266064381488175,4.38230961307727
4.6886381098705545,4.307899887138361,5.078603525380212,3.8783374769412795
3.905854392688155,3.441917948848252,4.732508167156825,3.0626108350535217
5.185151165248399,4.967073724984599,4.429234736957461,4.667248939037536
5.286649562502034,5.089308507913482,4.905174557637349,4.573131831408642
4.810612167989317,4.354536997909246,4.351773368296022,3.302834037281934
4.060368059489033,4.817078715325734,4.842678216519509,4.84860356630629
3.62764680851071,4.953511547569129,4.37155924979663,4.857717492029075
3.7042076973893203,4.880988372013205,4.233868612475261,5.136785612715901
4.580785898407596,5.206178223019488,4.47023422935714,5.196740809364838
5.472218280476456,5.231818022120593,5.301247666370924,5.248879211314998
4.144434274334947,4.404500357307707,4.545907690506089,3.6326165835117834
3.2235595293726016,4.0430782457961385,4.487750843241825,3.1177530093851176
5.127783329804481,4.7628785009910715,4.672865187234066,4.64276527151146
5.100287538460508,4.982386544754542,4.798456067493156,4.598109186060299
3.931437352178932,4.315595373232549,4.89036084527949,3.6990266945614385
6.032843210852275,5.301550905578998,3.9071542524382816,5.389333088618112
5.405832920082556,5.0005842777925,4.682448669230769,5.066777525482408
4.735500819150471,3.9051115822438622,4.273856314342684,3.5158371131417017
5.2647982401951845,4.344881999641642,4.3730289944645575,4.259993947474926
3.5435857697706163,3.9876023315497866,4.828942034365291,2.808887719463274
4.361618282720207,3.8849436036061737,4.196292159555632,3.1133225231677626
5.093357630696167,4.8212002060253925,4.456402230261473,4.277166873422781
4.658794207403975,4.0973201826888905,4.031584544070931,3.8312412105585256
5.607594004470932,5.053160171402008,4.888445837739848,5.141321147867506
4.531787596540653,4.467479722947379,4.572184929414829,4.102834192702497
4.541993670099989,4.307682197467128,4.870283878670609,3.905508126135075
5.215794176283486,5.092523263678129,4.459311088455625,5.297225341017975
5.200874124642898,4.418508384786374,4.87700196371693,4.293180601363286
5.325340167630843,4.895417726512482,4.385198021995215,4.5942925023947785
4.7077248555657585,4.625964516074653,4.886286175303826,4.3559015559911884
4.476597828405073,4.6030846312094935,5.134028976037825,4.026156031054905
4.440426019201461,4.5138974086584795,4.249935242222668,4.206170087654914
5.228986244231156,4.825016332312071,4.00310179959739,3.73475365922176
4.925003234702414,4.476155889725046,4.019398266017391,3.0743202180587286
4.541468782474326,5.310020933996899,4.232238876476935,5.187067933944766
4.078735510423908,4.362235438125661,5.1622497998862595,4.325389563843532
5.4804415520341445,4.166836900732426,4.255900822002508,4.037086276286753
3.9899273250338623,3.729966672608206,4.359071795311002,2.7833595474853263
4.84603514896837,5.227456436801519,3.6534880920822834,5.281289083396673
5.419157125368112,5.366219152515578,5.192436800705266,5.409544452562908
3.191558218599789,3.3954506982262393,4.687239176045373,2.8112629655061907
3.8362397596025954,4.860320916169158,3.9976074195454276,4.758557162519128
5.577765801715558,5.111139292162822,4.1540055908637745,4.8316182481227985
4.664419151064296,4.228783419227452,4.985318625935485,3.945035564581984
5.554534990149316,5.0509836429594195,4.637338924840589,4.996092501198942
5.230562300110033,5.157976427613206,4.4466839326781775,4.374120449676373
5.758930745591094,5.204348111483603,4.678415891177266,4.76091222322258
3.815588949439189,4.398956143105523,5.209913034818667,3.548897800712382
4.550885103388882,4.613500497281968,5.111225871527798,4.211779987071312
3.8298517142316664,3.577275639215576,4.127105352999391,3.534782382230401
3.7869931637652257,4.372958834610086,3.6717384626718483,3.1788926519909664
5.640516746195845,4.994546450209939,5.657647740631077,5.5883895051111745
5.202703601335818,4.614205851400168,4.8936014928155815,4.036038733697552
5.382996948849275,4.8805103041147655,5.426426657816065,5.3282631064315265
4.825388275341052,4.919984771174789,5.015332081630674,5.163541417007654
4.752105117199328,4.399261221057106,5.311276159097906,4.4656867537575815
4.469614458478388,4.014081098274129,4.704526321549139,4.087260828003032
3.705701135361432,3.9282930264324216,4.549549226947906,3.9112063886007933
4.79716461416952,3.970708172226793,5.2427328498953,3.7487914659706987
4.526524082084313,4.336422531737518,4.502744106785938,4.088617569578897
4.8431092947029555,3.963756679636919,5.120945442269387,3.4450414904514166
4.260563576093231,4.823546616979534,4.063191778775111,4.237971154049576
4.710091430934874,4.583508704321834,4.886499881483974,4.382460992470247
5.035028802335096,4.437769767740943,4.370863273525265,4.379860012400262
3.9112850117769535,4.083226632477189,4.753380386154066,3.5514263573201594
5.455659814101166,4.306101603115313,5.0071465767412935,3.804507243360637
3.8194656084844665,3.218813596454132,4.574890234136245,2.3469625541206285
4.554831381694025,4.135884290045701,4.810249154083634,3.869679242644911
4.946662085325015,4.2285053363749245,4.62186022592029,4.499656498031665
5.186516118868015,4.556268053299896,5.561483890963353,4.855359637851377
4.874473242700067,5.017516325308114,5.52983665194525,4.909354792848663
4.001958398662867,4.122513160374394,4.61794596228808,3.8045278903896858
3.66246692580837,4.6736034371097155,4.621443803968661,4.825299068516005
4.326743937084459,4.591500373947378,4.621543456965874,4.4015054935143745
4.817870556330033,4.966906367478883,4.697336252563393,4.833519559175507
4.861837423000355,4.811757991498782,4.762701549083133,4.624797305188296
4.306335709126191,3.8770755557969716,4.365973746761325,3.7032095908826745
4.316572147840134,4.635697042396261,4.705390584961112,4.6797823552324775
5.298601187891008,4.8185036838447814,4.483941655020157,4.607445028527563
5.54297396288945,4.443082828728795,4.391189177651841,3.696321237627889
3.279423606218234,3.674214890118999,4.50399388410816,2.512326853566979
5.3450380986478745,4.646246579190615,4.431954195444957,4.431089962825888
3.664677111536082,4.876623900643796,4.148846981844694,4.739873339672724
4.211810943931611,3.954329222519966,5.06709643688419,3.7637424623587417
5.350732460549232,5.165618925488046,3.303267898723159,4.827684689242725
4.270071161748921,4.690757629155396,4.71003144317593,4.330264987591899
5.383409668489724,5.535128704095043,4.3209048906732095,5.0648204210576875
4.3211581339972,4.220051406919939,4.366736190644773,4.068576982052924
5.285786735265961,4.99304496358801,4.33117712962459,4.476317996205491
4.702287965514252,4.21912775755632,4.435641937644276,3.5706866755613778
3.844868712462023,4.055815069682579,4.262331500443587,3.5641972549571315
4.3969679359131435,4.023561179960417,4.548829226295122,3.6214850862003183
4.7215984061652385,4.140249774210981,4.437625127612116,3.4883620843098693
5.599791934764223,4.8176764931320015,4.857224720449763,5.025916702955754
4.404671922198035,4.309681930246556,4.319412386129393,3.908026925670529
4.763696486970306,4.3605538167800475,4.80109955613173,4.523142269065577
4.024098349513301,4.345640992940852,4.588715584767035,4.177767747070798
3.4470909412863358,3.8106353725568516,4.631178296249482,3.5906785478889307
4.204500919197897,4.99107871017464,5.0575919261053315,4.924520202477009
5.146248959982663,5.028240308166681,4.718711136268308,4.948846380208791
4.703586519652823,4.335983535014794,4.899341968603463,4.551548820342913
5.088054142719917,4.342686291421108,4.582102162815724,3.744353607584304
4.661117013535773,5.054151787811042,4.684741064098682,4.8664810259169835
4.587265429883928,5.201449205903871,4.280246198718555,4.814922464709423
5.218008420253312,5.0808371041334235,4.247180208785428,4.304618077357579
4.6347521828915825,5.114272802845275,4.2233197061302805,4.8794758492311665
4.814129673813527,5.134300601616436,3.8111292322673354,5.177483863959105
5.775512256964167,5.392466024235435,3.8434765778144038,5.1412793322089705
3.673656750317229,3.8489028779749273,4.5320327877405395,3.4939732191898023
5.50856790540143,4.74869281593015,3.8324255440625077,4.1783844013956255
5.0249613210155735,5.053951163661748,3.994576546330068,4.5779219322543865
5.207274445019276,4.515165339995611,4.523952581528795,4.61888826251481
4.777768074957634,5.560570535367781,4.750786201604915,5.681098303711524
3.2470174525629143,3.8227112551175315,4.623166433905409,2.920072575457268
4.2655956184181125,4.3277170160333736,4.24311940378065,3.6177713018403077
4.302900822419978,4.3383087902545405,4.997807205089943,4.369754577395388
4.696096083926481,4.209060486630793,5.033199068969285,3.555165848509587
4.168729255293835,5.133460772021735,4.0786079985943156,4.887361102132882
3.928453117896318,4.040980307421332,4.370656948989579,3.0622279633815515
3.827267454227555,4.329808451602765,4.350594771034905,4.0287783081516055
4.510319053540479,4.059818259644846,4.969715654176119,3.9363625245140645
4.0892399750855875,4.1740777170913645,4.3434403472203895,4.132008872045494
4.867059582535644,5.015427403204075,4.417528354582364,5.45244474387635
4.56530545823306,5.230515863103802,4.37473929920028,4.818912388875906
4.950930609787819,4.87091565374579,4.423965803961548,4.7208769337087
3.458399071816381,4.656611149449777,4.22519376801754,4.281705355223536
5.097109874664439,5.118527350382096,4.501100981087484,4.842699849583558
5.284428846669712,4.945114613240039,4.331931154295373,4.75805779888589
4.627518186208959,3.8602967447827874,3.9985455264287424,4.000819772894275
4.265377944048057,4.282091384884598,4.382990516706743,3.468193160241069
5.537433118038039,5.194609191271995,4.280460912035627,4.712303062614532
6.0367050709167485,5.3246331498893955,4.978550291408685,5.176910471433544
4.742687491193788,5.170968461113087,5.0244727349244895,4.962859603997581
4.594209242865166,4.81250850579498,4.406782207088023,4.608753010986776
3.8967035780343706,4.1446069603253894,4.516987092171737,4.117859813784683
5.890218461307655,5.013893232291287,4.765916887752186,5.236114504349588
5.343227577991339,5.219380931238296,4.734105800758366,4.420903789650585
4.682726374228867,4.9544856552355885,4.805371116622825,4.93139140776353
5.887154637641432,5.066100007499479,5.34162794371724,5.001419608911564
4.664208125179651,5.009617816309149,3.519762401539057,4.624690236900347
3.9816712559284366,3.9900290176658353,4.200418008345671,2.866105911177153
4.633855621558495,4.102419767103992,4.589910856588415,4.222522512225644
5.33916361984178,5.187070297243463,4.9963361288165835,4.987073884275031
5.5675257083715675,4.709323218892689,5.005712320213257,4.268523032111029
4.338009107158438,3.288455218433604,4.242323759830238,2.504008245990873
3.5731366198368595,3.6564650039999,4.487596413747206,2.789164622519599
4.42183668346221,4.569284289411104,4.543403171931533,4.204056360517116
5.036258943107433,4.093186002731732,5.202379156720938,4.111889140877674
4.583552438419768,4.545883055415214,4.610845449053445,4.509554215407727
4.837397608571166,5.195636662539622,4.613202808791763,4.719704580681034
5.060539647134178,4.426695846285723,4.68422483905503,4.312596967845233
3.6589864959211447,4.025230565399885,4.841569165952079,4.003341219873591
4.814828356092627,3.6958796413521893,4.447568229537476,3.638853535838409
5.272856434987945,5.43690772761436,4.845989725722267,5.434254432204784
5.264846881362256,5.402306779526318,4.543208447750347,5.369198610686179
4.785388850861237,4.849891293255487,4.351134705426197,3.9556605080801353
4.4556169285128195,3.5169937314050217,4.429627043849756,2.9791553114476783
5.588978855680794,5.042123771900423,5.0876377830496695,5.753386253715458
5.16625663876883,4.346970483582066,4.367305243149592,3.433215289232297
4.493058119031604,3.7201848654671537,4.4401628603346115,3.5934175506644848
5.210246974598675,4.7656133442116895,4.275400702286011,4.609665240286829
4.945228190859937,4.44336182080153,5.028412999888397,3.6117728885085825
4.0202073513147765,4.298569208688195,4.857007718652232,3.830336376394291
3.919761416699372,4.239649983250378,4.347995169909265,4.341701405618011
4.904440368207012,4.843294437380934,4.09376616558569,4.875676815560926
4.244692691447717,4.255100600492716,3.9509262944502606,2.920720820136614
5.168161772943114,4.871023227957766,4.513948666664567,4.156912045661631
4.449790824145145,4.364973300953488,4.782780065240824,4.374075046925711
4.615229935730186,4.74387251219756,3.900998799871791,4.66899154974969
4.208858511474032,4.089685605955913,4.549110934601245,4.2641358664670985
4.827615862230262,4.886454099439369,4.7587089360815575,4.897270334096781
5.512390734162452,4.567435546394197,4.377803517998522,4.144507392892721
4.909345608043397,4.0740759256966195,4.795246856623094,4.031977527066572
4.819364649293675,4.614723016496759,4.380903884664198,4.420044473563808
5.946118087124411,5.418518892978181,4.602994044495942,4.558875762948072
5.272952650133996,4.509702550857083,4.531989167424483,4.394256840648645
4.843238479645313,5.150743814129891,4.586006896629525,4.899305017513472
4.364765730935348,4.6256167451479095,4.788847763062727,4.107047484412884
4.324580098412602,4.193383260996273,4.279315908692742,3.7024882293714314
4.4602084828757596,4.874035012806157,4.654801935792298,3.9766709739364505
4.653190676088772,4.8737429705086965,4.265235075262953,4.874848253951755
5.42495625166983,5.138193345197282,4.6469690377530215,5.13142661323299
4.251385432443954,4.810111391566413,5.00313972727094,4.5047097615007194
5.263144973006843,3.89728319636963,5.015339951671911,3.592273348432762
4.3884836268750105,4.203556965973967,4.709682287856283,3.8902823788434846
5.74139867791576,5.387832826134334,4.535191036604125,4.858256010842078
4.532705912052069,4.582564176210673,4.498951020869388,4.717677516824211
5.050770313294958,5.111962539548154,5.316701861559751,5.295854396921459
5.17326500173013,4.464067123022165,4.8478547810115415,4.5728324422740405
5.098209415099488,4.448223441398934,4.785431951215556,4.413335842840557
5.143042106474265,4.602469941740749,4.747108200216522,5.1979618539489705
4.6093215954189075,4.172947920380556,4.277148575261842,4.294776781332737
4.813943584154525,5.01504389481731,4.6966567738074865,5.368779978691877
5.293866841396054,4.563529563049272,4.762726969673452,4.530996629426576
5.5089799531103,4.942557090148548,4.82301321040882,4.613394143654367
4.549096521186222,4.845118759060809,4.475796680728132,4.157181123752154
4.535971602325324,3.708085311599863,4.339900782851432,2.5143675859396915
5.0354617575609835,4.874344158972144,5.2452864701407105,4.934682706861803
4.474214250891208,4.897785957637064,4.611167074928882,4.345516538390607
4.79763008859422,4.72343119834536,3.8724275547069493,4.192981766695425
5.840077681191674,5.24421433062241,4.269588608805619,4.799547154649379
4.129439370803716,3.8306244333207466,4.8412170042723455,3.0671611135278756
4.8875318200613975,4.208851556125434,4.063539184609945,4.087892449805845
4.457435231252138,4.0050576679573195,3.8491060218303996,2.6557472366659645
4.0752108362388455,5.061617993015105,4.991748000714765,4.450840934272153
4.286434211089875,4.120313549247815,4.466510317653516,2.9354306213406995
5.634225359496716,4.911553935870046,4.598665643138391,4.873472118481041
5.35233641990296,5.23423534900944,4.500246902986291,4.9990665295164085
5.585632638425191,5.612613211120551,4.677210976051107,5.038765047287612
5.42677984531418,5.120459435600751,4.391395485055307,4.990412931205987
3.5533910155789266,3.8218925485116086,4.493253894862735,2.8062155708743006
3.3196336674265807,3.302090325304117,4.541218041749246,2.712231222840913
4.716706664139587,4.7540028378331565,4.561352339035219,4.300593751394244
4.91106374669583,4.626051212114558,4.865618144076181,4.610855426242651
4.295093648160155,3.4485090496890938,4.60054944219431,2.712437071835625
5.385756424558563,5.230264179239429,4.918243180674959,5.431781599595918
3.442901967981446,3.2185077615060274,4.751582722496853,3.1411639662038797
5.722481295598876,5.321326319194093,5.018970214551904,5.331439506732813
4.90607384007157,4.486994229370332,4.690437047814007,3.9349830563085915
4.487957713722638,4.580369708090439,4.276149787018123,3.948451852943191
3.3487931279310215,3.244200717867639,4.806170694936993,3.4844608509783614
3.872719094857743,4.084473431573417,4.578215861175551,3.3221528312679376
3.7257342435467944,3.8995042026993176,4.240916084850096,2.7699165218863437
4.593055866673243,4.274598202314385,4.323264565173189,3.359093936319358
5.092905431599642,4.6149921650233034,4.912165191604745,4.513737569105075
5.36613202223289,4.780002960753663,4.478663968868212,4.221588739359143
4.428120980994631,5.019663196710662,5.158872176297871,4.431117598283684
4.563661103788735,4.883209940698038,5.164479239293899,4.489790577397707
4.383118945657766,4.351302550903253,4.739532986478891,2.7435101425903285
4.481692350354562,4.57298760991996,3.815642366783012,4.48488233196345
5.214165558191827,4.912185540802411,4.0287445103901955,4.707519574662983
5.978695957438856,5.322791439400993,4.873538175602618,5.28511997214278
4.067967988727844,4.099067428242931,4.43006223791675,3.540855645969373
4.722643223670352,4.18958499805645,4.285221243796724,3.603977223501024
5.116894920681629,4.37627699037253,4.169410585224042,4.039843871266257
5.357266512586351,4.864010794073906,4.689801905956059,4.672088936279291
4.6795631243006115,4.1815868581663125,4.064244720135862,4.058372338248754
2.6972179205006563,3.5221306450451926,4.575077889308148,3.299932866708941
4.606594015552232,4.122605005870311,4.565405070774614,3.10850772556269
3.8874930812246156,4.508600406584887,4.659998611306086,4.16598713950882
4.6709614583925605,4.5409103300370655,4.766431088111217,3.857004439599252
4.887831118980194,4.804502946020976,4.4097848565413,4.189132865283681
4.949460156219244,4.802178299786841,5.067189313255589,5.4392546370549155
4.888425025644561,5.040121826901033,4.330421641584412,4.870528255886122
4.722669773437718,4.697966797059923,4.746350491690313,4.074816344809499
4.575867166955477,3.975851396304317,4.868565886026398,2.594950463449407
4.337204317552261,5.42748056419119,4.237545792190925,4.985763831444768
4.762450489274356,4.443281095846896,5.034448089992174,4.436075081828857
4.96022766310211,4.233580474888451,5.108755459918155,4.492317002374935
5.257930865507034,4.6591448457179085,5.03089586656977,3.8655672663606544
4.323712034111037,3.2021241966600162,4.680941156193018,2.884213494313876
3.862593914826168,3.734106566559636,4.141110739984899,2.859103701193049
4.1031619536589155,4.431901605635909,4.668128359190216,3.5645127607618496
3.916567573778852,4.63023191993325,4.443812745715538,3.710754861742223
3.9232713922661793,4.094478022609895,4.710001640182157,3.3993836019658423
5.372156856628067,5.069125463824992,4.322525082622192,5.432622436441463
3.527878845006676,3.573239053482201,4.598745669785176,3.158912126180727
4.3360929280920635,4.549906487945674,4.6787102867959955,4.343287259248612
4.826306858880854,3.9525437062529862,4.762065318642728,4.042276187706784
4.670722580736902,4.094185872954986,4.724985174028922,3.552686226637742
4.410091591812963,3.7997859682258635,4.50360857264766,3.093941526714201
5.10652508834731,4.514546554320121,3.913458901239708,4.141105841697437
6.1935771165668845,5.485244138522931,5.07316907064636,5.286156308725533
4.546845252179151,4.6911338436347005,4.847228530367123,4.3494208975421085
3.8654117171464732,3.5998856822846075,4.699063370216943,3.2435142346334094
4.298997181535855,4.197223138829248,4.452509116435078,3.5050825109310995
5.171025378459791,4.465094075820484,5.244881736351292,4.215965568820327
4.553103800008047,3.839389416050467,4.445445487205016,3.684330969165988
4.623233520663444,4.600807368653151,4.891473446709063,4.272666412733777
4.892190847043583,4.850406164236034,4.823184211195736,4.6925778456203355
4.995562303986801,4.0176972281714445,4.7308303930671105,3.6581827436246748
3.950196099902795,4.361068217162089,4.2988372989534005,3.8709415691096445
4.802188570336355,4.107709401598402,5.069627098247549,3.76516976484133
5.346591710492812,4.799682709810288,4.335937246954298,4.054600666168718
4.89547465629898,4.541523652613018,4.833959054527957,4.742874446510845
4.7849303464743045,4.548269399456976,5.31277040202194,4.0564317275304695
5.167865655817614,4.798595850919469,4.450994815909436,4.378809014889851
5.142777828741828,4.73811868354894,4.687523384268881,4.602911072682572
3.9118475204636174,4.242835848781479,5.322270933494572,3.5565655728987515
4.539853674060582,3.984832770873403,4.586774098136771,3.1983113530121403
4.532746557699721,3.8868733154938733,5.029064752662612,3.6390594556628906
4.399187617651212,3.9446021144859658,4.744736956422684,4.2040119831709655
4.381546034090458,4.825065400071149,4.508343016807244,4.221115964547608
5.259211045949568,4.841684321914983,4.893186006413963,4.757144011028891
4.130153070902933,4.715157689525693,4.488915325967947,4.115673355936359
3.370555863015591,4.160554536484473,4.204233831096615,3.603279843036032
4.174852131354559,4.269425638640096,5.134372633830825,4.225102744823459
5.135903125657363,4.515819385520762,4.877565973585371,4.2955581456578535
4.668366181728767,4.401397604974783,4.511100017241731,4.0351549565177915
5.729535445169018,5.602211769620543,4.699203565330447,4.9532060231584545
4.562891539598485,4.483721091358977,4.346995713262563,4.590654754626995
5.5752369760567,4.984914461873836,4.617692528704627,4.853002427873946
4.413714695794437,3.685397396989318,4.636081611592933,3.3243361272309366
4.5301068086962175,4.132318659300669,4.583724759408259,4.506850847495199
4.505971074942275,4.499257202004297,4.291976259353398,4.191781493684033
4.72139493174256,4.738761483790451,4.316272929319372,3.8254233897110965
3.4465134202727215,4.379351808703361,4.353308223926587,4.587059437945402
3.935616726049944,3.6842119552978563,4.79783333585181,3.1548095440288466
4.762704984073877,4.9602535195669635,4.23834579025055,4.893661628166447
4.318217376296651,4.335697813955902,4.45797387842729,3.6715923185183477
4.8971855179040835,4.056773837557789,4.457854139045876,4.217553189124734
3.9277497778944146,3.6177539588206895,4.411964970261804,1.9236254844082021
5.078030026979239,4.254224053881582,4.92682374043945,3.759580471006014
5.193573400043922,4.982557972725157,4.7811385109764,3.929828643040445
3.821791098204308,3.4817693550441464,4.3057901937571765,3.018179039716595
4.676879986610115,4.7292629776113415,4.340142134418066,4.050654804741837
4.164772606513322,3.9017031486097586,4.607035635139295,2.8423237210823955
4.2212875447215215,4.37424853694842,4.703559918155927,3.527154687400868
4.378224488075493,4.254640782861054,4.233571081934981,3.271757210358304
4.539704400646812,4.4389813514155865,4.59678548361581,3.6564695137957246
5.042638477707005,5.478195474346307,4.563616627500746,5.3473854718425535
4.444943611451263,4.349000641158522,5.038602569627912,4.066159679704023
4.406808175459602,4.457854838978057,4.416536543158239,3.4096706869721
4.835221947514185,4.750814978547763,5.439837991017409,5.151436763157447
4.60353403703155,4.458381954740064,4.249488908948971,3.88473068276083
4.440970547315971,4.358216710711872,4.720439770532678,4.1223079129376785
4.197344032220715,4.962776723755082,4.360261086236985,4.789532308928391
4.636218770390214,4.681929462926819,4.913270576851583,3.7467360051880427
4.876263714290644,4.738518219072588,4.807218073868873,4.829082403087865
4.230408174516266,5.139444026831523,4.612559870160636,4.893144966511559
3.7988194802159136,4.349491523440889,4.133700894573859,4.259456028567933
5.3597761190501165,5.107043024260809,5.34361332156926,4.6520906631742
4.698759517583363,4.465661792248825,4.440879855149989,4.077557564787914
3.769476220726374,4.056974996557756,4.178537600216014,3.194596986202534
5.157315158276549,5.121012802925157,5.106338466604005,4.966627557902461
4.763693668228102,4.318699640220748,4.49800390097222,3.891509959577765
4.717781555339073,4.193261701551411,4.323480487446106,3.4500049783717723
5.286963570287658,4.329872483843894,4.558312307240324,3.3866379140354765
4.9084598400068735,5.219266599387085,4.518044256418237,4.651599411868117
4.6544727748100705,4.13320849994021,5.0561035554181055,3.517577679596914
4.853320240115613,4.198968617577739,4.873921191779273,3.9343215565829794
5.094936153866241,4.44808852452356,4.22385731960007,4.776054993636905
2.6942511709701193,3.1688756863077217,4.306267533648921,2.5944826897389346
4.3751401254620585,4.219488130773717,4.032919636807376,4.009381024584141
4.259113122310611,5.029406861131897,4.3763729036921655,5.242934442587047
4.421414026491478,4.194608945226373,4.755896337551126,3.573356654179725
4.2974061307807565,5.004203512345692,4.7212080179348375,5.2167849993147435
5.231232380639609,5.059123980519335,4.794181122387109,4.048114439795532
5.200136289331829,4.255954297946925,4.756555539535352,3.8646941745320995
4.237039504438749,4.128244363886872,4.2609642197616635,3.3754650726078053
4.286505748479652,4.364170506086014,4.337620329192353,3.6778453443940387
3.8039341007609666,4.006905642332339,4.690502194894268,3.6843428344195774
3.717922755347181,3.8161200676463967,4.287944114937983,2.854265540633382
5.163534422121749,5.368066202190321,4.406765727311019,5.142235188441751
4.032865719992748,3.928308928086382,4.983144006645653,3.7684300670916278
4.2677496902195085,4.7802503672337835,4.565693818797429,4.13987682506087
5.088742363318424,4.871366327404406,4.451888990460394,3.817066152101622
5.24993737940553,4.338638898286832,4.743043691541753,4.335904287337666
3.4654192527219214,3.6995032582162555,4.213095215534774,2.548503008444431
4.22055010576071,3.6528751332147147,5.259653008404085,3.2670037054928547
4.764635629243557,4.803335653543835,4.229069405665986,4.29195951679604
4.372698342895481,4.768316581173652,5.186661193689088,5.329005068052682
4.874575788477423,4.847656628502988,4.698304622399855,4.964447571989965
5.047820061548009,4.826141489899125,4.936265291496708,5.063537256591579
3.497684775048858,4.211951575793483,4.6593236635850985,3.256874001786179
5.017703687720162,4.105622989306736,4.264515948389904,3.8576338877765446
4.934950615045218,4.6484440101001745,4.7865789265971355,4.705744935564366
2.8922729452382923,3.6155718648760224,4.832545711959868,2.591943788413494
4.709122656761448,5.059743188556054,4.7341206591166705,4.678397993573884
3.781824386421774,3.325074903703802,4.571847096739841,2.0217998160284267
3.943320357724391,4.798415344978506,4.391107635673122,4.129176429624716
4.426665645551398,4.962866034202619,4.715057272822873,4.595314522356697
4.638395701106781,4.5199529997365255,4.11315083957439,4.497394146078444
3.4651439304793064,4.3309319604936665,4.816678191137035,3.7241946249945297
3.8942897665254415,4.507950263619167,4.3178525213651495,4.614802402668346
4.22861873930419,3.9573049891724583,4.492781888835258,3.577195121614605
4.9132434845902,4.605725076715573,4.541182661071222,4.472746611943821
4.840019114931798,4.199574292776427,4.535047522808202,3.842316735535871
5.431320734220234,5.318075927889319,4.3503000460287415,5.469686155688881
3.780899425203387,4.81831687542078,4.438380598248727,4.815713370943651
4.087397732216853,4.7268615322104175,3.891196119328411,4.228130129808471
4.735896345580997,4.717553355581689,4.634545565119069,4.29356138227827
5.127880339610224,4.57361205380579,4.484523161753762,4.347881219325027
5.045560753763932,5.243196862162988,4.72359714631522,5.027759248651689
5.067320744253082,4.333496974963061,3.5291612770979817,2.824783493726363
4.876448491080351,4.193411058817545,4.32021206722335,4.134948970858786
5.452034415396164,4.906548908738634,4.609819359408311,4.690512882333998
4.094803404864393,3.42728979567755,4.227312413248776,3.1573841482589704
5.230055441827441,4.197994069052539,4.785388692580094,4.0678704543379585
4.740985663627631,3.506216049548445,4.599957202317995,2.814076901185269
3.277088952256726,4.196721592704667,4.671341465653079,3.4328097517095193
4.614526274187027,4.3055835966347455,4.813733567201772,3.9023599742200954
4.1711981732406755,5.2601152257800825,4.350706838376299,5.165097679436495
5.484370796119472,4.345235705697602,4.281925552218842,3.992907299795424
3.723304881622169,3.0486266720853017,4.711881537962285,2.6892228194925822
4.951182814336632,3.846537708444934,4.874232599906979,3.45126696110938
4.331035343061283,4.168313763579768,4.705499094647045,4.267345755399763
4.700034383459307,4.290349360576012,4.821574120528346,3.6068533854507088
5.513986243846241,4.72940736736758,4.101295852960529,4.183568431668828
4.3180006953076076,4.191966757720631,4.356148122126509,3.4280665790705163
3.2730580769662,4.875424255277416,4.551693316407186,4.504786124017332
3.3918519169587364,4.350579221543815,4.303073944875547,4.384407371490803
4.60806163677559,4.469475121314019,4.749062856064288,3.863381159132964
4.623416157553555,3.5886649312721275,4.621110628172834,2.7318407500139794
4.249949827975248,4.572137090178964,4.6753444109109275,3.9695416716397167
4.983901741231397,4.8050368902984655,5.41869648110631,4.574836964778635
4.459577117742638,4.02377134067918,4.648606181288458,4.100735885666317
4.72981628073996,4.19852520141287,4.957480499284001,4.050776519909581
4.768706514040462,4.8041992881704605,4.4024417071604764,4.340680791894463
4.394455327852347,4.181622982941062,4.696945776577135,3.360247311107109
4.404523891245648,4.689307505270256,4.644335778799222,4.3954015478092785
3.690815638960091,5.167305215605734,4.534394439811626,5.153646134758107
5.126728487131043,4.876366876168554,4.523822997390309,4.35299507500583
4.733323353710596,4.704631641267971,4.85481552408157,5.35236869153165
5.114286577574232,4.397344534099191,4.756350166195472,4.172908882639741
4.213619872205931,4.6198380014200255,4.532505138962896,4.367163059349729
5.381872172769479,4.555278278044371,4.566659562112827,4.42420975706229
4.287842250850645,4.915716791363153,4.5186613520940195,4.931632827818232
4.929483803898973,4.9857714343396236,4.6716478038324265,4.341693388258379
4.391440461995474,3.7765583653026797,4.113666306031692,3.2394942537016314
5.418390551405443,4.535080748059067,5.014824148376654,4.212112577555033
3.920410458135065,4.724209409840342,3.838487084742036,4.3270307007105435
4.32799123412034,3.891235504403791,4.945000739919393,3.0671783128251513
3.9118919768657117,3.45698577352587,4.741810842034092,2.8554290387330106
4.816362372117755,4.8163883380304995,4.6026870927820775,4.716475959637896
4.402095125713703,4.971233128290601,4.68188685197569,4.128030478409714
4.773408774235558,5.1388989533794955,5.093573879691319,4.733151164601149
3.8597550777128364,4.503465443161316,4.691599445024642,3.4606396567783517
4.316352994742326,5.133948421949589,4.373497005813206,4.943801063084284
4.771878545653105,5.466006917644405,4.702441456012536,5.258446866152546
3.4579553716384734,4.90022412379686,4.137073198010753,4.509460109403539
5.074303222966754,4.7941771861271025,5.096088943096494,4.369693635689202
4.360906206649931,3.8889436416199135,4.849803391956403,3.108966557508425
3.752836097021944,3.9656626956387697,4.188928108857853,3.0327939876516297
4.543290311394403,5.446767241797977,4.624068831323707,5.0993270944553855
4.2836904103057645,4.132304814271996,4.273818292863488,3.9383025920554102
4.720427867611392,4.134529371439163,4.81507162355707,3.649556785906352
4.669585707045733,4.091577929147401,4.689674542594145,2.60423212825885
4.680839326861305,4.3525956563312524,4.369455098241874,3.845704692872867
5.548542517144203,4.908176117332329,3.9085238215907814,2.779688457716193
5.634670288289065,5.060285366272719,4.649577120152917,5.470792553511351
5.51153274886334,5.449741970316476,4.358068986002089,4.930629125953748
5.253979129407845,5.082742909248233,4.477670243246626,4.779497744652554
5.137876416632988,5.414723147989806,4.132817675223678,5.226924470935673
4.707760034312736,4.679390793402088,3.7878408080246806,4.00875097929913
4.431544100527563,4.597615274118577,4.704121166016559,3.918259093287798
4.376829474528653,4.8070449702390015,4.025694743294399,4.118536793229576
4.594841021024778,5.111187532195841,4.217181636116761,4.617153478358015
4.831625322161159,4.58934178301128,4.489977109265053,4.057903136705126
3.6702708579435255,4.081248129724602,4.54238846317167,3.663190888692173
4.722812661574945,4.392815215416526,4.4606775288096925,3.4645944106529623
4.205291314361515,4.400550150130103,4.728918051888467,3.400815901898485
4.275710214118106,3.825950783263171,4.718385782446382,2.9569696400599383
4.18515675977853,4.8795919912383035,4.619721787325427,4.609351620907574
4.725646560519766,4.190093819227616,4.763670140011826,4.140487445259299
4.472972867478329,4.576912231699118,4.6669504643969795,4.635468122864006
5.4350449866664095,4.892487740131845,4.396659748535195,4.543456226996113
4.510716144199677,4.932111379468409,4.69637128783435,4.658566816911449
3.601754429512786,3.3760003634662676,4.783152001575993,2.5324237671993495
5.15080829645518,4.536174274942283,4.784783507939966,4.243449176115171
6.0930194535677025,5.179479434009832,5.440631096526746,5.160829665542112
5.055689712486074,4.787698441785484,5.100922117681023,4.219923131000736
3.7157156988581326,3.8691821090282077,3.979204994789302,3.069358056282608
3.9796804096375835,4.07523862545492,4.4780512034579765,3.3346448496052745
4.359898815588113,4.313928085712247,4.685449650009323,4.144212960122468
5.630541909891432,5.242197862397098,4.614197820739907,4.856135120573667
3.917463519232309,4.61999696910343,4.213707671210181,4.410566472313338
5.375400754482148,4.443296982090108,5.010930259296375,4.133219075878221
5.628499829290696,5.251388803902167,5.035327841049522,5.233627518266206
5.182809327769598,4.271702605652672,4.198894164187046,3.9292056018103705
4.556589191147883,4.591550716482122,4.023483172414809,4.133532583578387
4.344905426347998,3.990790122354706,4.522579316081388,3.2669852418151795
4.078192376524534,3.9019016768329853,5.022787379264876,3.593943776446259
5.340226444688836,5.005952812157915,4.163382629825199,4.2308872611907
5.4907311345461105,5.266726599334961,4.543673700313726,4.7687353772276975
5.013836245801219,3.6594114077543014,4.477452254465558,2.687629078097146
3.262546244857798,4.1880099751207736,4.13096639640589,3.3682118743352256
5.1713221460983165,4.814884116923952,5.130603575352235,4.69408037494232
4.904863521109616,4.885817510913473,4.209328512439957,4.057468489722125
5.225889032995211,5.29557562769183,4.7251502640372385,5.112000135110929
5.007500858805202,3.8580317090513314,4.841192501204798,2.7625624727694724
4.848557213921979,4.366365386323449,4.906362264913982,3.5619220649300622
4.778620225591782,4.556135914553995,4.598970595791203,4.868438401018378
5.0072400843299665,4.612265694755006,4.162492499944192,4.829853225781224
3.509240274156457,4.537087994500594,3.9915103114260355,3.9250153581002514
3.5732092078168494,3.1739053165603126,4.276059818956609,2.5666326746167543
5.916814674419514,4.741329058229025,5.356302280883238,4.8060250005581935
4.7948495888681695,4.8284454694425385,5.260173956893279,4.93023332950049
5.116193844195801,4.6626193678289125,4.872414116141793,4.06964531182141
5.693335988788492,5.362547439066507,4.989038104106667,5.555108649251627
4.1367504132653945,5.356959560866737,4.583801046810807,4.941044050439922
3.5997420802065494,4.522012364021239,4.733541880189368,3.983382840531967
4.914106460723194,4.687345192020044,4.74579416746498,4.783447444778523
5.047521640330275,4.977399843271378,4.241297114379001,4.166138409328027
4.407393729192941,3.9456986889605012,4.711812076972239,3.190380836567215
4.8901907437898675,5.5048320059276685,3.961672841987688,4.937888137093742
3.6394289560014585,4.97857668855514,3.7821542006563718,4.440212779278836
4.114851885539641,4.759291711528806,4.649393158270772,4.483825342135778
4.978710186314533,4.717403043903408,4.026067036371254,4.159208114888605
4.59749565525011,5.315591138095783,4.109231098460055,5.24474420547755
5.435060183015272,4.5878732494653445,4.315299704110746,4.748589654729734
5.349817220060177,4.873915316784058,4.753633833210551,4.686468545774135
4.518133564087908,5.00000750246927,4.236888795970344,4.856968462098804
4.665662985982159,4.772539433273446,5.082005641908574,4.593618509285107
5.938477087340163,4.855167585127807,4.656676207390115,4.727390371895908
5.577819880515042,4.200336303394228,4.939028157932314,4.239584746820803
4.327001400945501,4.1173372255689715,4.556523631612854,4.070663761413236
5.378901546724045,4.643762710206938,4.013771073549819,4.166104418537935
4.905334715295364,4.613622317879827,4.614924955139028,4.294354034781228
5.562846903325089,5.376973518395777,4.499740831321515,5.368813002501419
4.843601868102603,4.932151464030606,5.226128083475654,4.860898022155991
3.5823943343616484,4.005638482855272,4.312244197435966,3.1361962810135156
4.318565260223525,4.629658105312715,5.100762765200432,4.174999606895361
4.8716841997349745,5.140171637148569,5.433750570863563,4.837565081001855
5.160135239986982,5.412473834912312,5.002664493093359,5.4247136576751664
4.640557097842231,4.34441037181686,4.870782307060901,4.308711154387464
4.095217120901701,3.5790512157500656,4.593227057617525,2.9595489520118186
5.804488871484689,4.853483260671684,4.594306781711102,4.560860411879856
4.498101064820731,4.745366325331165,4.615066303722818,4.487296145662145
5.302944438444899,4.933915551827831,5.526594285661016,4.6407340220820705
4.805817350967162,4.6226031124676625,4.5359901861064476,4.964332886851839
5.157439286872932,4.696342304676698,4.468930384588702,4.495794206083214
5.667962744419746,4.574834715409905,4.9880398296530295,4.475995395955905
4.805684525097601,4.314798069146872,5.43657124993276,4.2738320359957545
4.169450643116627,4.4778345197198925,4.8314371840812464,4.269764284000414
5.538886298652234,5.231335397909214,4.446931476592839,4.955044877901006
4.990441604566851,4.525908221652096,4.671565540354853,4.5324138246116465
4.718735051635196,5.171489136140639,4.500077810552241,5.01374981649464
5.479962209700457,5.127247367736768,3.3620041141473207,4.980492897784952
4.573239463303413,4.51302266120141,5.615525942706157,4.720207897641461
4.9468138637138175,4.685359908329875,4.5559667543413855,4.690402866860938
5.296150347192533,5.219861913504826,5.217010522492946,4.683838594933333
3.4696622378398105,4.306489049556636,4.710538121165042,4.1078106958479275
4.992352227224359,4.855286358252664,4.235369215114258,4.4697862620538
4.1587324817776965,4.670448491414294,4.729796738917506,4.539041834590524
3.749129958011239,3.930019975954379,4.55666274970738,4.037168243451602
3.98327457321452,4.808883525133846,4.028640457696748,3.8954078958658465
5.178639842435822,4.938264416552756,4.451147030945688,5.026892131356141
5.460786870508952,5.120446759459592,4.450293360431659,4.719195727496176
4.948310048848473,4.623354191177155,4.450509036743868,4.201652619321804
5.239818426196118,4.45419875733833,4.570581260788521,4.838832481537055
5.378369379495083,5.175463396374711,4.193711768993111,4.7997929726442505
5.394460470772695,4.425641540546369,4.920642828070517,4.095289020687229
4.208723886922842,5.362237910522414,4.154356876848485,5.292615587725814
3.7352095631753652,4.029899610732612,4.7982724088789315,3.71083981774715
4.179691815149993,3.6967101084960956,4.404829225335839,3.2344003739267464
4.746166785319434,4.403572628450048,4.428547676148308,3.778519316186388
4.896931824836237,4.722278012350631,4.840385885395672,4.428484853066339
4.461859634603441,3.9214731237989318,3.8049408054350398,3.8616991033111705
3.9988473282451515,4.523277278383773,4.337994883856495,4.223990372713595
5.819802928796241,5.166030473939074,5.025454177965547,5.228577729585995
4.815704600700377,3.6853207466091114,4.28167844069266,2.8289618537800405
4.6773239690450845,4.58616523308567,4.833807965010303,4.63205481093179
4.896337022261311,5.225832740611699,4.152418529204447,4.892968115315874
3.6234054838556933,4.2366597339815515,4.812716387387626,4.129036313490161
4.217910488937174,4.286110969196752,4.225692201569211,3.490542872020499
5.108025008480458,4.22907570522352,4.447711472514487,4.1175601051007895
4.928192475506763,5.013143872150601,4.497936457430952,4.782489021275631
4.4528847889077126,4.328814380369938,4.419820720137444,3.386348488536032
5.0701579296046715,5.035300292692428,4.818146006719957,4.871150647213443
5.193367132512105,4.748535011446476,4.038389136859884,4.001137313437751
3.532234462338789,4.507844669313942,4.689678714534633,4.200762068044911
4.362281374153103,3.9743629022164884,4.996536612191154,2.9388184596958276
4.825567636645618,5.034621895061826,4.5008878936218935,4.497995017436601
3.774020003654036,4.393134105106876,4.025884043582028,3.625739209162713
5.356788700474481,5.044998514276142,4.867648916766669,5.404934582188959
4.243427194667291,3.667249556723415,4.392033227167434,3.0237325845918535
4.5580599338339525,4.211719497257223,4.652141630613727,3.081992050149976
4.949094353053387,4.718332709667062,4.089320846940677,4.539251999697232
5.377769708201617,4.625546077018115,4.72589068809174,4.180874426893068
4.7803383896323925,4.354806218790757,4.643147156100713,4.198138162594132
4.0821604359331785,4.865117257916897,4.834373179527251,4.803378220770799
4.1127073526579645,4.065864198127764,4.360687633570738,3.65953076636461
4.9099351639696165,4.63346015601211,4.973862689894529,4.9066557766184475
3.923771690805126,3.999752357138884,4.6265847756168075,3.5839298074969568
4.7657181868701315,4.955575959406073,4.663577893027307,3.977130455763747
4.490428315717362,4.357227118110145,4.327153832116864,3.757115156013879
5.228005386348946,4.87955619803462,4.975345557239437,4.48786768083237
5.319744451163769,4.35573728321913,4.5294675728824965,4.660894954069729
4.002818903639672,3.6491479480104725,3.9397296442754692,2.721845553131271
5.882487168652206,4.816963086823283,4.658201478252118,5.311707069412297
5.485166967901156,5.230831685958559,3.395526693175062,4.7507999176354465
4.885053356095023,4.889611999296239,4.159984259737154,4.637893166213922
4.663573103934267,4.9045620954446365,4.457658647110151,4.806572490790528
6.0583129477883055,5.78976251536287,4.430122407338937,4.937397334951738
5.607436628681234,4.5356054035790825,4.1660956557591895,4.091081257340663
5.458956760743584,4.962893018587497,4.425703188870236,4.906877790660921
3.7426227466197792,4.8631813267109605,3.8797665155939103,4.691474268329132
5.022460854223884,4.497452047401138,4.57801033095757,4.623206962077356
3.787032636780143,3.6861406761450977,4.387601446938512,2.535621936886235
5.169080303548755,4.5069241125981545,4.844806821096134,4.570589285288815
4.481073530837404,3.8924354065557454,4.7552429247936905,4.033745807750145
3.1339262486372124,4.4708536839751565,4.832981746234571,4.234326361246634
3.165809441792604,3.239619546900629,4.455224555702016,2.10147352967622
4.873070294611143,4.727372068858134,4.6973539723484015,4.678188001472503
3.5199264625745035,4.118342597449199,4.662735403263723,3.8150938958076956
4.418229151878789,4.253320966813278,4.776059894937519,3.7905755519613327
5.003205938018363,4.924305088857137,4.530020131612043,5.131413124394771
4.1772682468228295,4.1807326312638216,4.49051424357926,2.998536550857187
4.90672718994579,4.004757498263112,4.295204945690518,3.439011599333778
5.065210237142786,4.810040781697791,4.607649308428901,4.478475980950805
5.839859320836608,5.211455844760065,4.25618931707174,4.101399112274255
4.3434939226574425,3.708683680970597,4.458966820451467,3.1896426777113738
3.136291745433463,3.2896451184479014,4.447171275128806,2.1147622189174125
4.923390987957961,4.623638711953561,4.688659985630833,4.353181883215522
5.418051681731582,5.726848003196943,4.135177535820908,5.9220327757418225
4.071774699640907,4.577774669832132,4.017897729712956,3.9697230283061664
5.086008579537175,5.163496327851465,4.526936194839466,5.058849687877169
5.141962464513503,5.1357523432766055,4.850252773468142,5.068110920769741
4.284609066387006,4.208021575792201,4.245393999032924,4.245106665448614
3.8830439710627935,4.6785271978433505,4.233921138357681,4.478048909075348
4.600658858208144,4.722382670882571,4.895958508883083,4.25074667147105
5.188921726741218,5.1031311968766335,3.6785855830271723,5.2716080510206025
5.184199360781793,5.004513600997139,4.320500006522328,4.927747524109087
4.484081852070346,4.580813291292697,4.928537031140152,4.796261872294372
4.241439585956322,5.339255133090958,3.82643355362761,5.226482388888643
5.339698378513176,4.897057809562378,3.63139813186067,4.394955776918831
5.055111173015426,4.592850450473947,4.639008676313158,4.257521857226495
4.688430244450983,4.774392669522047,4.545300370311942,4.590089071452694
4.44042300426448,4.613346460096741,4.745253256704549,4.214006742869361
4.556374391840268,4.568746371344791,4.642938769809161,4.187393786237658
4.660994707971041,4.782316893794734,4.242863546245453,4.5394065770020156
5.026465034514894,5.51491019184713,3.65550012028387,5.3186447754534365
4.4080223035411565,5.388825431035963,4.469701937326806,5.065164054510709
4.503040346536035,4.98757380558331,4.245008598544941,3.9924346908970634
4.538821569508583,4.947210551338313,4.580388294111792,5.170027451270045
4.628900427452834,3.83705925781952,4.683791553731506,2.975889453830941
3.911594614566457,3.706570276436653,4.757314574463927,3.3544994955926515
3.8207570981557626,4.526691532820189,5.053550676148854,4.165100622271553
4.6087007976226015,4.441250578253138,4.505280196885113,4.771099858277451
3.6017346337912204,4.238728721372989,4.556519468860007,4.216499947162041
5.437431650054745,5.234953680189583,4.559177702360126,5.255930627713805
3.6616215835885355,3.765737111215294,4.819847354173579,3.3604182453660845
4.995502237345923,5.118189192933249,4.5792748014188716,4.906533132236978
5.013235918710862,5.366981876595015,4.836721624720069,4.922351965031949
5.3697128540676315,5.0012957087417185,4.615979029132617,4.865476983567876
5.616637391018554,5.323909267948641,4.986035808900671,5.7619735044417055
2.86732048708617,3.8727127772243133,4.4487314800011415,3.6914512457861086
4.020197914182475,4.749208600942588,4.670989666990175,4.461909827505698
4.151945868849703,4.0241122362060295,4.218675522170533,3.8795271672719687
4.282239419731743,5.304066591148243,4.6226198496431765,4.9255155680282074
4.597598975116253,4.581954183774016,4.286563094732348,4.354394984975526
5.013967578627698,5.047233395370901,4.268626666835202,5.169319241445271
4.232454282190205,4.580003820464931,4.490249042105505,4.64281606131721
4.682541961100887,5.203209058930013,5.0853139806480705,4.752110005666874
4.108679129982591,4.526576162498568,4.68733909787916,4.034091498015642
6.0580364781946106,4.671666740060556,4.1768741105227285,4.226558012766178
5.721025829278361,5.5562087434319265,5.213160196327848,5.080149057164285
4.797869941960428,4.751611573491872,4.757663879435278,4.480482199699987
3.5168308629847234,3.6553099903339183,4.426718862874546,2.4261966582291437
3.7737175310499973,3.9642635356035227,4.718230220308734,3.539925506202956
4.88250489445271,4.590998850095998,5.069219974049634,4.350157400540913
4.290099660478466,4.339970812411882,4.269878662972088,4.068321256303086
3.968916249785403,4.2771942270054,4.648956813228551,3.510941680555961
3.3987668121512193,3.127636989937341,4.507969006916475,2.955740598820496
5.718503013418342,5.220320400398496,5.318425007251125,5.676091107649388
4.810940116872859,4.626560808208014,4.891104209884752,4.459552735130133
4.399363087430631,3.9633992266703038,4.547814681691128,3.5444132590205992
4.382754042508248,4.356746477426542,4.8606872331955,4.2020242484100825
4.884312176916077,4.068490187604598,4.853263494852731,3.051740976803772
5.458791513299068,4.948550826656382,4.921226213261828,5.300963731581702
4.678453566743251,4.755524013482671,4.908437487511711,4.7376201103553734
4.4106860880544545,3.862147351019755,4.073262315661879,2.9510204952094927
4.577697047018372,4.588810610424317,5.02174176470069,4.860672135181904
3.1190596744120667,4.157316965152798,4.503315675758951,3.390248697265005
4.40270732190546,4.006059790039046,4.639200324027746,3.3252908300147026
4.520807216769806,4.140624887461737,5.0687739132727945,3.6925488847202064
5.060389370865001,3.9409416862181996,4.765084075984236,4.274761448813579
2.9627196648857446,3.7943528732476115,4.381589255707142,3.647313575307121
5.3959430802473385,4.985143696559351,4.053678760669279,4.56458383700476
4.306584856583402,4.305754427260365,5.183788273616826,4.064083131254371
5.578846627260196,5.253070380480507,4.035578790961015,5.1238992243455925
4.522149054325444,4.6532153580561,5.2121717557751515,4.785074409914387
4.465939309689348,4.284045495347817,4.496703881713665,4.148614876222669
4.595972905194565,3.80988307117096,4.792921565071864,3.7940506529888722
5.171208779553073,4.699810645990674,4.267856529081243,3.9245515587804847
5.204219363772709,4.985566095067134,4.898793253370477,5.041319371127731
4.3110793892838215,4.7126924533087955,5.0656947165725255,4.602531044501543
4.914043807494527,4.588840232625751,4.958720328562088,4.477687114130574
4.8322178703525624,3.882050551476101,4.357085149988719,2.4828526795372396
4.324900434674179,3.6900992320967188,4.388834511979684,2.81396953759838
3.9833704034591895,4.118705759693036,4.7624520992163974,3.7285010781804044
5.035511684108213,4.550787878180121,4.785372892186262,4.972124757885275
5.2292490755102214,5.053130368718351,4.175021629734962,4.182076785455355
5.103569535360863,5.3926121141710155,4.694959845125868,4.961874278626336
4.571327729226931,4.036808396496899,4.89490816905779,3.142679625877388
4.330371830514733,4.818673724271489,4.260160226850335,4.701704551679081
6.350286925753553,4.98141982342174,5.142334377729484,5.285779092758599
5.305626981540456,5.023539813351144,4.801337299071101,4.853484055559486
4.200665790158807,3.9730711203536777,4.716169440865353,3.470863745831745
5.519082485063278,4.4713609021947285,4.400211483025212,3.9762796381583656
4.794447216813671,4.510748070840283,4.664230273986688,4.591521480706787
4.119175923637865,4.41953826455318,5.30526764006245,4.2373380671174194
4.269619716520264,3.375751237882779,3.9233883420679865,2.708516181980185
4.2300153790269945,4.698442705709781,4.504757211568128,4.348275264509121
5.205646998757064,5.053765765092376,4.561406719571978,4.3409847216405755
4.545345859205867,4.443667018464322,4.953471179079451,4.18036827685956
4.979393781581848,4.54055408527853,3.8909436272899387,4.229984681808928
5.123762713257023,4.416062978565243,4.803338596889564,4.46543337107355
4.657706285690746,5.465261516115618,4.781778897246361,5.65760040955604
4.809169978306553,3.943852397903694,4.563911018280005,3.3828042326249936
4.648967569554268,4.313175692988431,4.835229493412138,3.834371553292646
3.529889675204458,5.2718087514479635,4.716813247199494,4.944451460161821
5.787052262803939,4.6392427932089255,5.416684951644372,4.351390965707995
5.5401516961539485,4.826333694154971,4.87511392756996,4.466957986949056
4.803530734326555,3.788693869580193,4.639340734259674,3.4516368296919744
5.249288254999069,4.949690176709041,3.402213901893098,4.87553213790901
4.415017768772706,4.798037340815817,4.868153066988064,4.258475989768631
4.6314970468947285,4.717866898065807,4.387021325705576,4.153623345421167
4.472948281522918,4.5851090185712025,4.896103830287608,4.492515127874069
4.357817811491931,4.333181621413147,4.669399144927858,3.4162480150870116
4.308718560061069,4.579315486813785,4.919872728208831,4.952409238696756
5.170571410304051,4.2281780644114955,4.835183885454468,3.784030772134155
4.002651558293684,3.863185973849995,4.54367021035531,3.2476884805859414
3.1523145224682154,3.0845126605319235,4.53488401306694,3.0547140544600557
5.046801831741259,4.35359072502865,4.865683619841975,4.1067299514031586
3.8432102058305833,4.403107529161871,4.708543155840321,4.232877999001276
5.137978066067231,4.448233977303647,4.5254201947971495,4.220128827854559
4.518497615329571,4.363540192715264,4.411614326110661,4.125893213288897
3.629819057212663,3.520771780861246,4.905720054136993,3.1687758293805652
4.84752911527362,4.800032512402454,4.927314865766143,4.563496366072141
4.854616862694849,4.50423325233967,4.966428432593472,4.494938796274315
5.780678207728896,5.337485032364651,5.608135619585326,5.852770538445045
4.444800087984652,4.285718097039303,4.811945330846767,4.865663388919429
5.151989687728008,5.270783362814435,3.9435289900471795,5.602142405486094
4.704869809214932,4.335928729055138,5.09891969006599,4.318738767703958
5.805990488641077,5.412389229360299,4.421494059859377,5.373745662794118
4.862623326611304,3.920618719787778,4.733054247950512,3.64184640693343
5.148900808966556,4.946483425285712,5.384569626022177,5.071106940912451
5.399320333539138,4.8049428995105306,5.144170556592385,5.3279549478463535
4.282104229599251,4.7061060668893395,4.530586709515595,4.266126016658493
4.376676134435167,4.524408830382247,4.7773245567042615,4.503715522176588
4.228083403576786,4.248824998954899,4.746441920457642,3.7409350761333324
4.037981817051155,4.169324929081325,4.790200146304134,4.058774585987933
5.890229073457923,5.397843822411469,5.911843921919677,5.850636067487166
4.372601660406847,4.784159477673398,5.110300895065595,4.929412706880847
5.0903260871726825,5.334591516012519,3.6527532780646754,5.289060581806016
5.238154390819456,5.132883999594128,4.569056438263269,5.021629827760592
5.884885674680718,5.7550216649782096,5.262363736671222,5.40863735932479
4.148904072732062,4.052993534487588,4.979756557668524,4.446166743356745
5.634430682273839,4.908444042228723,4.110266553251849,4.430269462614372
3.7409107560046166,4.643204805336146,4.799124698308585,4.47636456436974
5.009686801006352,4.604904224490241,4.272392683880537,4.057411637602403
4.47669578624642,4.826031050765208,3.975271726678003,4.17924199047738
5.335457406269856,5.030523216921717,4.865407996778698,4.804346143172337
4.675269194918947,5.074549315078246,4.181091737279296,4.6539209152511
5.059936636035676,4.495673046334663,4.615986460297139,4.569255689974366
4.8518201561211916,4.68720235139374,4.501587654371299,4.489201022386858
4.08925277759685,4.641476470024459,4.580560360346914,4.389029017222897
5.443217130805605,5.483848473517939,4.691420874469353,5.503053620099117
4.113865038481394,4.757419673257396,4.249579295679399,5.060589203639117
3.9754967914671666,4.239963134848541,5.187511467586216,3.5882936463458033
4.829988098633174,4.596940101578181,4.571830544255435,5.024118824259851
5.416345611407315,5.534374099318179,4.265905619466798,5.470538044667038
5.35973657142056,5.3973546759837365,4.343444390908491,5.269744047516219
5.2951546700332734,5.06807644567704,5.048181356038066,5.131440311167662
5.246329672804529,5.069352861254597,4.512934214863097,4.3366904496617575
5.035062776423199,4.923934840306474,5.077815892608955,4.85117376930709
4.796531048551358,3.8203383773105224,4.700679344938383,3.781626484811418
5.473328317501758,5.717265133495397,4.802430785686977,5.501717198359836
4.53592294068193,4.466700851543542,4.971465578099795,4.578311423157927
5.20067983550529,4.415517913543495,4.95437458068852,4.070622747480284
3.5661324597024637,3.54384662648412,4.647075364275146,2.9434981432446663
5.322420467884464,4.704692282830619,3.9950506554689613,4.446205166638176
3.9865775938773256,4.551630383867583,4.685591707126484,4.7311667491782465
5.2986851273373485,5.044482728321469,3.8710666439439874,4.746618982909986
5.231240969750361,4.854809036555532,4.288159877291428,3.8617269873919735
4.703408338100145,5.36270983609965,3.809234931815625,4.783417400766367
4.582805056131355,4.1332368177318335,4.665882699754611,4.06337352009932
5.108042694664228,5.594106548458333,3.5628754087669994,4.910401262533083
4.3150074156864795,4.616646370489434,4.151235339826821,4.778397842974003
4.637593023129921,3.9549415732108826,4.9864004379222475,3.6848689576392037
4.363338679451427,4.585992702390809,4.365021377568572,4.394601244213153
4.38739084472285,5.126952333033351,4.2185490175680895,4.531298719392359
4.397868662287359,3.7930831693259774,4.739323455382133,3.5966372620701
4.418561713943208,5.154191950234812,4.072679518440879,4.586681452518667
5.01582886454648,4.547901910348812,4.067748693867803,4.670924621611845
4.495557295241455,3.6330161330078234,3.965282361235917,3.396495294689484
4.876265507123347,4.539481667581929,4.216082006982681,4.598692931179761
4.606845619123736,4.523404121292938,4.14907780477936,4.1926812489714935
4.604484991788509,4.615630846764134,5.191473873635805,4.74360516425609
4.661306282136108,4.709564189916884,4.4518546219116075,4.566064134848342
4.524185739234797,4.668651584349264,4.805733207550648,4.216881142241236
4.145236075921706,4.2566714682586015,4.512935414832418,3.9969075428984944
4.54934665025775,4.641576287981212,4.778738353373445,4.203672195078584
4.631357222295816,5.003670767544229,4.673654027967139,4.786251306600534
5.391364031449995,4.8481518880394665,4.906568712750387,4.322352198020149
5.08820497783841,4.680403340116067,4.464818261506913,4.573830182137462
3.616887790335538,4.02135498902277,4.2969529880493775,3.1858541256809785
5.0695761827479995,4.963431321620235,3.978027450785091,4.685163501499578
5.690107788812762,5.068612063041521,4.397678631377328,4.956541928972413
4.720201918780811,3.9916307553162382,5.26766139984376,3.7987215407998254
3.925662408138299,4.013299589589899,4.9801767164947,4.434561222667502
3.615738192950231,4.05197606837783,4.4116501895174,4.032835177872696
4.807983952718918,4.627769859111028,4.385377318981536,4.122341253324035
4.656752965708293,5.005942748245297,4.78936744922486,4.544785269578921
5.162502701109707,4.260044839175221,5.100554963821939,4.264199026022575
4.682168028386037,4.09791470875633,4.717171938556076,3.557887875550785
4.690530359435675,4.402492259904868,4.8751451919082385,3.8215985788543434
5.332249748108399,5.003954242096888,4.261161055913982,4.946184740085876
3.8908711467366053,3.841885193631415,5.042734457906397,3.2597090156087702
3.750437466566568,3.867581732885149,4.968436350818019,3.111888339573903
4.84735998246358,4.908497788258418,4.771703751258765,4.51690529031506
4.839590122733351,4.137756736475108,4.624722358911395,3.345241523549757
5.366280789096834,4.6789367320512225,4.325937628349953,4.461541868286369
3.332124109042525,4.261837897604629,4.0178400196108575,3.31119081317483
4.284223654223146,4.354116848022557,4.432766878000779,3.705752049322551
3.9484719012506253,4.3801685371840895,4.734797153822533,3.818855605767333
3.9267865160624362,3.8928312791490547,4.0470761800101895,2.984061016572876
5.570713904621404,4.987945734866626,4.2448413436579235,4.491069099758288
3.222837879380844,3.758066379501779,4.299546284800522,3.1722369858398
4.540682979991652,4.3432921253459975,4.501846203141641,3.7741814036773773
4.7724442899578206,4.856537416034097,4.29053804866927,5.048918791483992
3.348865599397187,3.7756851020448114,5.068268694965434,3.162533947356938
4.98503936969283,4.16810713337291,4.38642065489641,3.7026498048620566
4.865799206068355,4.232051683977762,4.637685626314784,3.5446957570837663
4.14367295941872,4.013525933195121,4.2779643815090465,3.704936283765973
4.9234441108349545,4.6503223947140855,3.8661602061702154,4.115624437152107
5.243740401286988,5.389644319032693,5.372526530834952,5.075454434397941
5.445866714730729,5.106164916719233,4.345324089003144,4.745411359820197
4.125309719682765,4.54951474928946,4.811633076995489,4.9285565329315855
3.827784106097916,4.206971258045577,4.971209609744216,3.7420352920523583
5.112632736883171,5.419821754299737,4.9434775970550895,5.365634150597364
4.541784972057998,4.4228579871499525,4.310937477787584,4.044490089157289
3.071733968072001,4.281526182478708,4.826224627700503,3.1682964084391325
4.216020568817074,4.296703946929792,4.764884329289673,3.74405378733702
3.806011078279211,4.30014704664827,4.7796245840016525,3.1559939273808952
4.634202450457527,4.352730257516377,3.9325374409417946,3.2650709272792806
4.551229042660835,3.770469288576646,4.686256496075236,3.9771799961573366
5.235194887281987,4.992603735314065,4.722057601942338,4.948640525049212
4.648321621387389,4.964619512523902,4.212772569512726,4.6209545842270865
4.490473491092302,4.688225521310434,4.495199877172825,4.589521579037168
3.8200527474994725,4.213557429257313,5.091183441088106,3.798044489329087
5.18839035313802,3.8836232725120263,4.584246469260496,4.534889945358925
5.397081128918689,4.875163400924999,4.757835511992368,4.649256254727649
5.181685865693984,4.558543117513328,4.745435635517216,4.605409597687378
4.376741965181393,4.322505818721489,5.106465042261579,4.027433305122516
3.785075005112985,5.455502984377607,4.9911326472862605,5.174718916665618
4.416195184326642,3.872438589977562,4.853607776851658,3.673551012902506
4.568876680850436,4.542070638906344,4.334702776657462,4.072945184887973
4.3252762545342,4.08420227322803,4.721646515945962,3.4088531499869665
3.7413891201725766,4.316525921978385,3.910036846988432,3.6009285640503537
4.40144081335971,4.813497217205678,4.812107651524908,4.619127613376126
4.051352290048013,4.888137122724276,4.282852126590078,4.382274421804496
4.867806468065339,4.269203157253993,4.786812802938588,4.095918666928786
4.828908372491054,4.6890161683735005,4.457648315745715,4.513116793903935
5.716156831660275,4.788652705835119,4.577987047881104,4.664391416073623
4.725269216028325,4.811124388278145,5.0771092360001555,4.19284989878396
3.975950470061919,4.3884155131520535,4.750574058569435,4.508628666135459
4.475757333954971,4.391207680275172,4.229792848606608,3.978420333757424
4.174594791085605,4.47136957287489,4.777000529510188,4.681900351939626
4.284124268797422,4.12002999571063,4.596914565706444,3.6343802035427144
5.389808713078257,5.1345570890547005,4.545905198063984,5.218128304555247
4.628497323931615,4.024561090539268,4.727230639731418,3.7621825426409483
4.112736023467165,4.166510326436119,4.65439936009712,3.2104731852324115
5.234619279636207,4.974343407334508,4.81259849826118,4.7231864409986795
5.364851855156118,5.289186241177709,3.617163565411551,4.96568564743972
3.434070469647456,4.18494635433839,4.570849049175051,4.384417557823673
4.657122310415555,4.743051109023479,4.756110542335069,4.435638757686767
4.286523278922548,4.184076457055337,4.604004451563457,2.9967912487895263
4.678379115448811,4.09904194702892,4.3732214888857435,3.9217567913317786
5.075517704385117,4.481499946006078,4.939728586639188,3.984318895459713
4.039759673430478,3.504439586705751,4.47163117661904,3.081017847662305
5.496805612354586,5.126236155911219,5.279100408876093,5.209874907853197
5.421059307467764,4.6846073180666465,4.364636427146528,4.553567070395763
5.317962168857416,4.642926904599074,4.800259549733563,4.628352860776298
4.96186035947722,4.381095760914885,4.570052181021875,4.02933594531054
4.989822547350989,4.680470713014014,3.6199793964259004,4.1898858875205
5.179038341555537,4.514172905679652,5.261692826506362,4.5245980421572245
4.827616047497366,5.326498059122152,5.003692016698477,4.822123004083127
4.903306358702465,4.603873769843991,4.460550648113975,4.028154024566333
4.192353398920056,4.6969283883458255,4.880055665641929,4.713009956018357
3.526978453920852,4.5837275062879925,4.517782378779847,4.19340179672714
4.754205113269238,4.51616610507573,4.242062454323867,3.420831972898252
5.66365981650381,4.779085411759414,5.084958147395921,4.926282609779723
5.149411217888238,4.682194038285176,4.5044421290022205,5.001078675716999
5.18734386343954,4.900047743262799,4.372203623783994,4.671962157585538
4.058666759181478,4.217726645801889,5.066747887327875,4.273222784892234
3.5045477646331857,3.7681612220313583,4.146280288197978,3.424414498222362
4.09674911711185,4.126900118946384,4.682441682254937,3.8004376328796288
4.405575579900981,4.2217613412437425,4.4727202539871325,3.5950357550017746
4.092450639039139,4.129052871542479,4.825202446108277,4.357625690827676
4.226383574326739,4.34084968499886,4.70860745956527,3.95993413940141
4.771370089795217,3.893857921905288,4.533087961029197,3.105584921742689
4.292121481213458,4.343567634163028,4.909960640995534,4.127742157220167
4.495676406038149,4.6224762767457,4.6018564486636935,4.297969510104981
5.497453395971944,5.153259539268845,4.508746684437691,4.557099939678424
4.989309093015261,4.352640773115398,4.806166156205916,3.85658405756539
4.965332661771705,4.89453964328195,4.681164487173478,4.0497830577599006
3.5833677422524643,3.6327244171301323,4.857581909226161,3.045607189883168
5.24303668952641,4.952670368989935,4.178025506900221,4.480446403228863
5.629528646464183,4.971463322322974,4.808780972444854,4.597167952980622
4.996960731835776,4.621818358242386,4.449345061930057,3.9902407876508175
5.3286758405746575,5.173051515159461,4.892288346012872,5.559617399610822
4.433673070680238,5.460213156099701,3.605061018957937,5.064134399304512
4.480045691162285,4.404737198911389,4.752296654916726,4.088671544488916
5.2159033509397545,4.932125250929507,3.9267375170861385,4.744017852928242
3.993971454974036,4.881016049902004,4.559961806274529,4.377812907227177
4.7797810283433195,4.626720627915527,4.887871548715062,4.792375854569348
4.445267364841798,4.8404665565366045,4.189467487769419,5.030239961254484
4.447316556697137,4.015146864697554,4.597294480415563,2.871122532463159
4.829205740408762,4.204531555290073,4.563203643038291,4.236948620328216
5.1510696586548,5.230264782964259,5.518081543419447,5.401260205165535
4.947039317323519,4.340055573106012,4.220209733965331,3.36549882397892
3.8507367058409514,3.4839109486502067,4.4723835849031,2.760167799495369
4.447321974894955,4.7772016555211225,4.606549384288337,4.532446820206685
4.84236503700632,4.658775458813446,4.119444652180063,4.610017811399061
4.608350948856066,5.233951372885097,4.261732185098624,5.394087830812229
4.062426305625548,4.408588587629683,4.966811325369959,3.966720540323163
4.19278055893463,4.86335167570538,4.690376368674598,4.321918831828298
4.824252019209949,4.352950256358007,5.17234278862687,4.376090698151932
5.368377528481,4.69274012025712,4.552679999109437,4.369679668979506
5.406539847754656,4.826873280940715,4.383373749741364,4.648791867046375
2.553311586542915,3.971167055938839,4.608200696856033,3.757252366288051
4.984321637266537,5.041200460063267,4.963400052893963,4.980749636888564
5.147863116161027,5.043753537902497,4.285653760438232,3.8617006979144226
5.271008308475255,4.547890322525461,4.868688898526666,4.585773895333967
4.643827546814331,4.310075885596398,4.552364151570707,3.711689291775267
4.986342690930353,5.336739148110902,4.382135366777376,5.300201974367775
5.308557658936937,5.200082832846645,4.577809319624163,5.7902005812413115
4.650500242161659,4.733854543391724,4.464154602552151,4.400807120213247
5.77226088719824,5.038222635875344,4.496057172992336,5.013839253499186
5.963934194731144,4.711211291735467,4.887360847345639,5.028765324905101
5.130941820416575,4.970857995163302,4.420018622274952,4.2922785654499425
4.331116846367669,4.038533369870404,4.635120076943129,3.406962766590112
3.980347520665549,4.072268634580492,4.760136638696475,4.337168075466993
4.839292135186251,4.75646484231066,5.14750379289842,4.611397723823025
3.8338039413519183,5.17193671754,4.276634322001747,5.185252391043735
3.989081115385991,3.7613403168467623,4.936095990549307,2.909734978438015
5.072578665200718,4.771589029051628,4.264309437512658,4.198635294217948
5.284156122138844,5.054459030577384,3.725487441773099,5.120411660950993
5.087974200042341,4.222434265561906,5.218635566849599,4.118733225610777
4.702095625533247,4.401781913575411,4.5999411517921915,4.66155304624575
5.437616760773691,4.482588587178943,5.296579551877592,4.010733122536195
4.857529511969796,4.865303586877852,4.237643615368255,4.683088477386561
3.9568192261290625,4.1556056527447405,4.278116549708824,4.014402555054039
3.250859509588829,4.202631656666892,4.14826296571404,4.274587359877868
5.052816193121336,4.3803387996589125,4.50622174864931,4.016208355961592
3.2616607400032853,4.120893025522143,3.835311911596575,3.9640956030881314
5.6662669509123145,5.177342391491342,3.6036397609847963,5.220548596547233
4.523481590020101,3.9462053159229704,4.314183550809974,2.6030288957663656
3.8453752596033373,4.5987217276584955,5.051899928980797,4.198487623131945
5.120689555558328,4.371056015548908,5.023811117814266,4.482853845751555
4.297916782945056,4.320118536842936,4.469360281226275,4.214828802334441
5.038948350536793,3.8340870463153096,4.312897074272131,3.181844514029767
4.450760436148636,4.298421221662338,4.620042841581997,4.4326675428985105
4.127015246287603,3.7480289844577572,4.489945134066045,3.0447543109794437
5.332380612507667,4.706335048122872,4.947066222133181,4.128489870116648
4.899023428356294,5.1665516632798685,4.395574729412174,4.966771317678873
5.921949431131467,4.56406994246112,4.862177919777962,4.742774403079519
5.735564951924978,4.315925179243208,4.459248534958935,4.041852980014392
4.723781468846222,5.235182191238934,4.7482153762634,5.289591116363774
4.53845280972348,4.628558806690525,4.215249478517179,4.761916005483521
5.24933022209902,4.934677117125521,4.554232537813581,4.674010456209819
5.196591054510902,4.75533235805328,4.399662022185781,4.1571365768538655
4.363482561767861,4.501421941297167,3.9370195849662144,4.613299083732138
4.779513985861538,4.632129132480574,4.7791835673163785,5.264524031617478
4.864603425260753,4.18273220482669,4.525661990906759,4.147258886563575
4.650887794948698,4.22563996526421,5.070660181353183,3.871912035208111
4.881269685184836,4.683684374803319,5.159301587629058,4.18113668295216
5.709051574120319,5.4241021628457595,5.449554015729292,5.840799771499656
5.122676863633074,5.672579107235763,4.592190726193148,4.763675622884656
4.873593904519765,4.845832057110563,4.072794374876684,4.1169748430159885
4.988104808124323,3.947026268695863,4.948331021580532,3.8563963836074904
4.663596631860125,4.202703130578161,4.837024427193833,4.03312918427184
5.523619925095531,4.862230558765844,3.9429657800399895,4.812648153070386
5.198650492912851,4.533138135568355,4.104764076442277,4.2729206657443175
4.262839126068087,4.985360505364234,4.41216727309516,4.980911411865999
4.771541413924343,5.362469567256798,4.688730921101094,4.9549924405830845
3.767892893810309,3.451639199822043,3.9740912753845747,3.5616011714906217
4.718210210154829,4.014155813501283,4.155995414225518,2.9404219878385343
3.5881591296593394,4.382379745218283,4.463758670120242,3.6026446736977507
5.213192502780774,5.191926374555665,4.495460701115774,4.603758875005307
3.2745910735714348,3.788600322342705,4.513555215783598,2.6318197645213846
4.039665713116664,4.761709879289832,4.738106925516483,4.718156100810246
5.307838668282512,5.082855813453369,4.591514585367432,4.743292623355512
5.033291654382047,5.052192078708937,5.071982690656485,5.2101159986014975
4.52935026657692,4.51689911474715,4.995006166012445,4.848164630979208
5.174717017133522,4.93678885602034,4.099907915617914,4.8256806770376555
4.631732328987887,4.961053555295382,4.855219012926595,4.760787730137825
4.56194557284371,3.6628757285328764,4.234958015401455,3.024148841802404
4.373207780980283,4.256560219859567,4.5700897470996065,4.005945971112533
4.184109282703706,4.064618637693857,4.631033211474556,3.481874964830497
3.860555146020689,4.353725891979667,3.4711841593445776,3.9126417055035505
4.122624344756732,4.587564272730853,4.210577521906862,3.930044557220545
4.744493938305459,4.061053398098895,4.731302014151668,3.0493592314825455
4.118313784738799,4.461931872939705,4.85696149309773,3.98629750690579
4.4354178906982265,3.988413535616631,4.396945967653754,3.656849401907216
3.8828772086136594,4.168529540281721,4.455068238150496,4.0946231208323915
5.243288493696356,4.075535035339705,4.808375644361403,4.145139955686281
4.685089598914569,4.170038611297378,4.725688216474365,4.343140629579466
4.76253231402432,4.796025800703797,4.459816155499412,3.9631063870749523
4.987050951784367,5.122727324690421,5.457470405311695,5.309267342578699
5.155903993868152,5.045687584500929,4.4503694788673736,4.528787863700829
3.919705349417509,4.513036956095481,4.288868301465642,3.700407512648572
3.2487729034066786,4.734965687902302,4.72699456067707,3.7439160261318065
3.582833670668158,3.3879081265172206,4.590213820567964,2.811401094019741
4.56311201385678,5.071361249362781,4.716892778098503,5.392212599711217
4.147037822615945,3.522763437861746,4.087082230083391,3.2014515864308817
4.770569203494114,4.501693275468574,4.192526239982817,3.9142801932764497
4.04797760265771,3.4907932196361564,4.425280522416408,2.4540681392644736
4.782025622386076,4.212692767074747,4.436656306281978,4.147063921030885
4.000189602920699,4.280881551499531,4.766823183896538,3.674707264390029
4.932012477988237,4.11809571878618,4.65062570639116,4.207721562453327
4.701652934581724,4.375909853739473,4.301882943229014,4.484376748834503
3.9918010178876946,4.327428465076385,4.332779455743713,3.8857657872123554
4.587770897779763,4.766262118347097,4.665446241565442,4.75727039079833
5.472422751162861,4.828955778659607,5.5168334208497205,5.250540408405359
4.0064713976731205,4.228695498933149,4.815555000924096,4.113692009566126
4.099788874797523,4.305111369382002,4.730988454362075,4.272350907948521
4.805937495641219,4.3316562360159026,4.74191516584698,3.3994794098039742
5.0401504408607,4.273895333499423,4.846258757314736,4.0213573215074705
4.075572328395575,4.321039865534082,4.85226717144325,4.109518858565585
4.092211270798296,4.552472464863457,4.649556497184482,4.3809996284530515
5.292427959604271,4.828128327069776,4.810162864368666,5.085380036841587
4.24411760221971,4.480492687063029,4.528331045786653,5.12361803512204
5.324307361707336,4.7016256551875655,4.612549187240931,4.624084827299021
4.915071603376873,3.7825867892747476,4.720638245412032,3.815201571169775
4.684672919249552,3.710481140439767,5.125764040754305,3.8215960373578395
4.223994242105124,4.2288884057628895,5.037766091447354,3.7400479204407966
3.8444127775901356,4.296100117706738,4.73648327300112,3.7029740747985875
4.291485170676843,3.752697552886054,4.739848380124025,3.088877696423495
3.709578441417676,4.46233696599991,4.60162553133798,4.581682104297278
4.730720699123825,4.356793569358344,4.919219616769721,4.18629711836264
4.983584983014786,4.872038738185675,4.615468430876783,4.307687369364482
4.60631805707957,5.219547636891901,5.049184364754797,5.044205001141443
4.089084326998236,4.579238840838362,4.376619070732913,4.670439409134156
2.98781231858375,4.2642671488549535,4.366855599391613,2.9857843794721806
4.199209957795751,3.9645474415240374,4.232074515467257,3.8361811178402405
4.841966160588677,4.608669172054398,4.933753601577674,4.520218898482283
4.543333780781817,3.9126937851476358,4.651883012566916,3.314008080994771
4.141392681199922,4.7959691932469,4.752598122645095,4.572613546029533
4.889622212446728,4.3310210970247285,4.678395448758043,4.061340017453013
4.2992531899052135,4.085544806085087,5.276584181827169,3.9845690206946127
4.158414248887744,4.536656323256505,4.957812819630057,4.000365072656748
5.3658011167256285,4.780981054857507,4.282549895548489,4.440692801712227
4.226310472121632,3.117847999398835,4.677494862894256,2.6015278489729083
5.761791577798739,5.166997252400421,4.439129819205564,4.720651861679344
4.836303211341985,4.159840019795265,5.098073571185769,4.6749216932216955
4.988992190058099,4.048252405964027,4.966580790170615,3.70336771043005
5.594272114677535,4.451298474568508,4.6209143040941125,4.820061254873786
5.506893295970544,4.858916709240409,5.10968659370836,4.542346014948573
4.343878144142056,5.085885831275719,4.524567153603588,5.49824311883875
5.021230107230581,4.9517497355626965,4.980373916270905,4.545098551582778
4.40337162670419,3.7250424615141964,4.593146345320096,2.6129384608730812
4.10786829712206,3.564482642271763,4.162005536236294,3.860715195810665
4.999140280443384,4.786069981079963,4.6102922699748445,3.9368942150593855
4.981180234869771,4.542833927597594,4.674734554558437,4.0313398677813
3.7320858437618782,4.0423416413048345,4.468871778417273,4.127768683096004
4.696737304098779,4.7271701644481565,4.924737800238458,5.563180011181751
4.474007610052528,4.351352127193646,4.512676534049004,3.5044657612242136
4.684887861525993,4.1793785771780785,4.960461620265097,3.762647402652374
4.06739383210116,3.3157215832358116,4.731963909715472,2.8367930516187747
5.6326074551552985,5.192377720164091,4.136320892944811,4.759689474507436
4.776070197830928,4.068769472844706,4.655672763050441,3.8472517280475222
5.256754397757477,4.203736766777754,5.032418962922528,3.9156286697359124
3.8873250295450443,3.2326852814187026,4.986061943387231,2.613713784104539
4.71752831568878,3.38468428991097,5.143139675152472,3.0547136538808606
4.205562748882695,4.449273650452587,4.363379978560985,4.1556354998713365
4.77897688848477,5.54037047048032,5.1558651970208915,5.243345426590327
5.329585162020993,4.632574083783555,4.775408263111371,4.707253837862802
4.22916153271774,5.285042291285951,4.649729906116304,4.907476831255816
4.943923520811012,4.8369892140161905,4.560418289882631,4.149142089914195
5.157309432813611,5.703252146437175,4.50023344144301,4.671197863661469
3.4300239259960064,4.36553866458286,4.433390094922419,4.33827631567591
4.915960938550222,5.00049432751108,4.014154415439559,4.711095722021691
4.823086219299296,4.825470425906114,4.534537632516136,4.412880487787579
5.500533298635947,4.491536321997161,4.442830714364898,4.580297565293954
4.423563994201059,3.909851400612082,4.672192354250017,4.251424989028088
4.035719157577779,4.603079752410654,4.081221825487861,4.913457478296219
4.759364914646645,4.515579576448383,3.7629965777581447,3.735868430940062
5.327544997270644,4.6019795883381835,3.7590896029949437,3.7841372249038385
3.950957018119187,4.5863045827267594,3.971059163534226,4.230236345188736
3.161294959111938,3.996928148851552,4.618214546553974,3.4153833248307714
5.048526953125562,4.6585241729392415,3.93403686222803,4.1777512086679005
5.793287589953749,5.252108524550784,4.841678437297561,4.913162460236766
5.070258522435911,4.353433774129504,4.4205932091523055,4.431766373484225
5.407365451317854,5.0565357562299535,5.533501996409733,5.624848720068001
4.438969450875582,4.527415691903086,4.478784869731083,4.150916991419082
4.781947573168548,4.841516302206045,4.983407248731307,4.769363957582987
5.007138917793124,5.4229024819966725,4.257918059151534,5.189774035689361
4.836759338957066,4.280121553405378,4.680567907433803,4.474042742197537
4.931438560009298,5.063572703270789,4.545457418449178,4.843358013930545
3.8558586170288076,3.949509299532434,4.515855564292327,2.8270745192613966
5.485107544468519,4.726726099736025,5.3029658399578725,4.725826257066002
4.412027812109641,4.937204388793256,4.244713961382415,4.9310455621564335
3.685420243059771,3.5458009525187864,4.411239155811336,2.530083204580277
5.397258279821338,4.778269898388688,5.283246533681553,5.118112412215566
5.952782939513654,5.516288964164661,4.684607137971535,5.1911642521905925
4.499948560774673,4.342528709017203,4.625828488084707,4.28921986366707
4.117446349853442,3.3398182783210193,5.139444702359625,3.269553642660521
4.199333940281931,3.2293038475846636,4.59672963007739,2.6512128568504165
4.170154951199264,4.333957673083153,4.773895842537037,3.8347770798315657
4.855176721890757,5.630282753352247,4.660873574316526,5.092107635842864
4.191833616925729,3.8918021788675454,4.610503071762822,3.066423965252413
5.2853982149501295,4.648363947733455,5.028030079034908,5.097093460379983
5.065874615012372,4.988414289315364,4.505585718371347,4.506560655129237
4.366342682392755,3.970817816685851,4.758214894623425,3.637431733157725
4.301063262853837,4.202388189742099,4.583064425483841,3.188464955258212
4.941922134282233,5.115525069966666,4.570565802375151,4.54612459630852
5.175773171049357,5.267736391814523,5.67177843837344,5.440783983466781
3.7007320022822707,3.448143141035048,4.7466219504346325,3.2983208677086537
4.097951145370284,3.6787001742336907,4.718933699915036,3.837323543292945
4.9026842380111955,4.3163115580715194,5.067131416033554,4.347844778054536
5.476172047371075,5.5290340098928255,3.965270260212591,4.780258499138902
5.162607060342295,5.114798090987125,4.022135168825713,5.324688336921118
3.531629089953471,3.5092687541554604,4.691859517399274,2.6579469787054633
5.3946401928081364,5.203378436350801,4.241571302195639,4.948341465484999
3.8394748065394,5.077226282581755,4.755509864645522,5.004486825886024
5.401357129602868,4.933702539827066,5.043745187035517,4.57318508772639
4.983280612805727,4.683698955614336,4.677075088161259,4.275348306700612
4.707360013366634,5.301922783674472,3.7257564288425384,5.21922144340412
4.510560358592422,4.3168877122014315,4.8019481870431635,3.7232227882393123
4.422728591903742,4.677333532427368,4.7593552671927934,3.84261647040237
3.2072826338850824,3.36814795929284,4.327189997298377,2.2965034169989074
4.691231683101331,4.001262907631938,4.880950429666649,4.375907809983472
5.103018272861603,5.058583155634,4.869887660105905,5.138771828632832
4.028935187508729,4.063278610747386,4.197619049504065,3.346362300714292
5.585667706070551,4.949166552463655,3.4817952167250383,4.957431986343125
5.047510897727725,4.788516441705611,4.785938951199037,4.2054303131250625
5.475984932343988,4.893995604835118,5.355048075721608,4.843947851354936
4.366471042427834,4.00561949730151,4.754564095774514,3.2260963647429857
3.925912167025166,3.9067768475812947,4.478428956423142,2.801520579589177
4.7727752653385345,4.190800728808413,4.480441351851233,4.310170725406009
4.533552302356261,4.3724459480830635,4.763769227750512,4.9125509095184885
5.028818695593068,4.577226338602645,4.394358252731577,3.038025235419055
4.457997529094643,3.953244042897937,4.8635533300052,3.8079946957444846
5.392243198670539,4.649066382098387,4.860815710922735,4.3812834030854315
5.733846686136918,4.702910680498687,4.971785590578049,4.941145537646776
4.380010967172638,4.672604628159833,4.486527097145558,3.865649723626365
5.304903495496504,5.350570715728583,5.2041778136032,5.921485357183802
4.477176302601794,4.791930683341469,4.967193471450514,4.116413892169929
5.294580858974694,5.056710840466554,4.742781023942191,4.997207676871064
4.628734020135395,4.416064053605186,5.378170273234174,3.9000132948778536
4.386902822074341,5.080363890717478,3.746000634545993,4.768344541176222
3.5510088132127846,4.169769174147696,4.648909802899663,3.2216413099050984
4.746061679158319,5.81045859510091,4.624747569015824,5.682208619295162
5.523996570067257,5.098985028045691,5.7187257284850705,4.4135358275524
4.055656533167039,3.6352079568836007,5.022175778755638,3.528746936674679
4.529377993572102,5.111452516999621,4.903695413632168,4.971682688522681
4.425319940379086,4.454445124982093,4.504469428916247,3.9224491894102482
4.187364466330341,4.5922426753641306,4.726307354639368,4.425376096875304
4.537935059485153,4.154113713290862,4.458735182729611,4.656091514640579
3.7219323478591604,4.53818744448659,4.293653012624277,4.356700592454876
4.189838314126054,4.046620566195634,4.9215504356272435,4.411223031147937
4.461326017699235,4.245486227914698,4.623367865211013,4.045096979858678
5.483274002692506,5.537828581391303,4.098795461657068,4.47282491754652
4.1950089578777305,3.3543054810624904,4.433360973064389,2.499811900229455
4.730739722923488,4.467547791417501,5.360129874259919,4.612230534239387
4.606015699377938,5.082885590980835,4.201486550124124,4.754157000924528
2.858365291818153,3.937235214499778,4.46145053293656,3.332045899740939
6.137917341886644,4.916155695105302,4.5064602552880375,4.689311205802638
3.509845293948845,4.227768590039764,3.8689064203489503,3.595873027326
4.220693243736391,4.659557113687687,4.858671738561901,4.3439299963994715
4.887268994883853,4.854499718426547,4.399724816770476,4.089571295193607
5.1825367406656255,4.840914237789174,4.570259742482693,4.775390595488165
3.975953932832901,5.488016189275352,4.742663223148071,5.194964009901642
4.421498148415515,4.253058434965256,4.862388736794272,3.8659609834520903
5.269852573863746,4.612166587088379,5.025242981365334,4.680792456344056
5.07942733332312,4.369791527110077,4.869528339732389,4.416120423863641
4.630676943214724,4.332091038427977,5.212449381340732,4.196169048124153
3.430698448365528,3.3917284708304525,4.476793039178351,2.480009255541809
4.98624833208673,4.548193735871521,4.541227318015082,4.648097074658036
3.25432850655226,3.9371394514653626,4.2919908213903515,3.3720124597314203
4.445385391359262,3.8805646043541637,4.902299453783557,3.360647361964931
4.599717467340272,5.117189374919492,5.054379837738286,4.353651180326753
3.9880893238013204,4.943825586950617,4.505322089878244,5.02735053902222
4.45828712203079,4.223770135810579,4.818907869443767,3.460541483109148
5.284488572901169,5.185777203220401,4.829829619217297,5.161803494737669
4.415942403534596,4.29424451749887,4.9721452063321685,4.899934510588716
5.0213123437245075,5.074332344195325,4.085924137444362,4.865993657578966
4.896204737579616,4.82259901542144,4.611154395483371,4.6293301651451
3.7492143185629163,4.921567816571779,3.8282111361857276,4.299552705998358
5.317113155478717,4.222009903720457,4.3136291265029545,4.491508734309049
4.871709965720468,4.893101710900365,4.535630274849175,4.469759409792974
4.544517659295755,4.90585530687309,5.33537957849063,4.7998151317599556
4.446063864871289,4.180047687127074,4.910734227106268,4.073869646588998
4.623949289619637,3.7977523531117363,4.54595145778097,2.9484446196289644
4.7764643426147595,4.635512172652536,4.861495097690134,4.195248666139055
3.3257454275134606,3.9526469408020874,4.684201074735239,3.2172129498666755
5.17429657607079,5.126115450561341,4.700948332085497,5.083623845168729
5.547398581185446,4.830221898194711,4.419573471894128,4.459943623420364
4.254480964281888,3.5202960371457617,4.769043227416014,2.5277838439815463
5.084661063113786,4.878512437187584,4.677395123594812,5.026915827978856
4.762740563710929,4.646930802701984,4.398430313735345,4.663054364664281
4.0367541822244535,4.577612863928429,4.634357351298434,4.331769243024971
4.495369731723376,3.6469850605916707,4.425510890174102,2.990804322072272
4.524806627597441,4.047405980626175,4.333534664924254,3.738526024910074
4.3791161702332815,5.1853336629896924,4.607002800849693,4.959666612881696
4.365054778758377,4.254787629761679,4.846339667630112,3.569296166118087
4.370913431637556,3.9995190204408595,5.26199917112951,3.781624994617709
3.2653500235659316,4.1189308339204,4.452432877547576,3.618778432102292
4.865129561578512,3.931703696109554,4.897485532657566,3.1707689205073035
5.6454741320859645,4.891019023480095,4.390615007428526,4.7282507491498835
5.190140537815979,4.939217133572683,4.794030514504383,4.829045994162806
5.116895206228347,4.564817398419265,4.774759247531957,4.41067858523266
4.677669446859552,4.454089390691526,4.258309714748491,4.152181375277124
5.338175151062573,5.434910491614933,4.1036805432025965,4.944939890193836
3.741853352724967,4.087304585600694,5.000075669911133,3.9891887852389494
4.66180010309947,4.975788392927109,3.85988193216865,4.199322717539409
2.7187262866899027,3.8276301267869766,4.310870808809156,2.7854959153756806
5.067532656911501,4.460570794175226,4.716015230674888,4.125522917196574
4.997259753561525,4.838162182955884,4.842273674020894,4.587443392922039
4.791717580851734,4.158231433533968,4.3129721663686835,3.588639926916454
5.008981683517836,5.031436460879364,4.582193593082743,4.804126179253707
2.6641779309471505,3.5554012935199943,4.512843301704407,3.2314378509471027
5.611366526700158,4.829913110633088,5.047316434342332,4.523595241035417
5.09108390095639,5.023564470643999,3.622311475865357,5.16325202347293
4.97986543461776,4.980139060170584,4.109195641450694,4.792940627618401
4.942904786394847,4.413396097717472,4.06366055094005,4.047700994631273
4.888112031956829,4.110987427260923,5.017050023213541,4.311308775341906
4.22749631370993,3.985840778601524,4.525007275127327,2.7569181730255745
4.6238510952530145,4.666890934177311,5.172133700058995,5.575588719436242
3.8789761456146183,3.9543744436126746,4.51030896765058,3.7116870945678344
5.194995497857097,5.0474354733297835,4.3946263249964606,5.172332356460988
4.467957013545606,4.790479660588187,4.84850621281767,4.560264705233463
3.330979579790806,3.491099928576875,4.167377004402729,2.6263522386608913
4.073927471472772,4.7247911568023655,4.572498763698734,4.1606886894737265
4.828096290156532,5.185174563743018,4.153080877204269,4.470477624072707
3.9214300147758894,4.0838922510412985,4.813528361145132,3.0313379515424708
5.77222338996724,5.47073442062116,4.311609092335102,5.440282627725084
4.836409403371743,4.9969004244095006,4.363084606010165,4.884231085686026
4.027356449411726,4.50866529854096,4.410698753314657,4.127378985363888
5.703567582950148,5.1112024046282585,4.599225062986131,4.85847498298663
4.641968591291459,3.968116453235061,4.800338206507912,3.9270806919320784
5.383051465348687,5.388997902798517,4.2835776725288595,5.7331611202767085
4.969346484800255,5.225241958467733,4.746701942468372,5.035244967277543
4.504989008974196,4.539015149892094,4.960674793175543,3.4378267675990326
5.835682408638627,5.033084470495758,5.131809873509483,5.596530349110303
4.151302648418975,5.389238821489991,4.785316419190152,5.29537914393211
4.621676864171158,5.074245627075503,5.046257126743318,5.063244891293565
3.963319687992165,3.902323771203096,4.739554748829224,3.9893696125856297
4.879207031923775,4.375188781489224,4.7078536652707275,3.509447358587786
4.238508882694532,4.425933435535373,5.033029078634711,3.984717237200023
5.125525323725393,4.660676725030638,4.602576112113584,4.534110539904663
4.924673919797485,4.561967089685315,5.047904492737236,4.191747353507171
5.788122769377795,4.553138986660008,5.522631506473934,4.715183589445736
4.844352789406725,5.052977965180216,4.584210872250937,4.792898674477985
4.940275071064375,4.973718787387425,4.697950962648375,5.229967861493013
4.891323928388269,4.158529296291399,4.057185682910252,4.125362526545239
4.738475393273395,5.170532542320863,4.239130509956464,5.0899662921290405
3.7346675857585376,4.9368980392537685,4.478011362060638,4.261262050796764
4.78250149136193,4.462582199654314,4.613301556526583,4.11327903011645
5.831113066989532,4.885604945521396,5.537085518016747,5.337182767796141
3.666991108299798,3.533739177177962,4.778836571214256,3.324780530037507
5.059725346020256,5.085722438650613,5.067282340252803,5.585361139874303
4.243013543998766,4.737242984516161,4.554689467900014,4.354560896746345
5.3899420634079585,5.040890617604708,5.39724553983737,5.019679764149216
5.616103128773708,5.059667423779519,5.076905466051576,5.171631537788261
3.9312749850149356,4.4788951743279615,4.348882035061556,4.396963133357884
4.748317342162867,4.544114265145022,4.972597696953983,4.09922468520112
4.8659716865501705,5.17411760158121,4.84784896104383,5.0020988829446775
5.781553743074474,5.3749475339857895,5.194781527465015,5.979766677086905
3.9397055095576183,4.409817551804415,3.88475490017877,3.875809572621509
5.454122655291283,5.240225554254393,4.343344827709501,5.234760051506914
5.0841377513302515,5.174760966845689,5.1780630259834854,5.282892425170863
4.29518168635526,4.249178536029176,4.788991936474261,4.230960232289045
3.4642961210463037,3.8183334101265665,4.388263341466734,2.5823909421986135
5.410089083538205,4.823305225365073,4.719147113036866,4.874267821283417
4.558940845937933,3.556233180119093,4.90569725548683,3.132334006969174
4.831714009508146,4.267596656966697,4.624443343263942,2.656835122911627
4.19355534305066,3.969414571743667,4.489963253061675,3.880197098536488
4.990865768567531,5.308959451811795,4.853957140475651,4.860597176210543
4.893687067184964,4.459061091704446,5.267730797340169,4.406840493695804
4.109132728498181,3.285263516241035,4.451726943654953,2.214344166385298
5.488218209187299,4.871127602255533,4.839297652480516,4.846384245030263
4.653293071969019,4.7145830286640455,4.943280510141336,3.9259640870898043
5.5095416953288865,5.776370983939974,4.3320354927651055,5.150176895502793
5.234255507798869,4.7611346221000375,4.982358614038399,4.726545090619112
5.354874130306726,5.573682575106642,3.9858983226934663,5.2681653365518075
5.561926755746017,4.762832023459519,4.336056683774441,4.286647484236966
4.31690260862486,4.956626566619754,5.279040914235117,5.169864439976439
4.953503495448578,4.203509293232836,4.646517779326065,4.00097666756112
3.937354852621663,4.060747469929486,4.577339381545098,3.620707876690578
5.001746388280797,4.362258186136504,4.715798732204143,4.277044026935193
4.534728625853583,4.47965870449825,4.159179538190523,3.4470154498073513
4.739156278308064,4.145255982869823,4.461843954522856,3.5601461637943475
4.525926169628237,4.256060592554501,4.615585606770138,4.164231623516945
4.5663955942573535,4.792535008544341,4.691914975014476,4.524773972150865
4.851774841730498,4.8904895617912,4.568142794165807,4.42550763600436
4.20221922901739,4.040937775215818,4.714769735104338,3.585431855042917
5.092293525981584,5.2685786144303695,4.57632257863508,5.162431800364019
3.9608984448929787,3.8940213187606667,4.437024555940666,3.4024370572425635
2.9665061402808814,3.653435295042702,4.281353080519704,3.2812439388884354
4.747118160277604,4.496172142585776,4.521041031466779,4.558338964350615
3.5211734606952403,3.9525681738557625,4.734031288802024,3.2837059832594053
4.590335603246508,4.075301592480022,5.076968587655452,4.70419709409856
3.5362192659168774,3.229656213147017,4.871919031176016,2.567811158379285
4.479514091348773,3.9120669574338907,5.1203688895388195,3.7856750206565053
5.046869997730192,4.936334316156604,5.401058075134451,5.20674388345215
5.428393898156839,4.898115314713935,4.308713809049009,4.393104173917327
3.5724612418104758,4.781473005359294,4.824998048845427,4.352646972680115
4.089871717899643,4.145334731844152,4.486124836668342,3.302134033022537
4.625311851655862,3.5704195764962523,4.658027671904865,3.8731221969674268
4.81642016854632,4.87757673961232,4.748775683349176,4.360752297828638
5.60721465334627,5.1606196189149625,4.388698385536763,5.2235130371009495
4.10384142147999,4.561894860814013,4.892471095329601,4.460959168232807
4.675268733223357,3.9938039160154712,4.642050864530238,3.5984366277176503
3.9822727937423537,4.050463792853446,4.874976521885493,3.4332350203072926
3.4389218466744467,3.8283909426123204,4.434022369326514,2.9861647851368645
4.0233066903665895,4.281956314954005,4.881755136673212,3.85903458516201
5.336226083676465,4.365615196408975,4.7238544255712,4.501461831413761
3.9997666729209285,4.763508107552001,4.59167295279015,4.979627997652341
4.981162006573684,4.716157030629257,5.204299499719554,4.631585422411657
4.238246603338278,4.586312985804347,4.652154425538046,4.27870998258533
5.531098567131056,5.108306329678097,4.428829396559118,4.989349149730496
5.299005686006053,4.444350502845118,4.511381684279312,4.298005468526313
3.430459178079133,4.065928818712711,4.626582179235635,3.6061612883788103
4.370783167889971,3.830290228586446,4.98328152838197,3.3451706063523186
5.252077200364987,4.646117733721588,4.8722501537268625,4.707518750085944
5.215831781381445,4.668938232430707,4.3350222799164495,5.1491141766324064
4.710862819433379,4.457179413461843,5.124221285098547,4.123531047084452
5.5376024278641465,5.149052494950769,4.703435606092391,5.2251531762514
3.2309965935162017,3.961589486568983,4.619754710509114,3.8253865186370306
4.10578099302291,4.011667402869012,4.17329700649101,3.763169363941875
3.570904451322355,4.612307083521182,4.623756846383059,3.059681650373642
5.0106660013819875,3.7641744956493968,4.5889890604335655,3.8951531884068533
4.565887402157543,4.895677854344917,4.747556188896648,4.551891488742616
4.744430306307599,4.5019363822222775,4.919401991262268,4.59238664153419
3.825634419686704,3.689963454224527,4.675239896282344,3.574233912449938
5.31247986487221,5.377610041311141,4.499534931227766,5.224196745055949
4.987701176725718,4.121639849111834,4.769350618005402,4.146882798552659
4.35044563062438,4.373400295943788,4.350376121828555,3.6023900107471034
4.297627558500834,4.688134195309363,4.179314550398058,4.623391905242401
4.753938872880242,3.521549330540578,4.234317523668467,2.48869107017321
4.9505997826803325,5.299232186853911,4.021376048925763,5.383435104617288
4.450049417016593,4.412820296998688,4.636254399703665,3.9783052581213734
4.851455750471488,4.621114467560276,4.201194027733866,3.6275095952454377
4.893252381562038,3.668217047959692,4.462333473444582,2.558579128356532
3.1074233737149908,4.464835409898054,4.37065145793205,3.89030904980413
5.04149704787967,4.786230382238874,4.505293126735024,4.37224836002196
3.636921542811954,4.17110850703868,4.392177935468535,3.7293412815091305
5.2268264700741485,4.608595787942702,5.354760042024375,4.647985045046865
4.82675045708429,4.474114968161225,4.446958704673015,4.293496163245365
5.376032849821076,5.165870921242336,4.602928782557959,4.491614318758526
4.785779935162568,4.240336471343867,4.418678831590617,3.6428471793066026
5.138931379349026,5.0629928133193385,3.396838486699284,4.9724154469639865
4.758906931615484,4.743699810821166,4.901612066604994,4.288056908674286
4.724911674260852,4.217317040144991,5.142308469240522,3.553436399771511
5.25800450933716,4.8538820525834945,5.347139389726387,4.705423285205583
4.346042901141293,4.900954803105002,4.197468704121445,4.868009762372874
4.2578495505605645,4.210987105675469,4.413049042203693,2.951591119435188
4.676684115073416,4.874106153090674,4.808443295903333,4.520513879487103
4.968312804413014,5.083260534241851,4.324947545591163,4.673929627107657
5.004368067856755,4.9179423449527215,4.703387088536402,4.298715383335014
4.225182220832705,4.6455248473526325,4.709157322609524,4.510240750839168
5.58815426981863,4.959379871535944,5.297390832440784,4.555696315580749
3.337733488165067,4.0906502815373385,4.468484487639102,2.7140117368438883
4.4519588806467185,4.0691719079100865,4.454234807368863,4.176548866820416
4.4749149173268155,4.552449308439129,5.012708254861088,4.5696404475812855
5.613518389449672,5.105009390172536,4.917638690209158,4.771219364732268
3.703003116319493,3.605415767753528,4.495144348590184,3.4696834087724002
4.380108265489439,4.93614122694502,4.154222232480903,4.587750973948929
4.3785159562529525,4.9540247723196495,4.3183447151227226,4.526605158076093
4.126139133629287,3.60015081202597,4.883481959808859,2.9563032423548345
4.286452447479471,4.690317843321527,4.5984713856876285,4.705478058079364
3.953837608039216,3.9834072283696593,4.706887133750814,3.2208565168161383
5.012087626901725,4.453229621998512,3.977689530266549,4.104595260138038
3.7251366889375257,3.7927450630658033,4.383722121767594,3.791327716868987
3.822684666917824,3.8513824288516143,4.712076170521971,3.301653216455457
4.3302670025648435,4.682746938715674,4.731828070962842,4.543592238644707
5.144022056728008,4.6389539360344525,4.4958232705146735,4.481620426881601
4.108140925158402,4.036022098467756,4.428745037746462,3.4160318979071835
5.665512970771333,5.390973465459288,4.87260124601133,5.681145799545929
4.922428916265427,4.921972350841089,4.2036706447944745,4.772792259112109
4.284785597114385,4.2690274050525066,4.702339014316201,4.278238376057148
3.687651583784729,3.7822976975224387,4.454808006199144,3.0308169018247244
4.288827043029526,3.7493813501172766,4.544589287401158,2.6341477316624204
4.503251202850293,4.282014261002526,4.537568151449981,3.627943468438374
5.01010962264415,4.7298615822480645,4.18950704189456,4.808884965041522
4.392322675342685,4.001862663460923,4.810347107827432,3.945974693174619
4.407218653842092,4.169827605414677,4.490527727456732,3.1719889532996777
4.0955099849703585,5.025801787717424,3.9322472921198677,5.502349298352338
5.217838922953093,4.8042051396224545,4.3188091147515735,4.637225841440634
4.31094863355599,5.4288554975822745,3.8791176411410984,5.1829290251982885
4.896305608703861,4.849455771307365,4.742627391487078,4.774604394955552
4.128440354688698,4.128414784263955,4.507244375972721,2.6773792494122244
3.627819825306048,4.082952741524071,4.610794321737622,3.69469816669713
4.916631795429535,5.494451115077316,4.386961093220626,5.689137368720934
4.907023287303028,4.766750609653121,4.908458936617257,4.286595116259335
4.711569834714656,4.033003483220398,4.6938642358417795,4.564926188845471
4.88059591899815,4.81905305000837,4.379404292956355,5.118066344434672
4.122724351206862,4.961092557882177,4.9883454213378515,5.0353127421937565
4.730312503366893,4.444190876306141,4.446869517243747,3.207324430810941
4.637830646514056,3.695796971959545,4.271730814532771,2.5807498221395715
4.407893757322172,4.369636283445307,4.640311772682864,4.109115912701875
4.9412046337547775,5.0541277731375915,3.948310802094797,5.153830367607011
5.124725375436225,4.49076087286651,4.848469639519655,4.549477720457473
5.093631638577241,4.72428439633513,4.513738125960326,4.47355617477519
3.2696161619096946,3.453242661920969,4.333047003185745,3.0586952565010144
4.797460338395192,4.768761866678008,5.0480445532767355,4.920165985761005
4.791168985948108,3.931544014475533,4.466382818174452,3.2292587926595804
6.175328421431622,5.465154226866513,4.4046995128474125,4.645712476779239
3.7317078687479186,3.6133980597928237,4.163982264608451,2.870641382741211
4.737087818970359,4.901133518668219,5.1890909155263705,4.344513890328268
3.8856201248834323,4.293180543371175,4.726929686910502,3.508009417447985
3.6531501008241296,3.7696454376739674,4.758827241682956,3.8027900748361447
4.424635491391075,4.712095572150878,4.290907727609286,4.078098801693354
5.4995387633777835,4.963513242636974,5.626847304868478,5.091518619827124
5.002175841162848,4.778405292116359,4.849836674054948,4.793615813722744
4.671344545568625,4.583133152519821,4.787727942039138,4.462690104476141
4.625096087401707,4.127677297476121,4.384460526989147,3.5783692878050575
5.263989229219258,4.385853766688054,4.748432993193258,4.931058096926759
4.851982584558691,4.28240603524026,5.013492097788936,4.272449206644865
4.7767346249163385,4.593404340121128,4.220740250285849,4.7344167116975715
4.913276914534598,4.498917451077602,4.047674902676679,3.8566923228935486
4.626012279735901,4.15980835584777,4.900389709564096,3.826651362962516
5.241932596817207,5.445144229438028,4.709258822377323,5.710291474925953
5.461586469789813,5.002935007392601,4.537251719831756,4.896521555083405
5.588229564355357,5.139654808382915,4.055469893696805,4.688454688479509
4.174308136487267,3.3898888582635744,4.790718903423207,2.7677260508105275
4.966439351707353,4.912141664327565,5.210650810559724,4.899654601733191
3.853498734194812,4.669820143582676,4.803845615128357,4.806461286945847
4.622790246144923,4.67816837254673,4.913117473356144,5.210765287526665
4.906747812709802,4.964310611998552,3.763348629163459,4.635936795280012
5.436699753890492,5.126880784925338,3.617542057599266,4.813621627899391
5.069735826861373,4.501599685095613,4.707529949180925,4.291025513058561
4.192966155183748,3.5705288157027497,4.794766943050881,3.898315078318405
5.144196034243848,4.669994816295489,4.67030269030529,4.511527038474058
5.072990722406421,4.28534939388918,5.028154934628056,3.5306916275140767
4.8302800146592535,4.632844299898821,4.6167761839619725,4.415010305927524
5.452874845029595,5.321582621538051,5.128628650222593,5.2023369910494655
4.458328276835554,4.188579112080508,4.980871260422101,3.84963137689028
3.7485847814983337,3.4466025440952195,4.163000677492076,3.059007852481186
5.043448124350908,4.45722832360992,5.4444543768741624,4.58959442153097
4.752667706604335,4.936854240656559,4.440817686839192,4.795981198730378
4.938109089416057,5.391868000339036,4.539988998323228,4.861110508722316
4.216220682536241,4.069013354364825,4.570594386415096,3.7618559792155315
4.484890993541309,3.829093992731418,4.968780471682407,3.1714896522795617
4.714463734851966,4.011393873017086,4.081628548134475,3.0897663053370175
4.20580203717748,4.53909767430632,4.471172477173812,4.097950168865823
4.703585085396799,4.861723131460504,4.472847476484236,4.339688959794127
5.086501422006571,4.355788811200529,4.5768886745516175,3.1427813184820166
4.483044906024689,5.079280557138078,4.0877411512269015,5.601743868028669
3.2783269408142974,4.876790960242455,4.267726006374886,3.957176931597036
4.4984182554012495,4.825698027660496,4.392221459631502,3.648786636379836
4.755815174191832,4.339151338420115,4.533351696315533,3.9585514465637277
3.996187234428349,3.926512526964562,4.669857192634443,2.6318957267313317
4.931130444893371,4.544218209236559,5.2856763934748505,4.3014140058053485
4.665618075253475,4.2340317821096916,5.17540611647772,4.104001043045192
4.36633644385016,4.749816722055447,4.655415102797243,4.478237719174944
3.697347360438682,3.6708926710163565,4.385436640004069,3.1023901869071673
4.182389219531446,4.394951091733619,4.735979278129855,4.141373460564511
4.5703839095306895,4.423947422404976,4.737296117714398,4.272738729328758
5.03241825862326,3.711703220076192,4.966225656932238,3.1949510207724834
5.403389722258262,5.369426598192261,4.332746721308055,4.995887434443733
5.539757118517878,4.669925856371638,4.611830288175931,4.799931028544154
5.754139788531676,5.398814278312115,4.569872554720189,4.337233595338036
4.1421793578735056,3.8186908637310117,4.5881885066162855,3.4018100845242927
4.2944421720486945,3.9262800035094556,4.664448842499315,3.375656996202329
5.037359901291983,4.45618188023949,4.236948510123247,3.3162349475106754
5.592609288492939,5.548985044287475,3.616719140541845,5.4027596303082275
4.064757288779513,4.1138759096607345,4.680828356901307,3.734896411236983
4.719417797959634,4.3658707867495545,4.697630362280714,4.079221471054187
4.434032202818184,4.651827424657892,4.204710192365249,4.348406779016034
4.259114150884198,3.975075561369326,4.824113355387281,3.915818478200744
4.790905906718474,4.4110510461035,5.053053626793737,4.6474216992292225
4.41774574077296,4.3241206083772985,4.477291123696119,3.5232548389227683
5.473857745750439,4.888067472798527,4.667369352351507,4.763881443187986
4.2908700084766975,4.467850267679278,5.271208704477925,3.9960229429355096
5.8620594072731524,5.285938912290366,5.421365231946282,5.604544719847621
4.528762185845942,3.8546768445093473,4.817612146755282,3.210905707261508
4.071508926796989,4.0857129499565845,4.7613798780025505,3.3425555682902814
4.610886677124408,3.933932048836845,4.828025620185503,3.710350294506975
4.240504862948509,3.685471920547583,4.4626685080487505,2.634299000361705
5.579429010040849,5.018219767316662,4.5375596257265185,4.795932477046543
4.497991843992531,4.961844657517994,4.5580520184492395,5.114799891476533
4.381523276046988,3.7322407214875644,4.429787711003944,2.357135351700861
4.123132093714792,4.213899236785436,4.660940659279243,3.5709735563464213
4.880448603964025,4.828828776632527,4.527568054525199,4.94753648440248
5.747839496258975,5.09247426909482,5.550105456814098,5.635137777523185
4.584782616356041,3.230903155489795,4.47573781712755,2.454343806253199
4.1121746427998005,4.439052764847646,4.259848716900995,3.5096978550509155
5.40849005655832,4.688590554701294,4.692935986018658,4.058802069956866
4.389040396207673,3.805488702245947,5.0574449372059975,3.7636755797169945
4.609070191254333,4.5422686101402725,4.735903001587335,4.243873315239077
4.623138486562361,4.800084210649538,4.511741734301854,4.602925044124236
5.1961879385543925,4.638035188596744,4.307428157461183,4.484452712967744
4.456058015563714,3.91918614450855,5.077002189720142,3.939737330193714
5.0036755568741516,4.782214402481575,4.547750368090928,4.5787945574426425
4.5267400856356685,4.268745951803237,4.523205578377741,4.105516917040887
3.172347901693942,4.687237594824264,4.208163076208148,4.369142916897194
4.488101489412483,4.8719632142400044,4.595782687170092,4.876505700541558
4.329538239209208,4.365709287812686,3.8313952124707864,4.697513993974009
4.972032840740686,4.3963594702221185,4.621571378527812,3.780356314393767
4.086419303737112,3.995011043606909,4.057034494858994,2.4138686982136996
4.85258314686029,5.015401890576102,5.139538670431046,4.20847024242612
3.8502392811650212,3.8572962545419407,4.551732471972718,3.4584947145646523
4.976150959043328,4.928686335150427,4.158979227638678,5.069852923916248
4.136806641309167,4.405568001892844,4.810180594673334,4.200363448834159
4.992706081264894,4.307693795627389,4.2183346772782615,3.6047745349982883
5.331122927197119,4.622857945434567,4.767226977461126,3.835843537256971
5.275279559757671,5.125825922737039,4.129540304362667,4.88410818044374
3.2874586688478535,3.6353136348524484,4.6977212577952825,2.436087402044787
5.569687658830633,4.826581080486141,4.450303173921351,4.5555267656119485
4.173475412096644,4.257129868807004,4.56531740624403,3.7429996199612794
3.9672575031584856,3.5703709369728998,4.634080631426696,2.5290813454567886
5.176620092643112,4.28530143754062,4.743329997472928,3.8297413244131526
4.454545675323859,3.9510807276018154,5.144655360010712,4.018458309751151
4.529164489991326,5.073476730690734,3.4048363126742665,4.680091280049722
3.6238236709703244,3.8921163604616726,4.545179511173929,3.2221774424240848
4.603864567942186,4.2127173156214,4.576508518362527,3.8559441317422762
4.053895037500286,4.653535793803486,3.864415322751871,4.119617795528353
4.46613285347481,5.046140154507428,4.331314512151818,5.145420464418083
5.030209547260565,4.662703080172604,6.02732765961587,4.288757860303465
3.950157743590224,4.569325821321066,4.821302886117056,4.702906433397228
5.037719897103561,4.6803141815084395,4.343623799023254,4.589688039823979
4.1998305307006465,3.8920675174953714,4.140806679347641,3.2569085625252994
5.219986967932343,5.198150483011656,4.053596390152573,4.528594158460097
4.891394203812108,4.695283154960751,4.725010332504072,4.02346595075743
4.116646028660582,3.9041948035638936,4.841731648350323,3.856555790536192
5.582885026067143,5.5758903774081725,5.358325124894817,5.470308035121662
5.376224297148512,4.825142469607854,4.815366059915574,5.196908541971313
4.737207584421679,4.740738032583209,4.853189649792812,4.94540609020483
5.336172223436001,4.911904508340677,4.493303427637819,5.032419483812402
5.159778405991574,4.746007329830942,4.4284283564028035,3.803742386413274
4.421853357601161,4.609725968620133,4.821901671502271,4.71197864803283
4.406150676059756,4.1387152650731736,4.58435189825017,3.3203437644670535
5.945373806847833,5.3762902535721295,4.39665685978537,4.965868015548896
5.032467694997867,4.78940547498693,4.579644206756266,4.874455163187648
4.880002031316157,4.275261181778059,4.5375192710736,4.572399810368361
5.524713906425227,5.030867028836739,4.779819235051685,5.310340709620524
5.303807508643154,4.832255776000326,4.324432589120054,4.276984633047912
3.889336982601898,4.384553335283365,4.709847856568789,3.518609525316758
5.218720842659054,4.9383047969834815,4.905904189651255,4.028025374984373
4.9889721267195535,5.033607177092063,4.580595042516963,4.412867968742454
4.3300175224962425,3.903137633510559,5.1979284867214455,3.4006809271509755
4.248481549447311,3.965102435276767,4.556402707952924,3.0787634954743477
5.087540985675836,4.160241483184545,4.877003739499456,4.446205481491545
4.309176254600049,3.7856891953101757,4.607234052793937,2.7214789583455317
5.239997735832603,4.789667734068802,4.941829126472021,4.181982204906386
4.266656631461093,3.6872984970137725,4.228851678800687,2.2678426114739585
5.036987129124205,4.6818228368268615,4.8619289448973495,4.0948201971176905
3.640686411875276,3.875190951001269,4.419135823853915,2.9108415255597464
4.605114947126625,3.8404258945248095,4.659958914289338,3.6663740648506757
4.462892705058257,4.19859908277952,4.635881039182469,3.814889968215625
3.7724321354507295,3.787471104007563,4.571538643024344,2.4731190932266545
5.481107343020153,4.811600010319703,5.051901322826489,4.903509727345183
6.032155022105834,5.080104273914552,4.778088491791278,5.373076555367054
5.831869557776519,5.116695720510677,4.104324869516845,4.113024456612602
5.338970619324137,5.04023539485166,5.185099350903218,5.007759530343857
4.145732533979888,4.216553064241747,4.965045512988641,4.29449846546993
4.840426803124757,5.0159130094432305,4.256965630369484,4.710049521311149
4.453486794188513,4.223825870425481,3.9805081939599187,3.715851554684162
2.753251635214325,4.570356475970773,4.4255389936362395,3.3749305034400354
4.352275176410002,4.6579061196073015,4.549487037945078,4.653490715911201
4.8299478914303915,4.536948734499803,4.807149480858313,4.334698714625318
3.555326085131516,4.311345931487215,4.432028895197426,3.2818655934011565
3.538774288847925,4.120720150945925,4.494866847014188,3.4282361957223424
3.8640529503148313,3.977110441347457,4.596556673140095,4.076671682841486
3.0233777740231544,3.8732799179007755,4.346929904386708,2.6405924658335858
4.104478767030768,4.979985834977333,5.29624184386037,4.079372532128238
5.651245999183986,4.873410555594587,3.5680713956381127,4.375206917685178
4.783734795702722,4.42046488114707,4.377153774278537,4.183531050258062
5.743278041459672,4.424246174142547,4.414429237270409,4.826059918874429
4.062321652274166,4.110768267996388,4.679383989372268,3.135237270234816
5.335156638421419,4.626746428929002,4.745857294700829,4.25800013069601
3.8571064032335434,4.216297568180412,4.796243789911727,3.5492677196195546
4.977286674441049,4.40065961702307,4.885229309498804,3.879036142269002
3.76727072278922,3.817090827138344,4.779690227142139,3.0407007377310644
4.339534449363035,4.177332209258108,4.877168390183081,3.8961077025477797
4.314009450524578,4.327915775821652,5.045898183401636,4.10491576782958
4.842786859283501,4.342933757855942,4.610029116929643,4.631208285757183
4.245273690736106,4.132048950880456,4.616079272345339,4.5644898285108
4.26449496340325,4.405758359166049,4.571456440998424,4.532965214328453
3.9863346009857707,4.543453921661193,4.648298577356075,4.370588670505758
3.425163720937879,3.3888011939121094,4.535388644766585,2.981159742321525
4.576719197231028,4.069027818558271,4.60517730517899,3.7486354901383043
5.105931084421608,4.929843067042622,5.250957319851315,4.690266111017864
4.307979000594964,4.588644967563602,4.133603391169881,4.8619197802092495
4.602486192438968,5.043733572082658,5.251249059814051,5.107187865811308
4.772086952035677,4.393938713177981,4.897149923211861,4.008184539054487
4.831244017267234,4.510886705908507,5.278282328593662,4.499717706053575
4.150689794367668,3.755484956937081,4.693314782526262,2.6473283819715663
3.6070918006284236,4.457557759631205,4.304158183431951,4.216991230921967
3.601553307323972,3.9213595956833838,4.606869795562479,2.202210599715748
4.357444784073762,4.888468412047894,4.8484742597186905,4.207171622202369
4.807295138229098,4.719156977892645,4.816577488368296,3.8920668159551517
4.554602994553803,4.5989041941579245,4.4010860170208055,4.358616315173978
4.77037242796986,4.835027552763782,4.401541785532281,4.714268881934719
5.254773872907032,4.739563761136086,4.945819440379077,4.468469727928501
5.038386323517214,4.8690855295020965,5.3322467266114195,5.099860640585017
6.032701917425276,5.29769164618808,4.2879945663200685,5.107058396127869
5.239543738866216,4.129912970950028,4.565416837263206,3.3280085561114268
4.202865740446696,4.1586978350778505,4.744796173322521,4.470715835451614
3.803614011243922,4.011752353991142,4.710222568622045,2.967662468090542
4.116463502008756,4.3087962563712185,4.3979477540628515,4.095982756298534
5.887846747456291,4.831516714402995,5.457886821262996,5.292124676399832
4.697028637762988,4.992629673722445,4.37425937119555,4.4349202808641905
4.664653254235919,4.110108878011738,4.552290088466155,3.9422319421323744
5.281760204656517,4.872986522017181,4.606847192832778,4.440219055418213
5.274348411337775,5.0407173710157345,4.236004265899671,4.754215583301229
3.910458571210519,3.8706304820037722,4.411393181317822,3.905159097242661
4.629510272401358,3.6987554478019704,4.648473825869643,3.775640435993696
4.142855091662373,4.154584930398698,4.755435380124538,3.8200734523054085
4.3972141372423525,4.241028585919784,5.262231773500885,3.8065187002608774
3.3569951815158774,3.704627462555966,4.677897453369442,3.3661372759977213
5.354418726408175,4.638994111060796,4.699967099452775,4.654601866784159
4.94763223825177,4.7839444049763875,4.819763049506799,4.403363448014202
5.450553385497005,4.422063518373495,4.918628577353151,3.3120090109366895
4.405087211640828,4.56826637035614,4.846259740168979,3.8056982126422407
3.577812451092017,3.4858859034868463,4.755822720854332,3.17260377435779
3.4809111145656297,4.4633536873568564,4.533583002635294,3.9383926434816625
4.563332883355026,4.242356460915639,4.547191741185793,4.429760902843585
4.321075000251575,3.902427704608532,4.77817271224388,3.3307115384830848
2.9630115853047876,4.113809003837231,4.444498978321279,3.366917812318612
5.00252972282051,5.148075288077291,5.050176866392731,4.301006926817493
4.787073491035522,3.5032404366661103,4.899199269990788,3.8246422643419034
4.955161567216015,3.90357362733109,4.587410043054303,3.056718466909775
4.924031694881568,4.686555519371549,4.104098594895707,4.379201880795084
4.54672381931297,4.232891611655913,4.47585368930525,3.3257220238763865
5.176160828027362,4.1598400340909745,4.525534277478559,4.222605827990025
4.0209594116011,3.8595507612695283,4.701400713409236,3.1694020999559918
4.771250843987706,4.475912592853989,4.357627338737182,4.031420463836264
4.81956639699677,3.7296935031311547,4.4639868783996715,2.5027847514742136
4.9534509870787735,3.79801032726281,4.8001247997200265,3.8711118866831526
4.57092407635848,5.083277017477145,4.6966334562930685,4.859049904056701
4.452961644734362,4.072593109679021,4.764897481918819,3.689701135344606
5.467683355753868,4.97545236872164,4.248183982984448,4.67272647624001
4.305503900340929,3.90997034599481,4.824925121291426,3.8907797101537596
3.675413083974002,4.08611192180641,4.130988234646748,3.7878449154911547
3.9281094315454976,4.626566291027169,4.562718287039126,4.40676972726791
4.963124348499677,4.093998187379387,4.90752255994217,4.422511980128541
4.639418300901904,4.421899676940765,4.898632417066005,4.0342081993455565
5.678315205776404,5.074990757877156,5.693347811847389,5.454879004502034
3.858609635738446,4.148750009154701,4.522278545060661,3.9941470865026316
4.547862422454213,3.3279958003091474,4.706733490591222,2.915030709978186
4.543516710191628,3.8807588133594733,4.793683383073699,4.039169309118602
3.927702203574471,4.028910878435356,4.483622701257089,3.650699996138348
4.298563944516517,4.636132921167206,4.3783846405295055,4.612651481301073
3.615945560514377,4.429142833905546,4.529576219403766,4.287725144050918
3.15851340932488,4.341391274554335,4.515762765202483,3.8936647375548277
5.232099654272527,5.208295939245072,4.742783710409058,5.266446376639579
5.2572065157210615,4.727144100684088,5.063444350937305,4.432707360234079
4.542340175875403,4.908296182449576,4.558676913905452,4.698883225328005
4.689648659834074,4.6853686040376274,4.504971704366986,4.943608490499801
3.355892713046405,4.471223684815641,4.1668901121970485,3.240728217842276
4.656380438910507,4.462483583671535,4.657036535535817,3.705635383018431
4.086283853041291,5.110820262118697,4.917506328224212,4.735357508860911
4.712338610828861,4.63024477399916,5.041264027056723,4.549989579803796
4.14090995420992,4.5476577993096905,4.9077562195615965,4.857777171887748
4.427782098368018,3.6938911078060297,4.507315484842259,3.1662804502604787
3.6176352710111432,2.8635169680333674,4.390488168684345,2.0727879321442315
5.703661848028981,4.685874294193838,4.702899347677283,4.6276531913822625
4.818509124892222,3.9101492359152585,4.761332431361555,3.2635021388145558
4.57427596199607,4.679145491434885,4.3142038271147936,4.578807183251721
3.477556176044287,3.724457503999042,4.6266637367976475,2.8865091949335606
4.6534501297733994,5.00241511670641,4.8534647910927,4.959375450014317
4.861184259235805,5.173845969201434,4.606655072515921,4.944521210896508
5.120231650459326,5.093270055329477,3.9615510518793706,4.8238405790200085
3.9949823461679586,4.13929130069109,4.689321939086818,3.966758133522998
3.4799529142013985,4.330427173607927,4.825402479280153,4.057904171231243
4.508639950545994,4.340630775616966,4.758469954216319,3.74483207282156
4.083455421289393,4.03444894236807,4.767834228985907,3.648573189390031
4.680889137403752,4.240990128422408,4.48874754637457,4.225866200574079
5.121604714980063,4.234883872084838,4.895642233691728,4.128931641147342
5.293382809668124,3.7635354205735205,4.492267664935542,4.222787018692252
4.086899710401521,4.033369589854085,4.986470828105221,3.7220479234693813
4.841457119504709,4.684850643521951,4.5193400610517,4.463268694931644
3.996507946190809,4.6604503273938755,4.672907104830502,4.742070378900768
5.289216037744114,4.59274789209979,4.480287527653591,4.656553312688657
4.843475479354891,4.648175769063177,4.330602069987636,4.7704927668435815
4.699066701864898,4.826261848089745,3.753329270175434,5.026441623962292
4.628902990403243,3.7921586042190607,4.695357529595783,3.668200074114143
4.382614471716733,4.494493057482534,4.27513030943428,4.325924267690362
4.492844570657918,4.005887691807419,4.896013689869213,3.903391572225351
4.405302951034198,3.7959394456760265,4.805444763932528,3.3621046211452725
4.035507677484676,4.805154632391292,4.799783809299856,4.281819106935271
4.26334995364399,4.7582377084168455,4.415638232966076,4.638086117780371
4.492739362082808,3.6683359890657075,4.285410532515115,2.773874050883163
4.664258777453312,3.857576434103846,4.775029913510516,3.7815470377394003
4.9059680989968335,4.479866730890237,4.87883798684235,4.5980567463457405
4.186967232114253,4.987230541860252,4.328901519831003,4.685967930196279
5.74299268767722,4.96182346583922,5.269232619507436,5.481251956343089
4.853056121855349,4.6974188182683365,5.034423808680242,4.51410498282518
4.361056195170448,4.554904510684221,4.834264174327909,4.5390927805188745
4.178814355325598,5.033391151034461,4.368096983094127,4.109113945846293
4.198727443913624,4.051897001891182,4.374802940382532,3.8686294993029735
4.227198317416296,4.811666144250694,4.40826039289026,4.74859102426927
3.8517144400603396,4.106447001498738,4.315997068326003,3.7034712481882415
4.232723027767544,3.4431906659084817,4.877820960454115,2.758163767082609
5.588900398257264,4.811701760310231,5.3563561031449725,5.086483595273421
4.844232802659412,4.320348401706942,4.434705717960953,4.409922009518681
5.446094792332416,4.943719972858578,5.036357688838306,5.589467344428927
4.379707408063232,3.5846144629609995,4.327630331143729,2.7245388136308275
3.835230366403798,3.7093159149331387,4.566621981473583,3.8118094296103924
4.584395455121817,4.684039440629922,4.688089709504579,4.446210634885348
4.960401547194378,4.7722987045290735,4.58405402643903,4.0954711290704555
4.378178933404722,4.579502383917843,4.593942491798978,4.49711132495879
4.893885954864201,4.20890090879012,5.163852491404459,3.869876474280306
4.520686000783512,3.919970602482371,4.821974058910099,3.5465790898172993
4.997289546547483,4.547494212668949,5.0729832436638285,4.643932748494369
5.545569668630707,4.941913611155705,5.088119436969953,4.525226452328616
4.80356800763539,4.830369017434642,4.488710614269829,4.747989694213162
5.3085506967730405,4.7145358346673305,3.490433465355102,4.006414766025754
5.220504986950974,4.862947408800117,4.776294252858539,4.390555352793231
5.091356501057674,4.683586942175941,4.114389540535144,4.085831567800934
4.459222929894437,4.423071516732832,4.87124557340061,4.10230661424928
4.635833644086249,4.917940935251594,4.506451189246157,5.087838357776463
4.51761316215227,4.851235640112823,4.809814461131252,4.755055102226213
4.55625235445353,4.639896235990214,5.037562146908109,4.771597744385873
4.078441895958581,3.685944341928462,4.462283374856782,2.593428810167629
4.3831932300999945,4.564153826202546,4.917839893560581,4.5729942985255905
4.536341653240121,4.568139477799249,4.5033787075991585,4.83867982447848
4.483695338864536,4.253112028539146,4.936652926141246,4.226042295413349
4.537054676287312,4.881340171806255,4.740871176679315,4.86198821635498
5.099993503749913,5.232546460738238,4.602148887767908,5.21939936287221
4.219619238099931,4.541393762636756,4.615723451951968,4.408978544838071
4.982999656077231,4.7248150317103095,5.147903941958382,4.582030661380339
4.382077615600513,4.809994972280439,4.577650677933481,4.112699667268913
3.954220277053685,4.389009310048787,4.572064339503805,4.382078441542371
4.0932509252076485,4.348311367811681,4.78741790388487,4.228036959050524
4.848366739853535,5.223263420885125,4.745744426484185,4.815305986912783
5.2529417192546415,5.041635091989505,5.002054919016053,4.933911565398798
4.804794371391528,4.068406979745376,5.047479878851458,3.6666638944614176
3.870222374896533,4.452271786624049,4.608653302368194,4.458897438646711
4.070062466154956,3.5974537004121663,4.929195971917597,3.4618529863254675
4.54950592779134,4.506407660805396,4.958555783844524,4.46183695879563
5.223886827668004,4.694268353269572,4.227488403363616,4.376290510293552
4.082939984296641,3.308518361822356,4.8123216594913325,3.6920692347822937
4.24176847319445,4.686287091428548,4.769842816036459,4.363031334832189
4.370846841194385,4.658149755209199,4.77488260399914,4.700159059484375
5.043715770697153,4.46085828836873,4.738833936138348,4.498662322498281
4.07352573513363,4.0167982848933494,4.944730816639516,2.9119853021567264
4.408648895276688,4.242829808690963,4.863279768344323,4.393612559032747
3.6755834394630855,4.517192095910353,4.728683507885806,4.381402032907183
4.99343396961454,4.228334283240605,4.911748554864624,4.0115910139857105
5.510224108494561,4.4946027464215295,5.2959993620631804,4.69327327948181
4.929322676299076,5.050505357572316,5.227025828086278,5.377264263604161
4.466699781505997,5.077709046151179,4.34556645888642,4.875222912806228
4.822125842311965,4.473847482651598,4.680393831711938,4.287543481479338
5.308397381049957,4.969026858261038,4.567755551433326,4.1221050000460595
4.197719921130855,3.012546304176553,4.378105700475117,2.061576471600342
4.694501724536326,4.087556278232011,4.507445457999242,3.730921477434281
5.273457845604579,4.8890771765375165,4.7817581190131175,4.53059119121116
4.142483420979694,4.658170110525327,4.517062820148216,4.7314388541805625
5.270634494633999,4.400938362772657,5.101416297687922,3.9988439127770645
4.1011269749082695,4.524514450248011,4.8907726018920386,4.415209491152482
3.238859796302935,3.289434483687665,4.460512518747746,2.391882178932613
4.5244578806655245,4.39227890764245,4.698917183160188,4.421560879933029
3.9096527917638353,3.3290054776392646,4.514178661283883,2.7990662583802375
3.8504907724645734,3.9238495263107955,4.730587856511159,4.217139543201238
5.689969855192647,4.841897339835417,5.089183945238918,4.734227929732249
4.198479704922375,4.520238264561122,4.307490215488931,3.639797359928581
4.753524787340734,5.0598142343145955,5.107635887690225,4.648841670782349
3.4710012946049096,3.7468564355265412,4.356716634596461,3.6179750119845906
4.117541943147335,4.505354411388527,4.886379566747967,4.471746803501446
4.680904402409983,4.33949405787297,4.627740583205937,4.052161644467441
3.957685932211292,4.014886102671313,4.7063368454425785,4.179828953163899
4.165582094749246,4.573903268121059,4.646111349543192,4.225856970166194
4.6060828134456955,4.792105379435685,4.566677757792562,4.6275107450660204
5.154838898165389,4.627589264553584,4.5498581918886325,3.712929351903514
5.133144001251709,4.548942271333634,4.8979924980499225,4.202479415300082
4.273265804166017,4.354667586483608,4.430866232361573,3.774206887071482
5.84657169897466,5.504721793377707,5.322909831583691,5.171245328595313
3.5902094134426914,3.7228632462249838,4.468178038199713,2.7362038290105852
4.1938857044545905,5.26079734485276,5.026395918241147,4.478473695550109
3.55062901960904,3.7424011227531535,4.731081488085815,3.289677732524047
4.740098587048639,3.8704843060046477,4.809514030231195,4.0266284029129435
4.437613742865845,5.254908726700177,3.786584832095304,4.471672313021635
3.7159858506454784,3.983730530284205,4.728586413803898,3.8385155686434445
4.960376361027525,5.157642525803516,4.420180252880988,5.057387075787236
3.8855195759353847,3.5223971695993956,4.788346704506043,3.2133214611584417
4.530597470437215,5.051406760134623,4.313233924716619,4.975787984601587
5.377747837535864,5.0149754279847585,4.468257300949012,4.449861207118067
4.649869907647762,4.000106622398474,5.18890562420498,4.2208945396777295
4.756415197968271,3.3480095176505142,4.54110574070063,2.753866829718163
5.239559072465013,4.7275016209609495,4.565856998934367,4.296447798477903
4.256849044960218,3.8611798082561997,4.7288778217790535,3.2536881325880502
4.732752933159027,4.744706115753813,4.620507080328918,4.38529783236405
4.206830614734862,4.670592144840493,4.773610084950336,4.924236104047937
4.493786296072264,3.735264531298077,4.693278283867245,4.073552399474822
5.256355454743927,4.803674765988195,4.641475936190134,4.370638370734898
4.804182526624342,4.661113804026603,4.984311846167622,4.3826667133273
4.546527839027108,4.717701353204855,4.102839735543527,3.8364150855019306
5.031192011813308,4.635842426640457,5.080210554334396,4.43031149290318
5.3510396467287755,5.328867695893311,5.350005346813221,5.4950694465660535
4.415366965248798,4.553185155658909,4.693604286158578,4.23948631382075
3.7557838195662403,4.415536735738078,4.3528275814147905,3.799065184450456
5.076530779429559,4.039447307590884,4.769980420161556,4.262017622719028
5.415028507833122,4.90291528360831,4.7263514681409635,5.056899040513747
4.732135905495611,4.22960182051857,5.198889292047953,3.5707026556961208
4.516240878827156,3.79602039542711,4.847971192024809,3.44842159476457
4.652764612178412,4.189088076763087,4.9914699326113325,4.1698471334242635
4.491895793030237,3.76774356115324,4.641076594187499,3.174834577295845
3.004160257581146,4.430454136976697,4.523890677364744,3.923761248085033
3.5626999487460456,3.704557176148303,4.5427830219489564,3.413423373252749
4.364314803089736,4.7675519718613915,4.5235532597884385,4.206555521955293
5.01895800428014,4.667480975117463,4.879774355803574,4.531959480940487
4.71496307270628,4.850022232636226,4.765755847073722,4.374948023119241
5.023654632471798,4.362139662495362,5.067822441073932,4.258890810794914
4.264599148962831,4.438433533068914,5.072449722040624,4.431472438955977
4.232764229862534,3.8094662268590036,4.357173950525017,3.8143536784625014
3.754069880521447,3.8920087708442916,4.895308508515748,2.991074777918157
3.2613041211053675,4.019239044859076,4.724116716135199,4.223370393094351
5.761120581919213,5.299881324898908,4.57902381033067,5.255858470866026
4.932932304210373,4.755298718823283,4.901334330431201,4.576756213433268
4.386321465056863,4.714677354382574,4.889097047660374,4.2189556909933605
4.59569922980023,4.386256340885714,4.767088056766399,4.193435206232559
4.285072346824552,4.8573801206643905,3.9667498951959197,4.605139331528112
5.76516719727446,5.4978239436346215,4.17285424280588,5.366454788499993
3.9889817809608696,4.507446544906441,4.398224249104439,3.9188866400962343
4.228017681765806,3.751872666951973,4.481149938868137,3.2780386222984306
4.047846111826102,4.148988069874316,4.330430235577737,3.7210414473249984
5.107583447392302,4.769655894994738,4.866814198989538,4.743680126125885
4.3082503051981895,3.8013977450720224,4.863611925644887,3.3705218135998742
5.028360516371012,5.196281867123918,4.6889658448897755,5.064615793844409
4.564911329866836,4.775644485508613,4.990996794772697,5.017263934448427
4.628672710964021,4.362711229482478,5.099262214323452,4.3598276071848066
4.444337581867575,4.877627035945313,4.799988241537625,4.747983781521322
4.376557771505144,3.985738826369109,4.832162830588662,3.3077801473868123
4.748455455736013,4.625459850502155,4.867889983630726,4.7019380373818
4.389196006180351,3.5558459723178335,4.51843277322775,3.5678011790099546
4.1672549011911055,4.775997385153481,4.798226345626923,3.7323302145476775
5.519810302713577,4.857280867513808,5.424473224013625,4.8171276307125765
3.667848581144699,4.151180541060469,4.819721115611914,4.506308862761078
3.8465839248598668,4.864593839046064,5.011428001563851,4.6792484759326385
4.2322399741321775,3.610103156420056,4.734330261025642,2.833371833562144
4.066224691269196,4.163529032665605,4.408870771229004,3.57634302079429
4.507578554611888,4.788488611482234,4.648806265688076,4.7416335703723345
4.911888418690295,4.607338918434129,4.416308255173005,3.892105179632031
5.444850117215276,5.025001874621225,5.759122468965897,4.473365356287588
3.950134576424797,4.419782208396524,4.06721603365394,4.244062875707577
3.8594118766913703,3.932189204784132,4.679345797066972,3.1307331383865122
3.8742187162307338,3.8621410630882296,4.6080069124224154,3.8686782783895506
5.192757134904823,4.99458043850766,5.138256827728351,5.22541100348834
4.741335359621454,4.100737999043592,4.579782125681749,3.7191108318491093
4.129051133141019,4.285713296588798,4.3981350946226,3.3157007477164875
4.106061073417211,3.955181901772672,4.792462695117478,3.8637484481141704
5.115185554206209,4.6738811928948385,4.588256040462145,4.622635638866794
4.009993874466736,3.622364533417804,4.788978943146638,2.7479748125547476
4.508260840598957,3.6675005212899943,4.804571884734666,3.2568365775125154
4.672841308013478,4.911098183762503,4.469394353720181,4.919662524673259
4.018331929306676,3.9696991165291355,4.4975951813266954,4.19268077195082
4.981396124562624,5.244811987760961,4.642185143670518,5.577881422986717
5.119657392408719,4.763313240857235,4.8358241533341095,4.70316321798672
2.8017691865734538,3.2721189035537477,4.435456071286647,2.484756522079029
4.812042835943639,4.649838598541587,4.767211770732109,5.006066821736816
4.319863231159949,4.18120171864221,4.714029172524123,3.5065151738991167
3.723072255420209,3.8362957346298336,4.377773310387027,3.4504210640706185
3.804015161198806,3.4445902283160788,4.962940104201453,3.082959636987135
4.781175274129324,5.046266279849345,4.362327451543576,5.071289546681951
4.082389654813308,4.313966563971146,4.602323683528822,4.802296436350008
4.16382810535204,4.910076201345097,4.679035092852223,4.928443016410872
4.273187372061252,4.566574406928291,4.819394249191361,4.337997750549318
5.085121118381236,5.1248448493315895,5.123344345448537,5.132360201691814
4.293365166026828,4.769444931634271,4.955237968230817,4.479738370277485
4.270848865018761,3.3272712647978184,4.726194670045753,2.6165419446270852
4.5831298379832575,4.4294321840719535,4.8225697074036935,3.5868907548535396
4.590409099726448,3.9765718570089357,4.9026942348149625,3.8472360657451428
5.0053207987291835,4.749361874369873,4.829208111108012,4.405462911086296
4.74953448685794,3.803861823260589,4.454553935093066,3.171618338248015
5.532101016942981,4.93500431093612,4.866792419652353,4.266540769923823
3.9212713116523554,3.133108188301903,4.613041715433772,2.1204099765801034
4.916029233321087,4.281380714156914,4.122707990299398,4.020206246757237
4.4259235906093615,5.02361247747339,4.785533841316796,5.090425293434344
4.28513800453194,4.318616016581686,4.641987901196951,4.075035903515085
5.830639797112519,4.994094533150594,4.489812365900999,4.713684979961228
4.41628081946466,5.099976339959022,4.914574802785334,4.834440414372625
3.8534620656354193,4.884680102466772,4.661645183612784,4.438062586664619
3.5207801484177317,4.3768832081277305,4.522854161903766,4.091899715926709
4.476938715172193,3.8657845884893116,4.440345606110373,3.7534430447186757
5.001804494807529,4.998622955629566,5.165753829244326,5.193918975957027
4.429039079399162,4.562887371796453,4.717040047563345,5.150823076279916
4.038766770930463,3.849380587924439,4.833488636720393,3.06841583779651
4.807378429792972,4.096001338469134,4.656817969750953,4.122744302302785
4.475828637006397,4.17040822434439,4.666550120466459,3.826268230454752
5.474796185586786,4.918202008972887,5.160880283923878,4.462485685229851
5.482241383571983,4.695649907977669,4.4486334218706505,3.748610352728877
4.181662966803964,3.4394841807017507,4.514987240878061,2.5105634907138876
5.347477595384744,4.906697997284464,5.2704382502690805,5.327695639478872
4.051332123478003,3.9951595849198047,4.695150150563658,3.4981167341136006
4.34072464077783,4.495250127415055,4.235846745661417,4.471581022583646
3.790007079861534,3.5944462863386355,4.474665979618924,2.654706102394266
5.15250613544287,5.046436797678648,5.612911215202275,5.642666684674141
5.324853510962016,4.94343923557866,5.25550022470078,5.110862526659871
4.886620902606284,4.719682304893048,4.465482583931366,4.818988097784183
5.174497568167331,4.8842617565746895,4.7975747042622086,4.41731677783078
4.0336544765510025,3.192553026290552,4.510116945760058,2.4534333081870683
5.1153806170411515,5.317858355610493,3.9647697665477213,4.881916323383703
3.7873218489719167,3.255177523067937,4.499949026629069,2.710683201720809
4.959809218313343,4.092579617995983,4.935056373080462,3.184464324982367
5.739952011809356,4.978458900414928,4.768053900577948,3.83875658268012
5.0622742747623946,4.5666613734347745,4.61348192769886,4.371693044209198
4.787091959636301,5.200652495383427,6.078767732065538,4.744026701119333
5.060270575967423,4.537774933718059,3.9473346152237387,4.3112841286750045
4.188739231292197,4.102994417315136,4.44173837917078,3.5595018614108405
4.229675155692568,3.8186262461653744,4.047178520760298,2.2646053611975563
5.019587220734482,3.8394102321706196,5.164010966276487,3.526349043670916
4.986138693080693,4.077196900444883,4.4229754136627175,4.53321856345837
4.230906539295039,3.791321915326571,4.627371200977135,3.49676088681805
5.667800959558028,5.43294609010018,4.139904264368034,4.2220082263536955
5.145241225212927,4.092609560256219,4.264252151397506,3.9790049275701254
4.982085572566647,4.825820064480308,4.230796936884101,4.865693664364147
4.886169402077148,4.336919925593286,5.25136349716751,4.027875744616066
5.240175844547327,4.550615588961969,4.481016209213344,4.242349882681705
5.323406928549536,4.974414350434385,4.3936009843071435,4.310603831517245
4.458793149404433,4.885517797755612,3.624521998429803,4.3729300248094685
4.389558097332414,4.49680787552437,4.5592402438201285,3.970424220868737
3.277747529335389,3.929118551765325,4.680542668662656,3.0686557594680686
4.7560077376381376,4.959408063461042,4.991370297617244,5.2963495388018105
5.143308511930105,4.29224390844498,4.247883976522953,4.273472851420887
4.095583492942804,4.139051283552641,5.180329468330991,4.3240843542988365
4.331887048758543,4.349755701351409,5.230122058972232,4.170645558247903
3.919521291606632,3.6649350417294126,4.345372453262009,2.552415566948432
5.215316979511049,4.531422651037874,3.861487114656924,2.4781689374989444
4.564034524033979,4.607233751781356,4.706338801254308,4.721358520541354
4.166592606080922,5.207326815126105,4.661166682532324,5.1222224720860625
4.462593428765463,4.1611607874822845,4.751759365152802,4.38809231593162
4.549219173382594,4.832625328704973,4.811818891532407,4.507811643385389
4.775046349626986,4.601440724287552,5.151345892547126,4.523078495329508
5.617071891636274,4.356970264407938,4.874886354460685,4.675302927077599
4.785317078418771,4.171903119134508,4.421619070580621,3.1085038305173436
5.750812348560412,4.997743565800742,4.22899887756644,4.745477774447531
3.5325811865484544,3.3703949348737106,4.737632168371609,2.4835072556958804
4.358366033055235,5.181389976240389,5.075894778118696,4.923194783733054
4.645973623983724,4.399085689951433,4.586643521873804,4.051515048271191
4.127155529475917,4.501076231284457,4.231106645158084,4.276373500193603
4.820835242255582,4.771825006037544,4.807257818695889,3.9483119252942087
3.1953332624744197,3.170926590606756,4.605430809084017,2.4303214787060563
5.224790838224222,4.948750519108216,4.287830287938185,4.465564604470665
5.267746315713104,4.914696231619364,4.357878771572745,4.394368458444046
3.513889428690569,3.420040714448467,4.412316522803641,2.6513430263191062
3.8193177344846756,4.10070146739448,4.402973675532552,3.089716369017394
4.245514764570652,3.57621539169209,4.252521694302527,3.6014097669977976
3.6959831396029474,3.78599545500359,4.492470931409228,3.894318365164768
4.059506206139004,4.311477916741756,4.589555572856507,3.92684473148619
2.9761878527247023,4.256928568175797,4.622596227932584,3.9339077764852695
4.758289818809321,4.76930877433766,4.513771995463552,4.65063447721047
4.547612625561438,4.019344284003092,4.800817410054703,3.6858535184162275
4.848805644169718,3.5972331484876037,4.677747565316382,3.5469035766191266
3.827661096569946,3.213279172027293,4.73290954961199,2.469018374586143
4.142590670242386,3.548075447491774,4.982376326649921,4.178563587411776
5.531151654662215,5.222354952255885,4.722861990240385,4.81201965487082
4.809293098560076,4.526530408457662,4.692084831142094,5.17557721095088
5.028479216786172,4.988715926702766,4.660644904915712,4.933542877065147
4.723465576081504,4.607697935411019,4.460600037044412,4.615643784926651
3.939449119162959,4.931515666184789,4.603915530863236,4.0269284923170385
2.897888550038636,3.2556813526318438,4.427706666089155,2.57910510811656
4.739175814942549,3.608945833899026,4.673608752632814,2.9135830528892117
4.375953372022948,4.038677201660163,4.667975612279428,3.949051690982164
5.298533706456248,4.829305648492888,4.501744432162295,4.418293885470078
5.085827994920854,4.775673775445945,5.001298363044862,4.81717276237601
5.442555042065191,4.904721506986376,4.598005919640151,5.505734543601895
3.9768366942761535,4.241765690928667,4.393857383515888,4.0040293349536045
4.651738369773834,4.7596476015824205,4.825809009157316,5.124138329965404
4.185250092173746,3.915645881482701,4.4321615042808595,2.5134416344709387
4.023934257449185,3.888218281897171,3.9162914092541166,3.003784506106321
4.098932530950837,4.278545348363355,4.1376086422622755,3.772307355164493
4.852189232878145,4.740227988597399,4.673364516914519,4.812861974620741
4.154542855843782,3.4463588722938536,4.3415689126053065,3.6452669496385472
4.876195024653993,5.146451867292523,4.889550111243955,4.383067210553888
4.238845869843096,4.629350642804215,4.6282007031213634,4.54141354442348
4.727191347548009,4.687329248836046,4.997524244592155,4.768842393729585
4.882563217940053,4.454454851926107,4.917329754342643,4.290191663962597
5.41692060837534,4.585413382007495,5.137872676869269,4.81487698013927
3.722104274927917,3.83609252849989,4.393875398078192,2.8907224073749287
5.798360067298742,4.704088815586819,5.140644010651401,5.128801511949973
3.735374955534963,3.8962719179102137,4.148223732013821,3.356082492555828
4.390057536877248,4.223920596034977,5.198964446111186,2.916577912707295
4.941506114952477,4.318766776346467,4.063844537620324,3.6900412704935976
4.93805914820101,4.769110705904079,4.672363653948129,5.017887444205794
5.770576970428971,4.854093997388741,4.89545457836692,4.322288689199914
5.097097856976011,5.068981793040142,3.468480384527843,4.482291906341528
4.835741767865159,4.604090192678483,4.462571636800842,4.715729078525264
3.4744118400362036,3.9060579556842816,4.652166095976896,2.645228446009044
3.6073246704928494,3.9460591350283276,4.649906170551807,3.455113657428684
3.469371999882547,4.0859341586937425,4.1967739037924074,3.820891236308428
4.09403164184991,4.418889891087116,4.649277832321967,4.414112485339257
4.765299712331647,3.697602837159452,4.706754759732706,3.382301475751836
5.346454816550878,5.270508479811502,4.775895235159165,4.726012991909405
4.034515206028163,4.062177907705558,4.787186068046487,3.787413088654921
5.118004227135608,4.310321923670483,4.444513151061899,3.988479610402042
4.671886513391665,4.796558577783121,4.284632015858834,4.962529291898541
3.5513511110318476,2.896063572196411,4.185053116091293,2.1136451365797906
5.282681959218384,4.229975274833491,4.52283582753952,4.050621298344605
4.608465230148587,4.567231660718901,5.017362115335673,4.270984913571708
5.337031082883667,4.981995133663782,5.212048303646885,5.174289279000912
3.8998144517260434,5.106239182438375,4.43837739181218,4.975221447460701
4.734157987189606,4.36590696269742,4.321021764904178,4.134792673944901
4.323882235560609,4.701892371855687,5.180396550381956,4.74976705008905
4.049285368202503,4.622233971977624,4.651875171666694,4.79476308630114
5.226196544344938,4.9474314491480085,4.256802465560585,4.455542861283839
4.25942203130848,4.375444235488908,4.5178755054953745,4.138226178291093
4.827330239020987,4.334318636844625,4.633322508505041,3.4426973810860386
4.742585306248877,5.063691174984944,4.865078396229692,4.749246312157618
4.921750871655547,4.4070942125823125,4.365675171214656,4.279755039088781
3.9119776837070197,4.534889046844468,4.178931158587085,4.066126386846713
4.672741029131818,5.074938844533739,4.71708805242474,4.912287453398312
4.0989545551056406,4.7843656746132055,5.161200227264735,4.703496238474879
4.241462243446214,4.773032272518949,4.503722993201171,3.9804858665407545
2.948217555204578,4.098853516636167,4.455259602980501,2.8338865372698345
3.6881299448229776,4.118216445303187,4.643165614464844,3.1746253876522497
3.648078155940316,3.6481280439879575,4.416973896987849,2.961103863506962
4.187651631989936,4.442604419585283,4.919904536586223,3.7108341697251825
4.184181744611869,3.9247693593178417,4.849615594444054,3.4073137292054794
3.88842727726245,3.789117188148331,5.261865993374266,3.513165919963834
4.505329088586955,4.642523769960248,4.909770497181503,4.157865861116017
4.723684736975511,4.737865349795789,4.8331095385724065,4.6227371113206885
5.459170174455233,5.209264760857009,5.002579304431448,5.105680599511781
4.329470944441616,4.226381904856388,4.804496692444574,4.018122050903367
4.363153190689984,4.9492832578209,4.425311320651294,5.160180113205054
5.05936025082161,5.275187648590099,4.499530551665599,5.584901908376932
3.306200598468901,4.3189335343888,4.817380608423667,4.395744787411651
3.914256755119643,4.472006109356541,4.648866573759313,4.118512240458707
4.596730956785409,4.463408638478691,5.536884196680773,4.642047340316433
4.540719030259963,4.062985921346824,4.675266087074742,3.990779518418156
3.702395637166971,4.637534337559505,4.688116112860486,4.8265194749068705
4.089791817162186,3.9655385971857644,4.635033433469096,3.9531206736411
5.399565979087661,4.7785009091560084,4.865089690676712,3.9088988391848956
5.425271071420138,4.535833464474954,4.805713866550758,4.259986150917423
5.547795592215731,5.011568823051253,5.351494565782881,4.876315539146544
4.757339029859083,4.492251064463263,5.388649892413514,4.3936102473430525
4.910264762329986,4.690787756391373,5.086767270735745,4.720874069373232
3.7698322008883336,3.9133514998125105,4.466840860014278,3.368810558435983
4.601490881102532,4.486472867498771,4.470488173519966,4.4529787976270585
5.106563720712243,4.7596802949602735,4.229154100996731,4.4786336297587175
5.331953631517773,4.866141149619546,4.719896449245384,4.501685233217985
4.288270026026341,4.15356408662228,4.83953807560603,3.7479769160129046
4.9526196778449565,4.825280967977326,4.29673358156627,5.289529536703495
5.332591030758618,4.4093575527832,4.676993100861582,4.491377148029848
4.892078920884738,4.5539830387799105,4.660270231872912,4.390941716467033
4.56976724950899,3.678464188243097,4.546991319105239,2.6179018925119557
4.825614413897568,4.057139665299246,4.820181933112195,4.373612953037196
3.9076107914914053,4.952891382547942,4.245206089895664,5.074721565777163
5.20680268522262,5.07602617467274,4.563972674597241,4.974288116431327
5.318214681244633,4.832021926697748,4.427279704590718,4.363515050964028
4.552483222162237,4.4635424425456725,4.854515036151781,3.8835807034661975
4.3449184037266555,4.846182060868905,4.83240909489102,5.1019656474420865
4.956316445143489,4.691114926353493,5.857315990392114,4.4815302015112755
4.971736860083893,4.790979988788382,4.273205143911774,4.265659413798305
5.447291690191846,5.150992593477318,4.361183841575122,5.341515527041066
3.862298739007449,4.516909674341994,4.1095462566933,4.43043571790757
5.284788930157891,5.366230668938588,3.8844666464142685,5.20683929762394
5.111480511785272,4.952393166837194,3.925534136989308,4.888890909515556
4.593665430709974,4.689270969753343,4.686059508272301,4.45287711318133
4.34607012617342,4.47488348979816,4.345517137567209,3.8728610238259784
5.116114370129372,5.019212806065892,4.724700212178176,4.738808440488937
3.241266466077828,3.7614375724826257,4.764765030138394,2.7683482878535868
5.412393108589952,5.284977081792603,5.229102548708888,5.153301818888967
3.6799150241961587,3.595923612690186,4.392851586649772,3.692108065571798
4.829970882878302,4.786071287538511,4.903504202036931,4.695855193991347
4.233228813842557,3.7694126069819003,4.372681916806872,2.6951345625121306
4.1739707001713295,4.742902966573372,4.405856427832625,4.395603514878834
3.8575446790616943,4.212010829790509,4.465313518284687,3.5052840480988725
4.3753283432876575,4.711051249762373,4.821355994260618,4.679224204822228
4.905226087267669,3.726905673936638,4.106426546110358,2.3816714458963215
4.215562957401833,5.409290857918885,3.8605177842994793,6.2296015507227835
3.181688197942831,3.863745300289137,4.305267597429331,3.407739269008658
4.628879237262204,4.350371993419621,4.739711734187507,4.387559517924975
4.607716734134868,5.042527187905709,5.245775174610345,4.965755315659351
3.4833375956438477,3.763399609992966,4.853060091332318,3.330320221942385
3.950345957315568,4.521610410529147,4.939669743527063,4.655734853752635
5.071490993126061,4.089272638684365,4.811794030132989,3.0537215570573393
4.348242812144953,4.9054204559161585,4.095128478016712,4.730403633213029
4.705460180687728,4.186990806037633,5.028246407889355,4.07203316240114
4.161398149682767,4.119002804284768,4.448732696617513,4.155997283536175
4.07560614722178,4.789265311615087,4.605911573953893,4.689577120363935
5.0068893409998845,5.225515739827369,4.194703902351324,5.150890935675012
3.838534777138367,4.4489687757224345,4.599718337729698,4.840497157895415
4.187268068090739,3.6229760480788444,4.455534967370022,3.15507986103206
5.350709742938922,4.358304210687378,4.495409428650762,4.095730171830174
5.0666317176790105,4.455591130943267,4.649544578735472,4.0662863546559445
5.290688087987378,4.412568949714457,4.7090004814852024,4.104836878402826
4.660534787738635,4.433809042594033,4.604284124956776,4.2608082841220565
2.7911515549430876,4.066255506136618,4.310813063412082,3.2684326160005552
4.7889997684260805,4.155147179738494,4.786271591740817,3.608824057320401
5.363972515721963,4.5927599360413645,4.552855989559708,4.36211083108729
3.7894586294101,4.9947351601120165,4.850107248515437,4.637806754303167
5.035494907708274,4.86531639335419,4.624469200111178,4.924106738457407
3.5817148719562635,3.9322695838786816,4.6788406455340255,3.881239260291888
4.950481480249403,4.938468198789652,4.443646643875178,4.969357816544875
4.040117103063868,4.899532611445934,4.487929961956144,5.111813629162136
4.770248561973602,5.150586782888804,3.5241205473994306,5.0837005284502
4.643476702045666,4.634208574298604,4.633656095864492,4.512649496489311
5.503733695099672,5.204294488783607,4.182109095192463,5.3149677043274695
5.793078736837556,4.42199056321594,4.661035658659347,4.78453215334703
5.210474383899606,5.129067719354028,5.136135463464497,4.7178984243038
4.656976664402534,4.444038256625859,4.857256570140319,4.504349652278997
4.882705980461292,5.208601753162725,4.645412661464782,4.816228390379305
4.79179947523958,3.9284362530853896,4.9842722768975465,4.070677148414085
4.478461282355492,4.647196076369645,4.888526037753413,4.889095601563057
5.5731297114865574,5.206952710583227,4.6233476918608405,5.223074348888518
4.508063092681542,4.659406448257404,4.605117485803571,4.230090816994408
4.373176874180567,4.973589946149884,4.752827563979909,4.896890890423855
3.72443691069553,4.109060560622521,4.991867143730885,4.256988168106927
4.726114077232281,5.100230046998726,4.526015971728264,4.2204581223740165
5.148868465272811,5.05344873593919,4.670389878111144,4.5928530692197205
4.935679622001985,4.599754479412854,4.361399519520763,4.0294023776312375
4.768760657629591,4.640974893620128,4.540030524926167,4.7499276555618355
6.12711375350176,5.514869250550636,5.345248952340074,4.961737219286314
4.9170086331162945,4.6669798270596665,4.685306424571012,3.685660049243042
5.00961452066431,4.58830931814894,4.925379621004065,4.461120537791001
4.924604610756858,5.3016865542731155,4.713064226356127,5.118982194927337
5.856540585534554,4.855127255912159,5.2870712372712365,4.576038515064696
5.361291876585443,5.18528136221352,5.255133279779465,5.222483793490121
4.583427733043345,3.9402704250614486,4.712906502981915,3.7485561807663625
4.773860758969377,4.442778748576657,4.114533949422516,3.975631373872362
5.070526069171025,4.793833465021724,4.76754177376407,4.392552437930104
5.094515074894835,5.166089381025051,3.416827382019033,5.475905331635573
5.02831298974284,4.954518649662473,4.601440874805012,4.678554318428037
5.588004980373978,5.28829680884896,4.981805026875707,5.143236220430528
6.066377667694576,5.688985458329151,6.240192223367405,5.868664337708578
4.072785862905831,3.6753639444958894,4.4487934372150875,3.357007184148263
5.249678786392653,5.717905615772535,4.597568674000077,5.75993989821706
4.549773487801194,4.376907930352175,4.932112538956168,4.065320232066643
4.53158563516448,5.097161416268995,4.25626627575209,4.98948973208323
4.266270370415954,4.635283587635673,4.618465789215073,4.700682947294305
4.948207212406429,4.6110595965535985,5.026715082493937,4.393113545712873
4.150128243132667,4.794880542765393,4.8327194699659,4.551270255892016
4.984780202057743,5.249829420550146,4.700534220522793,4.902525191015436
5.459356366337429,4.826695635657503,4.004602220705671,4.591335490499408
4.56236060091969,4.3885052145631045,4.586592756149472,4.739844377734168
4.25588308862861,5.060822924842163,4.751793295134231,5.2544871801085264
5.481024313934781,5.579976807727637,4.4436086783012065,5.233230269816465
5.509824204404587,4.455863370272605,4.474609276094383,4.028916490550896
4.811899237879299,4.835505723419972,4.891325900898895,4.421602692063338
4.322345117257615,4.538266988065483,5.135964884686067,3.945819926663411
5.400549781828094,3.8770038292638946,4.841316265320457,3.2269636632306877
5.473378614441985,4.850650582064622,4.289428333950531,4.617141310974106
3.9171273039529213,3.752185420178886,4.481686102865943,2.8117359417006784
5.295617109015283,4.836659552556934,4.822825586370127,4.624730171094618
4.554695354209141,4.021347612937147,4.377378884216418,3.69931280498252
4.213113828059157,4.399890240817565,5.269563284768346,4.505277651439495
4.841760737608185,4.699977022993647,4.6228749425029285,4.582612011499877
5.0099243815146215,4.73688986479365,4.90181378480526,4.576962811312974
3.853573572727681,4.7270620002687025,4.166945963024722,4.578583606734239
4.702497705648633,4.349914396445979,4.5476791400996674,3.2559342829487927
5.182993316940443,5.683352444498954,4.791723170665617,5.519430701471623
3.9386045603290634,3.5278476730788473,4.445702383549693,3.309806695625932
4.246133404156005,4.498049535156701,4.684786763039626,4.6893392585753535
4.3948973333736605,5.0092411543576345,5.570916620159419,4.749639513570914
4.309779736629071,3.9757014455272666,4.705621653783512,4.0801655439961975
3.219974606040365,4.216084131937784,4.489256760088159,3.838020963689962
4.713847663448078,4.182378829668086,4.78040597321066,3.7592314749513647
4.396801806832052,4.147159198488033,4.858396625886379,3.718319179342649
4.713555751738406,4.79387750731044,4.464476520124399,5.028205873341068
5.0310972612922376,5.069115559014872,4.2754821346644025,5.082781742758952
4.193068005402597,4.4048549678872355,4.8475331174068925,3.696917429572191
4.850924365250757,3.8592607810756423,4.85478735039922,3.357082258806712
4.9182774846059205,4.242599408005354,5.0103140955778125,4.270563610024074
5.064085111244896,5.002302134488899,4.505340372754876,4.746132217338838
6.000280674908041,4.4174624364480195,4.528945403355933,4.097286930754599
4.037863872034186,3.819723502108778,4.317663512375303,2.9211807035903217
2.909212115623142,2.9782368430248485,4.242662113713713,2.596031206805945
5.374536674588444,5.284714809533334,3.316690790018544,4.396743677669439
4.33381741109887,4.753797023896994,4.43197916948099,4.485829559308204
4.110507094827747,4.490575651979037,5.004561026834212,4.01171904243162
3.8161936099778893,4.422152678073688,4.56921458844891,4.102335697602325
3.675730058501745,3.2919809672755886,4.241848303352596,2.4552196176470713
4.743559305971881,4.507986370645758,4.342014991559069,3.7566988514006927
4.928647452600241,4.618894792224234,4.613921413516234,4.30128129656631
3.9419195123729622,4.440547694775836,4.54715687468994,3.926788507799339
5.418510730385927,4.588562593406376,4.746803430817624,4.308565837044751
4.622226945604535,3.9725035912288376,5.2064741211004355,3.949309286326614
4.614090762907724,5.28897306038474,4.2851798271423105,5.183984676154668
4.726687907733109,5.367639541179643,3.052204466443923,5.092084180675742
4.306639496367627,4.56422126851431,4.555181980800097,4.315290550218266
5.33604929676311,5.117689279023754,4.0890251752294136,4.972752078225055
4.7639548938844625,4.70540361822577,5.122665180823196,4.9233947890119545
4.410037758514148,4.924355441883894,4.762907410129259,4.790989855139003
3.9094998201277154,3.599313553629308,4.70717347987052,2.8004797712853793
4.582778228957901,4.0538736961182735,4.784650005037984,3.5889145856693276
4.459153014048094,5.314873777449021,4.29615947382489,4.8335245107151135
5.0596537809246245,5.154289572978799,4.0880211778417905,5.202832281210293
3.3946670583945244,3.59642851172583,4.749926270412616,2.574251505708319
4.167387788499067,4.108405886228795,4.897714731084082,3.079544378777944
4.377486327252401,3.9789124198685077,4.764117325627334,3.8362660844040963
4.168749526566216,4.63227570283281,4.4500322428117745,4.3834437003134665
5.142629961871177,4.656632379661884,4.271437699301914,4.289736046558777
5.482987268758445,4.709127631506748,4.623541760223765,4.4140863836734
4.74151851774164,3.9837595063402635,4.934374412264086,4.698619628644065
4.736721897594723,5.2331862967908815,3.8833815392898177,5.2273867753192675
4.933496863676248,3.8620972721143616,4.484809276791905,3.4235180521736637
5.027206187445953,4.685605990189424,4.42734968293733,3.5855499901787065
4.575577263865607,5.385042137845455,3.874761695595998,5.265530786255463
4.138566651228276,3.961320666831957,4.786825996563448,3.6250980717252665
4.225607471216866,4.815611077744545,4.65870099573182,4.7536785090157485
4.805854740580212,4.248356878553541,4.570368278167339,4.185398449585042
3.816099824989137,5.027103396048329,4.546967987782561,5.0993734370736075
5.190784727671108,4.4731199689903995,4.617837888300265,4.509101410697202
5.3887058860474015,4.638435962524731,4.664477949951622,4.46249675762859
3.07009049763023,3.6219524931641485,4.9452953374749695,3.7492954603614166
5.368202201715841,5.110755685319284,4.78422932869423,4.770872975415077
5.202619799233687,4.4860266848313115,4.921816953396781,3.5460867603084476
5.279944312679743,4.721069440597076,4.488683669617837,4.617586674149591
4.1031640633128665,4.697304294906984,4.743292385339038,4.825512314744353
4.054589384832917,5.360685909965141,4.553942842816031,5.3651442788399955
4.77087515255937,4.347619800665168,4.396716795844071,3.814447953877546
4.8570063623561195,4.938076254648625,3.610277260569166,4.330404219842676
5.462572638118657,5.526824789194233,5.490771944911316,5.616307833561394
4.69404082086087,4.125130412280314,4.827074993148218,4.094466786598573
4.727220075023105,4.790574715624377,4.22010473417218,4.994620199433283
4.983129341151872,4.709278857428961,4.50262830519064,4.123005497588637
4.2450898238871195,4.730355585563138,4.5891467549047835,4.571487733930086
5.159383374320037,4.8616910121525985,4.217312067414824,4.23815501199276
4.918072772374548,5.121646252845866,4.3406517655992145,4.877804820140057
4.406667420460924,4.057754890881801,5.20205751224891,4.252854022454436
5.543341878587491,5.105992076301467,4.289266162744403,5.301814268026687
3.6212688574177943,3.6837315880389894,4.414821638556179,2.908884250362104
5.415737171134147,4.451525075746148,5.055162874835885,4.254939911224895
4.369858916168509,4.314663043807072,4.515522684640952,4.214264032258921
4.295367132247193,3.885757695473993,3.9238839262358867,2.6077746306301486
4.393158299639724,3.8234798580762583,4.714468209745498,3.7475908200329044
3.548939163326305,3.8849988694672373,4.642751968288785,3.7165971884491196
3.759125928697029,4.202788726215905,4.7494232394558304,3.7158301514914887
4.245290197299343,4.770765162693386,5.144590359720412,4.421017290483392
4.875850513593828,5.118341988634464,4.089528809307287,4.646669471163552
4.67580813849893,4.9263515318597335,4.7016735694800325,4.809656576368076
5.5087220120884695,5.371469921180229,4.560441635971529,4.675285782842317
5.015775279888943,5.088538819400828,5.021172098061251,5.188064954465221
3.8974530054141496,4.787267390314829,4.5783930080177875,4.711394764238042
5.35637054171018,4.965227914135748,4.032714231678056,4.260866868703102
5.698444222563927,5.056457601522249,4.259547633242642,4.773006572407426
4.787622317785033,4.119506150456073,4.946581965124705,3.3923417813235854
5.059106008950387,5.516375159774269,4.856677649708253,4.760446915516668
3.5873517333931786,3.8630926851613654,4.344418584190414,3.7133157275464503
4.527001512930434,4.035851829570717,4.932734370167881,3.6482831159620392
4.412317851324495,4.4620869226713005,4.473019756838602,4.911671129165068
4.303696089001444,4.215466019049358,4.538388528403307,3.665550935251579
5.695687032484183,5.289380194574603,4.117173089413184,4.86320887505975
4.388723619445466,5.227073263053683,4.9440817339609655,4.937287546029121
4.960495257607874,5.133322671289035,4.642142384014761,4.89021539397738
5.657975823335706,5.08649535298972,4.982101636924128,4.928678753283217
4.308065366576678,4.783661049868261,4.95604539342672,4.18543059047997
5.168297928308142,4.483935365803039,4.320122055889201,4.453032885023183
4.274497377087647,4.266646730960823,4.227240622838333,3.694510141237538
5.777460534282264,4.935543595557497,5.5999194518899955,5.791070349130565
5.4500514360171275,5.347262004869073,5.17089859751654,5.74467554356787
3.6715479788473924,4.873739191791516,4.102393798561404,3.861655974367394
4.806731301060663,3.8755597905973724,4.833174798307702,4.02303887134315
4.974137203545818,4.6325376657259705,4.152209482720982,3.8672290467912136
5.477706141613303,5.098789143410946,5.644909717736154,5.81829722578487
5.063113861685653,4.916459535511263,3.877574821198101,4.75150554290979
4.2767524966251464,4.5844988038431715,4.736732464686199,4.286114352033537
4.883315587442244,3.8145246851668255,4.332326159949405,3.174939509140292
5.26743361824503,4.282422196923653,4.551039777134927,3.840606865191209
5.412861601437247,3.5845495745950773,5.149698992628763,3.60616663782258
3.755260520802361,4.507650722997314,3.8947942172773757,4.5654577537917
4.892366619337499,4.066940917123146,5.282711459156956,3.6936953582047747
4.959365776108053,4.571649907264402,4.533424340000335,3.9373907837592577
3.11682299161089,4.686411393351111,4.2365614025122635,3.9937100192776773
5.513219086293145,3.9137352919057427,5.058429814868918,4.480340734742316
5.130199275489442,4.662168222900468,3.9125889856370457,4.058165733277203
5.478691467198835,3.4979868357113704,4.686976062147588,3.8556775195740327
5.1227349921619325,4.16833658422366,4.798371569718117,3.139371635578834
4.954442663677084,4.039970071987599,5.184002196924908,4.072919935374561
4.232406434380295,4.562851055862653,4.528696159906914,4.197409429973908
4.433665962589967,5.031897811619,4.720742205995769,4.492742446553137
4.848419644854321,3.728336312625884,3.7354308180140126,2.4591675739713983
5.443877735307649,4.024681135161811,4.854174362217508,4.027112678769256
4.4684065747479,4.208994042487172,5.028369870964168,4.422867402660345
3.790391396249321,3.924227172682327,4.6516099082624285,2.680905318373281
4.7473815559634565,4.773420594813502,5.071215499985901,4.757694622449751
4.179335381788993,4.212668825513153,4.483455458607404,3.783668758947316
4.886619640526516,4.084454413710792,4.69148158482172,2.682658183446768
2.9628760006095507,4.199453387092822,4.021610306273323,3.620735741035125
5.011680777469283,4.512768603917056,5.716334000926511,4.498657403639563
4.161964598903786,5.127884543802192,4.79380397090342,5.081153873807844
4.883398954265022,3.9714383015739325,4.787872304163208,3.7859491914125107
3.9433737167669376,3.9796347618071723,4.025703789816335,3.381088190056579
5.239979654569957,4.219567889047405,4.450480838394431,3.538750242724677
3.976184887290156,4.003603790323814,5.0216066309467875,3.856107291917123
4.983558783880554,4.647293009012976,4.251086165669581,4.512948316957476
4.00299245427112,3.5408544846677663,4.41527787517876,3.0572242173744617
5.253117168736903,4.615610014517042,5.107200595694102,4.818702634264535
4.871840253854482,4.8716423917955325,5.1246911663477785,4.2944315023958355
5.201936079150628,4.016316562208208,4.317392898852606,3.3927968008815257
5.318443074972848,3.7262465213702556,4.097126819718905,2.7499489620286774
4.8818593153186445,4.446782227548151,4.696442341543829,3.6289997823622486
5.156030180344778,3.6214096867147045,4.375975500384042,3.3689785861491277
3.507919157594814,4.818734797835098,4.2629752314354015,4.729139707266969
4.569171032589839,3.6098396700580166,4.42786486159126,2.4557201014694825
5.097313829331237,3.378508899310826,4.640769625860547,2.8545288288860147
5.811035978878308,4.40409740851088,3.712043415358884,4.372596929329699
4.673182706024317,4.278489650574431,4.852874540893095,4.141048248314712
5.406794466559565,4.097699960269904,4.329989228547936,4.0156087979901
4.310919826148697,5.15441621997869,3.9392849618059733,5.250304481979614
4.6157438335110355,4.49970017688838,5.569526934474883,4.502285964079794
4.850854394510988,4.607612311536679,4.69852577724218,4.400155038810091
4.688182961591357,3.49350290224907,4.832640438705808,2.6945421001920264
4.801460994756323,3.921240898336725,5.2477116232034104,4.02628143193523
4.793742774063524,3.407958986729202,4.977939164081929,3.2810573596739987
5.361192396060136,5.30451981113182,5.0876634443360365,5.6724402932217695
4.556795176008681,5.011770300512849,4.163956832999159,2.8570144108486812
4.751871033635036,5.267897419571408,4.788536745282133,4.867677347124342
4.00804766579746,5.015689532033084,4.314165142874357,4.978252011618318
4.447149420501186,3.4089479088990786,3.7370506578295464,2.1512032607744396
4.806872356440375,5.180046419011256,5.162513371151803,4.960305729792548
4.654872272497968,5.562485935641959,4.508144170864316,5.426867594390515
4.101986550113523,5.089111849930172,4.604436020315375,5.046424877720253
4.461097072096631,3.2243680510187374,4.490599531025085,2.6850791051361003
5.132974906015941,4.698231438741927,4.541021791121191,4.063659065480058
4.793661584772285,4.218532172777622,5.226443530306093,4.469958019146913
5.918540705600446,5.58912549067307,5.533043873570339,6.145495996751571
4.369174180896879,5.159524313827388,4.823783945950849,4.942377869883125
4.444353941053082,3.2676063516616125,4.826883979642838,2.7513141451471808
5.028927951780954,5.070433391043701,4.717049040734377,4.250746708965304
5.308933682026611,4.178010982024353,4.959379063383966,4.1973959053275935
4.16701797666557,5.423709553520636,4.411527669786546,4.9909472532244
3.966296265512497,4.854506730869544,5.7113562946523455,4.960795065849977
4.875947247041192,3.320136537984549,4.852185522644045,3.0673482822717393
4.283122387621874,5.223447296815669,4.867901335330486,4.829723755847928
5.160433860299001,3.543741564295722,4.2847666074388515,3.5028022710787
4.710151882212527,4.098430704104625,4.925659174923529,4.2847217061593135
4.912685704163424,4.052167200791665,4.96680651117083,3.8440652457095332
4.213303558561292,4.209857037472054,5.11788025862562,4.490520557666169
5.164726837945023,4.750578232656299,5.141766583343251,4.238967365329922
5.363280256576098,5.0885474505475266,5.929405916265873,5.18046426163033
4.748661152623247,4.124388986954591,4.530988617829893,3.7603578850768615
5.325217670844702,5.036260848676127,5.029525730239175,4.5965453355301324
4.327606388175909,4.897758895405449,4.546162066190598,4.914111844861693
5.250379912976157,3.7994002498824915,4.7650689801113355,3.450369220733414
4.405533215317678,5.200815707904674,4.928629164918761,4.818704705491797
5.552792261140364,5.317344829918947,5.5218614429204695,5.409066159824186
4.672729720953288,2.6191149186824547,4.677335562797683,2.3817903958991806
4.9665093249886745,4.740477719820674,4.081113696884243,3.854610347725007
4.57937934224724,5.177609508143437,4.753412560420081,5.191931776431894
4.795004575325525,3.365803358701731,4.3421867954139115,2.450275150245499
5.129357211970069,3.4551829883103675,4.818871659140704,3.6105873831961004
4.743305033643172,4.510745165220886,4.365311753556635,3.3622655991785373
3.5462054354177375,3.868131162104186,4.0665793938162444,3.415486281909783
3.581928652395626,3.838624222725889,4.591981000228485,3.149575304552036
5.160936712077182,3.664753409241399,5.068758960268973,3.5231741669266974
5.568001369847912,4.186738779039068,4.788106421678121,3.7862357942739515
5.50299232580875,5.295600578172816,4.517654862172065,5.503489720166202
5.269221651445796,3.9146266174342252,4.219850241166812,3.783096581839074
3.7258229502799463,3.047957456607514,4.317016294079656,2.104141954766486
5.592309583298937,4.303132742228917,4.294351616622904,4.047576615691131
4.531710576325666,3.3565693507468617,4.5195096922013365,2.3838893132572836
4.552292002821912,3.9007652394501773,5.338480929391191,4.112350820031958
2.8583676540273704,3.4868468322286996,4.11525274216529,2.883928313652137
4.491799214321108,3.770519193124328,4.5072176337156495,3.311988080441057
5.238826363766352,4.599001112615568,3.645683192637857,3.6857298945794215
4.965150839655421,4.846420548447927,4.83006891167759,4.775856742137054
4.644088090247758,4.080575855706691,4.969080769805434,4.015597028554926
5.0740236711706475,4.951772092074312,4.442488197694771,4.7177441501685875
4.901665170248391,4.3826620902099735,4.826681669614767,4.409786123091373
4.494791031079378,5.133231693473729,5.010652532075504,5.032936167990788
5.891496769704189,5.599423978674896,5.451226500237395,6.064623587242615
4.499163335747062,4.388484314826548,4.4511156250169766,3.821431609835018
5.168027300175185,4.812480112134286,5.446272541486947,4.555524930294622
5.498429015357452,4.335356866742652,4.7012547996525305,4.448949733006448
5.094493551926239,3.4574801521768306,5.066816500682372,3.404473952076094
4.997800520185668,3.326439538901699,4.260113414541073,3.0187503231518824
4.712434981321014,4.7161863536996105,4.434883061209395,4.8467266162790805
5.713182317359949,4.512121177046623,4.575931819440917,4.235439604548176
4.86565559431073,3.532114019715732,4.742647777463986,3.0497652806706808
5.313398380447526,4.282879271053832,4.432954803714222,3.94979181977077
4.422998207671375,4.896925701711203,5.232142759873071,4.339145072183676
5.566471559605021,4.8148291422544505,5.122808975071179,4.405056594354059
4.9691868402858725,4.4982862914219535,5.31010121335086,3.8567100266457737
3.7879959154686036,4.249496155451838,4.191693161023087,3.496616058368229
5.131359058844385,3.0096402553190207,5.256850108177233,4.142590814451221
4.778230195980162,4.249356040003582,5.851425925855451,4.377344106759303
5.179120119351958,4.388254362324632,4.65771268401434,3.8828940726357435
4.355031879016967,4.698219679870116,4.422215198120665,5.3045629949095305
4.602521490266168,2.6653682997549146,4.343406446219468,2.8276250410834294
5.232758166691288,3.6204499660561495,4.502491544605661,3.4347820316231825
5.127863177549509,3.894545108667255,4.534378086093366,2.86708205177347
4.194167446960507,3.499627944051418,4.788904255318998,2.6290065145699564
4.433052335627308,3.0655677986674363,4.921501566021288,3.0898290697642534
4.975600170734213,3.749452039552072,4.809029148398532,3.3662145084147483
4.553427506861654,4.612475779609539,4.272619688909106,4.075019053634495
5.528021979049217,3.3007613207351434,4.266197358489115,3.8577114540295243
4.763964281195388,4.590651038874185,6.101090558284924,4.450820790958801
5.332370227716009,4.422609676031085,4.392555519008607,3.9734768278398205
4.219045142977292,4.600508984680649,4.450765272849572,4.682744421654021
4.675932633803716,4.455480661727953,5.000414080830546,4.283083643977866
4.918977592716694,3.4981159794693664,4.354850229547737,2.7447676740670195
4.60732392339104,4.142791113119166,4.492581590503309,2.7268182869959503
5.398032652005696,4.9172074751189365,4.251942892994636,4.921042761914716
5.498316715314021,3.7690378263962763,4.552159442509964,3.980831624897523
4.504892304585918,4.417509653278023,5.379614098437302,3.837751231496173
4.716071073825102,4.644078597455109,5.794908219287223,4.57243867040443
5.542006885401431,4.355993299590899,3.9085465164577133,4.456170911233303
4.136654227800788,4.788286056470293,5.221427791573671,4.629048481891976
5.246617978247272,3.3441116433433598,4.508035619526195,3.3611376009364236
3.5106138818723736,3.9393386922565194,4.203888447486405,2.9940982863627537
4.645031018770593,3.683319769975892,4.18959301207964,2.7762017881825773
4.540146855805994,3.9547849175055605,4.898148028537269,3.596635122028187
4.576259009293936,4.764425805911828,5.602173706660305,4.874409111268202
5.00346139993716,3.8310219885707135,4.636717621597044,2.9854755744927357
5.123788294673824,4.130710123627447,4.807256469453434,4.143846479920467
4.436133010645905,5.260404521639715,5.503817223651721,5.202134890734432
4.950680055515592,4.072812404583715,4.52955649354017,2.634296695577442
4.300732791163202,4.773601968634077,4.569955490731139,4.983403493568334
5.014241018074571,5.018907045887761,3.228039490678597,4.009282156843785
4.400353291798334,3.926411736398879,4.065420679323068,3.331639866733191
5.220871138829895,3.4139885278042885,4.727903741086339,3.271733956435767
4.9513252625754465,4.921054226126119,4.709824387785403,5.012450331972052
4.939177470644842,4.747603485121952,4.659316216598146,3.97550891967313
5.06908973193222,4.777831301737573,5.263302034685844,4.767413367328904
5.439799884109246,3.8691566357413842,4.906314768145728,2.8927596431314155
4.923484958241318,3.7847422156824924,4.300427183081707,2.578853108118512
4.7946526163234156,2.5086535317153946,4.505279385001755,2.289720336909092
4.891936448012943,4.332513964873558,4.629396671038516,3.978367471142459
4.378687269204312,2.569420628950327,4.947823366634415,2.4817178908006667
5.760137678958691,4.770657319156556,5.582428829750622,4.5955305082130575
5.492118683444863,3.755712085800857,4.82274132885549,3.884597882932408
3.4657627506324062,4.417901247815002,4.304004595334587,4.168337994689435
5.100719621126755,4.790424882341215,5.074758901481283,4.38353553062232
4.699349460422237,4.7880847044016965,4.947790888769624,4.646615172392468
5.168909355206773,3.8372378691817937,4.983077004267818,2.846426164984257
5.357187083748038,4.041196592661471,4.639429822709084,3.437723657042194
5.046737555706252,3.9067575881102234,4.93965115015562,3.026321933339598
5.0346064399496555,4.573335443624297,3.9328305186057424,3.6471283762825353
4.986053392981758,4.048066066084729,5.189539804845842,4.101294003618915
5.398032652005696,4.925633423912372,4.2427279701325284,4.91632039245776
4.638667964990273,4.965022354010243,4.285388813282018,4.743884363493338
5.152372581451895,5.0956448984523925,5.565036671526037,4.997222977248616
4.094051193858522,5.32020115503542,4.991153368715269,5.079369843642203
5.544415022739084,5.629819149847652,3.9696026939652453,5.308607815709571
3.920805349732072,4.28498503422394,4.453916186654143,4.0763044111264986
5.165621510835749,5.447349556546627,4.228600592623007,5.496660808138047
4.060078333941686,5.03507958136414,4.561144981553819,5.0419218581176315
5.2284922727242815,4.011155515757023,4.21931512918892,3.6300453548372142
3.1397552474398784,4.870182758420875,4.391185824449532,4.677878439347093
4.602350864738075,5.036606016574637,5.352812594648235,5.05201493393173
5.613704584288247,4.684730004300567,4.486272023807114,4.490420717124246
5.119271413296194,4.544534729394125,4.684274439407758,4.445795570102655
4.320084668653903,4.211080278569563,4.848145394761113,3.9328289444225124
4.974846273765974,4.368089416071367,4.579198539580107,4.122257176710863
3.353411768616833,3.953362236606409,4.362794759163899,3.9102019610675445
4.83134000907455,4.979955754816136,5.3085409683386064,4.521378735845585
6.172279640545467,5.3445551656981225,4.721264906508549,5.047668236302152
4.807983940145367,3.7768851957807614,4.176855016325681,3.1219403377944333
5.119546300164576,4.683975280528472,4.5047329478176374,4.230437048346557
3.858739286418156,2.8115747541053757,4.488395592136736,2.3232315085899047
5.281435402273994,4.271968200985578,4.906922060702686,4.075815974240024
5.024836851853191,4.189009555963191,4.465122021879764,4.3532196476985865
4.420961538083687,4.094669082291987,5.492861405481489,4.584830500511264
5.34824109147706,4.549139868702427,5.170241617873416,3.688043771260542
3.946500189121722,4.628544051299652,5.400841572104831,4.258840471488222
4.041031062267754,3.682665305025806,4.519989303833023,2.610295702618102
4.3190287292969005,4.04729108198935,4.706638089336853,3.4488592829141997
3.6127261922245903,4.027631948928603,3.569409786537726,3.545293218183058
4.502442152938717,4.57025523979618,4.792415209782702,4.542868119146811
5.025993588842375,3.7748543536857793,4.331182530197353,3.1048344118883002
4.437954289512545,5.034567914250033,5.551252526877288,4.865200752039177
4.5697310563419515,3.6300840147763136,4.916103602538562,3.5018750458102814
4.977682528984697,4.693014371723554,5.058365762709528,4.400495103495709
3.9041776980343874,4.182992473846258,5.132437366708524,3.731577060142132
4.134932821425424,4.428729542125252,4.274169434861634,4.3754443387560515
4.9751347697344785,5.494574631053069,3.874792882764918,5.056500742702692
5.188360118756073,5.205541528251236,4.137938754371452,4.880949279943582
4.31440387547023,4.475960558286145,4.371512965324957,4.429389878486673
3.881992416659429,3.5313813673482417,3.7955568856635202,2.675270676723743
4.945270764205344,5.3051976024344,4.315938158209556,4.8917065742090635
4.394591199506708,4.606518126840803,4.765999681977335,4.568137116426397
3.728077330391104,4.648140539069369,4.378500815082264,4.147700409706024
3.5549763585541303,4.070217981835442,4.497477136081974,3.5775521677683466
5.012417889175834,5.101698938350907,3.851728231572329,4.81385255549937
4.354837101477109,3.7637185344198505,4.381584769509586,4.296418812132071
4.1021717288441355,5.055586725999166,4.280097837511217,5.13086066806856
3.6951109556992265,3.8712264274418007,4.6285884242350495,4.422729213431258
4.937206550015926,4.697841625029802,4.721804210629458,4.763082663933428
4.6500734478903665,5.033217175101917,4.484120142414701,4.905912013999896
4.858578827491395,4.843984079003636,4.697883793626538,4.221032539367989
2.812279240189112,3.390625776334191,4.593061354989532,2.333015137741575
5.017079681386207,5.357345352903533,4.814668946518352,5.004513914056956
4.35877644959775,3.9285496038543553,4.751031216770278,4.4571385446447485
4.499875610787189,4.560055503745746,4.129008012847972,3.7110719922561475
4.791083596393222,4.713753971388109,4.0262844384129375,4.870706560755784
5.041109436361725,4.26469428142724,4.465962172275943,3.6782041893277886
4.887569682152205,3.903097302295388,4.92546086392405,4.223625563833768
4.964990898718925,4.383746286826208,4.894289662959661,4.222568180052118
4.49157179450924,4.395082609940016,4.484245015331685,3.267387708673964
4.791376836106643,5.332186662981271,4.348364289685492,4.62962816879437
4.526998634342842,4.893406779144688,4.072329147045315,4.015624676161373
4.080667507541512,2.8607820945711913,4.547566869478829,2.6894868235655096
5.208577121924639,4.4983029335308125,4.857562997568488,3.891010611968724
4.18480115860526,5.373081541899068,4.184993610241493,5.679597526303197
5.344825411909674,5.091565545925416,4.624698097669077,4.34700222346207
5.48924328226609,4.467149104323585,5.211734081894778,3.9635607749323043
4.430249730436675,4.90831113378943,4.720290969102797,4.766297566992944
5.104565037331115,5.350185193171702,5.1655538893811945,5.184897703518365
4.353750521174846,5.083001710642607,4.775476956044056,4.421776452791016
4.7424808574993085,4.388353042830551,4.570220169195003,2.9187970050396363
5.600414540964642,4.776846877858862,4.457245534709634,5.131349167414145
5.436580531817463,5.2969742830909174,5.264402156074309,5.454271762170127
4.967846801513228,5.102226734259449,5.19131477382234,5.205759230220148
5.273363792811787,5.171821634111022,4.1487382389156,4.905434105609944
4.2784323179345005,5.21208867513987,4.082145688041027,5.004350491091808
5.258089441528513,4.818395691901168,4.527844420644429,4.580419847127644
5.257850067177081,4.700640470896594,4.728598673856985,4.43066786638793
5.448592957372521,5.008113013979769,4.629559160630194,5.115172704399683
4.944508968646222,3.614666187561959,4.755976384243657,3.540555120919113
4.967330542441897,4.890248821342251,3.957172246771664,4.784523400621451
4.100389127190699,4.444678538070307,4.860929187840525,4.214350885912522
4.198092352828279,4.2172305531511665,4.510642669031907,4.02465733327858
5.263062215534483,5.074349641587307,4.287095250635698,4.394052880602909
4.717374126956291,4.705724172464183,4.097267308715705,4.097791805570892
4.453741787251613,4.729342485486673,4.523677546468389,4.512965368614097
5.11315336559593,5.016437353461065,3.497919093226711,4.497347811570428
5.028166276082976,4.247477776864328,4.1615252852453715,3.844255352962996
4.757344858547623,5.109091985221182,4.297067108809828,5.154701630111602
4.683054102237265,5.308883783553967,4.033285123142978,5.42413583894631
4.410301871575652,4.47383566332836,4.599860544827311,3.9289144261029554
5.333470491371427,5.172409215846096,4.447424338913043,4.948038520243424
4.912277829614121,5.051865723582584,4.422862826661333,4.652478214918131
5.3477648400955085,4.891532428843121,4.296655540186085,4.542467183361171
4.976719097955911,4.453080336312179,4.558935175089756,4.692687382505282
4.7409702696154135,4.876185958416763,4.6640938693784015,4.920239963292276
4.986378095746435,4.553104927272274,4.717906594322956,4.7088979760695615
4.26839229187182,3.472881563996303,4.616184468896589,2.960527937684075
4.868922037213802,4.408416587496092,4.926045301602729,4.234216268746848
3.312498111365185,4.134372522669886,4.356744372736093,4.052908722702476
4.973056512631438,4.8765764787650285,4.819707044180988,4.986985754672858
5.030087866465178,4.6500982248050535,4.667165194997129,4.7384641460626735
3.7053554080416937,2.9876095653818133,4.912275044878058,2.563478289778547
4.463150873815508,4.9374586409253425,4.555187750539091,4.986135427412591
3.531517334229032,3.887914694468903,4.533800867923674,3.0803127028560278
4.498704585783767,4.124130567977048,4.973259546007996,4.332348266263823
4.0205232555549095,5.255530742789139,4.601228990840134,4.800372307193084
4.692368609735376,5.017820634892357,5.007443926024837,4.9200438688509225
4.679244951583112,4.272997307008757,4.570829336017663,4.296006863786855
4.9989258281121165,4.435230842378864,4.854296012242532,4.196839580319865
5.08033832844385,4.820244304867893,4.526318396316426,5.185324116842164
4.727221095639013,4.525205555894434,4.725549395628023,3.943841246324115
4.410981254388727,5.15197610419953,4.761736813689673,4.798516647253491
4.899999740717083,3.933224424375973,4.458517611726529,3.9429061077714396
4.725784903612043,4.720273044393511,4.77732391713985,4.724274776986293
4.104962434544117,3.957115002698774,4.862914131747357,3.459588239764325
4.967966592063822,5.071276192964155,4.680702866867404,4.473145506571361
4.052991557711115,4.389863851624157,4.369482177033013,3.971665540545459
4.115571577161942,4.206795924402234,5.074632863070513,3.661045348022475
4.7987242567796535,4.490636489911596,4.3676794709093105,3.489504875646832
4.618949317178782,3.363599893481092,4.601095191601693,3.3119993849802873
4.57562633137734,5.227829595871015,5.033756010216717,5.06179056576297
4.743095230523821,4.125392190191429,4.665379211930792,3.968770949898504
4.304948804209658,5.374958384916415,4.188156602559392,5.525355090300545
4.805618331683134,4.220515935160929,4.825941137917419,4.538503285031334
4.754889787458648,4.7124373957736125,4.478532378430534,4.5882622610953065
3.617622714685908,3.568353835415109,4.562572910036307,2.926810160688023
5.090130008856864,4.7661450507794845,5.207492716483241,4.816401625602344
4.372981370626105,4.723299600242711,4.3225396077436065,4.812910958353969
5.3140740814443,4.846696729482398,4.160618584938247,4.500082674039499
4.457558147832755,4.9247139980224865,4.334485035981602,4.205362451974321
3.466547709564069,4.049784015284966,4.785329890982941,3.4995365178079183
4.747647292541173,4.243029509354088,4.816436774640088,4.517488205892697
4.3381736282907575,3.963680042570264,4.7595583501035215,3.8168630255612266
4.964366556474634,3.789655010404435,4.227145804841496,3.000744443301728
4.24856092689856,4.180333383789227,4.56561868122404,3.057605322447576
4.212286237864092,4.400465710268763,5.085266831600513,4.073913332820619
4.9114586055809255,4.871187805823836,3.8205971708199833,4.808607169459008
4.458478953457383,4.75407222339269,4.453549194516016,4.873851369663392
4.688969460622182,4.30468464939997,4.735483847047839,3.3275680779249672
5.334735639454923,4.49169409703052,4.285586138774068,4.213357084005694
4.241892189836825,3.94412069932889,4.309015404877181,2.886827129376681
3.756739044831496,4.950902021878107,4.301063251126812,4.527443186929679
5.240813771623534,5.2999222366798735,4.404474858519873,5.3871659994762435
4.210077977841213,5.094575282454788,4.663051726499557,4.235060796519047
5.377126850585422,5.624506768690602,5.02408499195461,5.599140243965297
4.118881050764568,3.9120756631598166,4.697547933581721,3.263816701602281
4.700126732447031,4.8630143933890055,4.410753763834015,5.292186065077486
3.686188704238528,4.927167028726248,4.58418734496095,4.912608191621845
4.375800590672828,4.175812063774679,4.541331462925567,3.8243775214004243
4.508883826141884,4.8953528255957375,4.608238463104454,4.734639925949449
5.304678247704483,4.700480090958921,4.935234740014848,4.7557995906805
5.331449528227937,4.429142305198186,5.196538445083062,3.5433954145973408
4.919980470094757,3.910547069968601,4.81532632663603,4.4550669386232356
4.837709081489104,4.093504922035295,4.869868518860651,3.9086438953862053
4.566979658541921,4.595837443457141,4.470159146244975,4.3816382644662175
4.157406800535493,4.944242298731976,5.242253696144757,5.162854758100654
4.55404966948269,3.9738606441434934,4.506941243604916,3.151736092740615
4.362078960511772,4.516283715136655,4.6005819699692765,3.8198675981083974
4.791895871023212,4.480114777977237,4.899235981028331,4.0815073871686325
4.606931646726037,4.779494719160793,4.768060980924498,3.562319153876142
4.326388305181931,3.723786777150182,5.032670500975568,3.8262407197086876
4.662290876256893,3.784701751611302,4.678863467094461,3.6309766648952833
4.855081554318442,4.392212426670198,4.8800741008844675,3.72738090728907
4.998883317675375,4.880483886166113,4.8322951983952755,4.6147388138005345
4.033422066307955,3.3113365404728636,3.8702852985610807,2.279366934135475
5.0993027786936835,5.320913134264281,4.314885909066577,5.46199954472041
5.4831780830662264,4.467650711167286,5.210182032360848,3.9635607749323043
4.800025242020775,4.299524674220324,4.781700159262683,4.008828802728812
5.639918913003606,4.828320534821108,4.4148387252555485,4.111909475141643
3.8321677103363885,4.029123921290977,4.4491384142149135,3.8999786850125844
4.545041514268534,3.544062403524726,4.486835163615783,3.3185708184734466
5.311445583098636,4.373906208038029,4.8988440168082,4.14661542221974
3.8650330104152384,3.413864988278778,4.623299918330589,2.8211597306869463
4.423010116459017,3.9216788910541935,4.414766555377829,3.6400550392648334
5.5278684334106805,4.875221556164595,4.611705133898146,4.794486044323833
5.276555614052892,4.347243299188758,4.487334290697334,4.637159049478152
4.268463341460215,4.512087305098203,4.580360318689946,4.334105613203954
3.402734155157306,4.126652457833703,4.571445989462329,4.4713115637809855
4.038663924420008,4.591797202247653,4.425159584869138,4.293255019062864
3.7253538823778705,4.349888085815599,4.410494190182036,3.9732128795778103
3.7961357830791984,2.939141610575354,4.570650723577791,2.301017215634842
4.6553189825899635,5.0031068714992335,3.835084308623541,5.380708294916145
4.451879853907254,4.377335097045739,4.533462119631205,3.0297591117628286
3.8169815599841903,4.855829714969719,4.31550663508304,4.820717953065675
5.219031808962449,4.336945375997763,5.417845416972581,5.211837194756415
4.4180916637272345,4.787361887655713,4.570391983797113,5.17190264694447
3.7115645264034756,3.025972585765654,4.231659519282289,2.041883865600814
4.333283153583445,5.8174760674552335,5.330253689016186,5.9672146165442195
5.436751134858898,4.430569996116575,4.552508191649751,4.430377289712096
3.9809737690892075,5.0022724071082,4.3640364253445645,4.85338498313578
5.608445741509243,5.473170168776853,4.689709347711287,5.250077585424074
3.6012844518589278,3.7039056376472788,4.665858447940113,3.088659322663997
3.6861769360329113,3.6299483593873942,4.3646626647606634,2.43213617511448
4.376345054356342,4.114556794339507,4.75062632385537,4.687476506609417
4.062655750653982,3.747883454293058,4.874685122554596,3.475958452229344
4.176063271239966,3.128408682157253,4.665139370504615,2.495905460996319
5.34513784317451,4.678649593347275,4.640776206258658,5.321519386327689
4.989164695685672,4.810882901546358,4.88438550256236,4.630835989453132
4.804542126697229,3.4874165160107613,4.198808567626926,3.191880703221888
4.809899244394152,4.326130843973357,4.267552767938963,2.773244614803957
4.870589694601027,4.616100087884312,4.754113589432656,5.003563844998926
4.304991342544462,4.957179543612625,4.050062776841921,5.249852191737488
4.189762475186501,2.913115673303841,4.57373859191958,2.7840268738206544
5.223510493404522,4.505647862770171,4.636408183527732,4.757339048394738
4.655964197974288,5.434324799227397,4.598787045975064,5.361902174599238
4.437192021247861,3.5914461237192215,4.49887450369217,3.2081484969648146
4.186385774382384,3.8130166488227784,4.752223171520231,3.4197992495900857
5.0323710073840155,5.091109994821686,4.66409958688031,4.746137843475469
3.4653853710175313,3.027731354101799,4.251104650587417,2.186627962216808
4.104582481901621,5.016124422991114,4.40192547825718,4.757454590023225
3.4702404418753576,3.868734815506549,4.378236553602457,4.032704578726086
4.605138686402892,3.906351307653191,4.532452916480923,3.87218553387831
3.9423928964575503,3.5094540422576808,4.70559222709236,3.3240172304073528
4.792133320233746,5.150055799430559,4.1041819261363255,4.953264443441351
4.370616605553199,3.745270688391817,4.594118254303959,4.2767440578337785
4.167774591567743,4.446892384246443,4.7165511984520245,4.927703939225534
3.2893750635560504,3.6363821804337304,4.565417238897424,3.625815006825364
5.587410619319334,4.57613092735226,4.830342629662701,5.08746139663313
3.8127561862940555,3.993184369411948,5.08497954103565,3.7769256065736596
2.777183761999299,3.144742532425224,4.166214687853358,2.6498553154898916
4.457118622731194,5.161574100903274,4.500991355244369,4.6121048441330865
4.9945589350759,4.081330650221677,4.934362347838101,4.019020660856589
4.6163763505564415,4.974719642515464,4.033060993515658,4.9397509170629395
4.805990972694456,4.481805658563796,4.90573716676354,4.078166924558556
5.216686154049914,4.628730112989689,4.916912699777803,5.056105927406366
4.652760173501296,4.423551385342691,5.224295117738947,4.555571752467591
4.145074167558203,4.3069663506003835,4.503274437946948,4.419346677017481
4.7405478698404,4.461561017331885,3.981538750399688,3.070690514025546
4.648128222398952,4.438078487406768,4.58995965491064,4.094763690253205
4.848170000083271,4.693407431723902,4.492821635655231,5.006304778207385
5.222528374363932,4.778627725823645,4.603543359250792,5.02753848709102
3.9039130256552275,3.9065565259715966,4.30368041805499,2.3608757954298007
4.1799452170841285,3.60479180195641,4.399618424770276,2.4282751542900067
4.134025240720533,3.9618083869493796,4.622716834981732,3.105614319013612
5.042162139716124,4.350386714082794,4.434314797563064,4.2383393585295535
5.3580972933109114,4.874292648561923,3.6429566087144036,4.145517483317317
4.838991320708344,5.1631283273270485,3.915433506919457,4.753295308643485
4.605449825338646,3.821638861612334,4.699197734565481,3.743005234838552
4.823195503605201,4.677430094861244,4.350870776980568,4.415386268501303
4.513799677503776,4.383088180713549,4.7552581516733206,4.246290205507755
4.650574078443282,4.985260328460431,4.828893766774976,4.352205298898555
4.135913769889387,3.687953272366962,4.456386017948861,3.6820549279381325
4.0758710426071945,4.2787874823333745,4.300992457092432,3.2057777084012744
5.0990729895953075,4.556310521860507,4.39652136420878,4.589772481555165
4.952051823410242,4.645606566331659,4.4733314008288145,4.234990747288472
5.179393706085874,5.7405596992565755,5.31987887587709,5.374114727803234
3.7488159170652264,3.4708011574606754,4.758802767302948,2.9234044005191744
4.388662779719873,4.366854487194589,4.65795177265737,4.0155256701449975
5.523911862396849,4.531362737667914,4.509040051461195,4.914205649906249
3.8938780135104287,3.4090916981814847,4.114310174993633,2.3022123452582157
4.4774996908358515,5.17838790325729,3.890928876500527,5.115771622024343
5.348762680188686,4.721524033576691,4.233014762733186,4.553265468781161
5.05368184086072,4.698629938219611,5.220330980041461,5.016156042503635
4.802870811749076,4.323847438940537,4.385328595105397,3.909019318810031
4.781051413669358,5.485780369017747,4.093961036335239,5.397473696212294
4.522070852680213,4.7062900928960465,4.085613135098384,4.904611744171955
4.238839306211836,5.216939872759919,5.532784793906822,5.299943169739423
4.264257671816729,3.523575641082375,4.43666358091152,3.4655737240063815
5.257224140228288,4.245008867294845,4.580374635934574,3.6470283553337746
4.718667830814792,4.0345620236893875,4.788602088482147,3.9240660047544735
5.193489603651205,4.739647177645631,5.242868127564441,5.037047724486083
4.701466635704267,5.185335562669222,4.022065675993026,5.464115154554653
4.005719535933048,3.9328622636057617,4.654517501743108,3.6370129635649078
4.918711686615461,4.166328627490895,4.7653733563732406,3.943444583876693
4.885491517265687,4.66687468439502,4.6513719090802965,4.1168468049244895
4.621038238107191,5.087657313867141,3.8555725810899646,4.9582871501457175
4.029304218316944,3.654563068107885,4.842969551345611,3.18172419264423
4.909158719205224,4.4768844412781235,4.5246081325892336,4.6665613989840455
4.845927740266387,4.386278996908936,4.577081407534229,3.9666900108986343
4.125334161253743,4.562192993377195,4.7037189879104915,4.255550770380562
4.283169672189957,4.927501653100993,4.8047168684843715,4.468821378962324
5.16151854161578,4.629622132803916,4.775306460916498,4.139284115671006
4.801378656829565,4.78352175586285,4.359147010333835,5.115762408700638
4.537862347551105,4.281851424690414,4.597285241284145,4.061035579807371
5.117919911162049,4.760248386495114,4.850606259008668,4.436657636239913
4.583252745127084,4.148319349758481,4.158158870330639,3.6050211419167337
3.190985837293251,3.7045582528694063,4.357598999061428,3.9793093890137885
4.209960549421978,3.5688733733042843,4.601373510370302,2.9444888413643127
5.268863983612659,4.465635189868106,4.906988872479461,4.730450837096637
5.096380391024671,4.365326909803239,4.412723752940745,3.6639200133709364
5.114181610841987,5.061823586570066,4.696975017862681,4.876699098963827
5.09847617536537,4.549414267813983,4.786488170274171,4.532152125352433
4.236646411633562,4.233278175987502,4.915556998767036,4.102536728004077
4.8661844051224845,4.116086678533559,4.944556815047579,3.7514733470272463
5.0139817442241394,4.720423843888206,4.8392981087617075,4.608976960363387
5.222304150778094,4.650376063291826,4.448302820209063,4.372284895330975
4.781624838850141,3.993368452918762,4.808358229954088,4.142060819444529
5.03448275488496,4.62669832406264,4.6116286530930735,4.898915767272935
5.160145896094774,4.57519346055116,4.394801453809288,4.650759229751384
4.2873640773151145,3.557190432807568,4.033388975828206,3.5905288808932823
4.9632911295935775,4.64871338442494,4.720096113682335,4.6057225966157205
4.956548959279304,5.132137991437288,5.086656112173119,5.1400346402261325
3.77289231569111,4.101797377571173,4.846659989187898,4.494028746840733
4.852340725913464,4.591836794172423,4.5930239907589705,4.306173893569943
3.4915159883492386,3.3290640303998003,4.766551137097192,2.435336357407162
4.847115930342272,4.573836308897984,4.635973899151787,4.102475646586586
4.603338417065267,4.7538085142570425,4.169957899827165,3.8938115949662038
4.514668509266458,4.880169604908612,4.444121873873746,4.494918429875514
4.849628859677105,5.336472805194585,4.613737130256837,4.902779352411581
5.209330053987035,4.936418921611695,4.307769620139153,5.010259505535911
4.745400274235811,5.305910406887725,4.524100819309802,5.502819096998738
5.105783626561255,4.6809857876947705,4.213648095979957,4.649881058469066
4.946067616480861,4.86988956688297,4.735527159762851,5.420844085130148
4.651273231765944,4.501440744023171,4.3052731201789465,4.471401806129812
5.294418490136097,4.478819606183571,4.410346914750648,4.262810098824329
5.045055390532497,5.203835374968823,4.439285690130949,5.1743207296693905
5.13694086857457,4.129655015189002,4.654325252391001,4.4156427998303895
5.057943171640878,5.623908060636355,5.0371220984674885,5.285753215433246
4.672255851620671,4.2328913752934625,4.865308154479535,4.260619810524589
5.113842806608665,5.13617787518022,4.946191548199195,5.442460564719258
4.037303487041516,3.1439136629931084,4.736339579666417,2.7089389921072136
4.864749929677785,4.066155059012619,5.082009062142511,4.036498775699427
5.224179205315713,4.642797860993881,4.492171161210309,4.529411981241365
5.058407395586654,4.879056259999519,5.042475729387247,4.6235833390743535
4.6903142507956685,4.57755954540335,4.334070238812436,4.777137306057793
4.869361118264631,4.298624909298148,4.23736487809314,4.286996267381783
3.7710362202201724,3.6420484033144978,4.6751475071050255,3.0942075127497866
4.720437446935716,3.5303833082002587,4.401761013172644,2.5605778287525744
4.134900943089303,5.126554882224205,4.619460619900071,4.9652011257918565
4.780087625079263,3.9855574592666216,5.114179260262829,3.829084064351638
4.883442101303252,4.143112385240561,4.3591326965696,3.602910689794306
4.700551993581689,3.9304401258146635,4.826920257084772,3.761577985964073
4.163045467182492,3.8216189137850143,4.207156950132382,2.3660870177604236
4.713180823675142,4.5984929249841295,4.3895378646432075,4.685018812706355
4.973350135908973,4.462801970007061,5.065709320938179,4.692679279724941
4.620215932178044,4.447978818084859,4.741421587356256,4.112390038634246
5.4506749127005385,4.15531123846745,4.66114865269011,4.904894804089666
3.989180233475221,4.333847367973824,4.449935119078091,4.402394367119692
3.9851654302016306,3.435469436201772,4.6670424829700465,2.824554160633631
5.404011602164353,4.4615090591104485,4.068655469166967,4.063697320864391
5.3325721919267,4.601485339231963,4.643200106470743,4.6282014834174285
5.37002732924756,5.491484914777166,4.292452077610096,4.897057694904003
4.467969556195518,4.602248020380662,4.153933769356625,4.254293544980891
4.554263177816227,4.533987489614851,4.8836986323559595,4.886310113605094
4.209041079721235,5.106713995973457,4.375446684430327,4.6639958063996785
5.075685333438631,4.556552986562509,4.7669987824921,4.158650705445041
5.200673782426958,4.521750537116117,4.545238514161029,3.6689281773156948
4.067721386756508,3.86299822304923,5.066306745119933,3.76306128670617
4.448537320396431,4.743010145135327,4.364069507667437,4.6083878935082705
4.4514059154467205,4.493885552918736,4.680017709374057,4.574717135555297
3.8049126434112392,4.27190173743296,4.585172309240841,4.590837921171074
5.1198791142299465,5.217910832578395,4.462342573637402,4.912031651295966
4.851216813325946,4.560843351783762,4.663514803737507,4.357067579152056
4.653120384533194,3.5038536442044035,4.501467745949729,2.8010531615281113
4.929409413984825,4.0531967920450205,4.408663644676048,3.822582863626
5.34506328165718,5.511875901407458,4.328636079386621,5.17886773572446
4.204474903764182,3.918534375293001,4.757889772605333,4.004406189910334
4.524962711482745,3.889335995332267,4.428255434648226,4.512880461766247
4.893917342895618,4.024129221639524,4.8505344112192965,3.8722149677790916
5.201382885798944,5.378690230228858,3.8457929315756343,5.636581957728993
3.889342107620273,4.502365431913461,4.720463721067127,4.770836354380758
3.4941451380936455,3.8743680627863073,4.579375989668141,3.6283376483202994
5.0267658668379775,4.821681218300805,3.737365975634814,4.3631708065623656
4.72654696386567,5.41623250799529,4.159101011742905,5.132790357899555
3.9254048670779347,3.7922390929643193,4.378700428526474,3.45791243216292
3.939296094679093,4.509791297868851,4.4086511135483,3.9225395249330077
5.721975444629696,5.37899110397469,4.691954291698511,5.069985664118651
4.962758950498266,5.223134253968514,4.263188394247114,5.112387518418741
4.977900007718418,4.616255765323851,4.863977990807186,4.586235143330549
4.270234890983221,3.832615203471096,4.558256848817195,2.9098756118358953
5.24831067241492,4.801558475772787,4.867993022861191,3.8815680246729327
4.8802921837735465,5.2004378162748095,4.535955282819933,5.430259092030187
5.036191939763067,4.584342570163719,4.71619419805472,4.666158488888884
5.3748546918914535,3.7277275489934136,4.566445739663282,3.347949841386621
5.00870805217777,5.377914090291311,5.022806620312201,4.842357582967025
4.861478347383063,5.358882333541037,4.300845528099205,5.176710654743359
4.28266953420998,4.530088643694954,4.3222467423211155,3.2616806729133665
3.7088424482321916,4.696556464742602,4.858575377587081,4.281634831397077
4.49096751810764,4.264779467874857,4.3725815107575885,2.7584631005900815
3.555319509691801,3.385047908865287,4.2203785509050755,2.920433488646752
4.344364776025638,5.54188196917514,4.028025569466064,5.2852726890176
5.212901122682009,5.321266738691099,4.503702414256083,4.257681753879411
3.6346585658144384,3.739401165593041,4.1496209668221,3.268634070383446
4.632989729761499,3.6685510628086817,4.742864655434825,3.1209142060055557
4.444294823906461,5.390034718010863,5.343566127209361,5.174208535051454
4.217788297605054,4.2861710923539835,4.288050707591752,4.689916479648443
3.8799765891430416,4.3555525988839285,4.456819074135312,4.23403103105941
5.503595771844633,4.973696204722888,3.5688495406670624,4.194849554061789
5.11975914308424,5.482841527108152,3.5923416586177606,4.930716070847474
4.5511143707597865,4.8764875708011335,4.92311600883978,4.775026396103338
4.689047432643837,4.690618153814509,4.653395799360924,4.4076096328556735
5.254380342533158,5.400026601116836,4.604254467933706,4.6476274360424155
4.685845712811067,4.516039015874587,4.132188285912402,4.726580710803385
4.665589845038887,4.1249582232522,4.32817434228959,3.034327692736543
4.826088948955845,4.308391557657118,4.3643559594904495,3.7822273974926013
4.619124729080416,4.9928839388977915,5.413095647192592,5.329394476295658
4.988268168161349,5.369091451081329,4.276276515228928,4.607207617503297
4.626801876672725,3.5917401055806417,4.7749587336412285,3.650499761630425
4.881369644335116,4.874752096410273,4.0869543870111675,4.701062674822616
4.556653603014484,4.2686123741750945,4.68091573762771,4.840036746471383
4.817757232147258,4.753771310010254,4.112287478184114,4.842078407832295
4.53221228753727,3.8913155822338394,4.834107129163172,4.015495345074244
3.6977654612104716,4.267728753057932,4.394495154238178,4.245720254320202
4.103152207784494,3.327933013256543,4.628793333831968,3.666408758960501
4.817250152863009,4.839681644575982,3.668408723331422,4.141652913774347
4.440267801572934,4.355137849301376,4.684453292447018,4.229087939623858
4.7946381328369165,4.802088357114162,5.002251940587919,4.690100673794392
4.296420497174214,4.79545279724588,4.712012133633418,4.720814527903266
4.676798788816062,4.734880193827877,4.205679183196871,4.363680160336052
4.421533714375241,3.9718249233787506,4.649217509700509,3.56506734903461
5.083368581323385,4.992093576126641,4.0091403585031085,5.166274774012209
3.559599446187248,3.2282826652101577,4.3332682182291595,2.501886322717136
3.8203076817857338,3.9637876702818535,4.642530640159831,3.8982207885396365
5.163612306718425,5.678729324931225,4.888253799609318,5.176047681096134
5.487912564143435,4.568134273395842,4.1188300570640415,4.8263641134955515
3.9199197942960233,3.432904801933189,4.3525927383084095,2.6922395999133797
4.034239114994176,3.8634696797360353,5.288824752274526,4.4775847173714585
5.017187757848295,5.1378525326414115,4.028825656617107,4.5618217978153
3.9681333422167286,4.911842373076635,4.645145094728992,5.119115629766178
3.8239601997441506,4.160746035945692,4.486506381145523,3.756440830963566
4.899672023463999,4.21169432421839,3.8260980872173707,3.0401763540017015
4.526531653329757,4.958712058156008,4.09225451178956,5.209963698991342
4.956818997966082,4.982055013996902,4.128778286426353,4.963557694935166
4.668808915289011,5.0673745394765275,5.274400247454234,5.354067475371742
5.542930070386733,4.025956402543555,4.828935941106111,3.8910998698657115
4.341210148355122,4.450364999575104,4.020607975324491,3.4486179028911566
5.011653422916894,4.9811954845943625,4.6632873984371805,5.117502737303511
4.075636569664066,3.162596940118926,4.622363814625443,2.4662895628412183
4.945103661979721,4.591227786575524,4.438233779058006,4.243746803217477
5.4919838452712035,5.240187175477766,4.27391435599124,5.1611086554282934
4.897050853884353,4.272175189245377,4.993863039800579,4.270950345482827
3.61220382013319,2.892285975687084,4.208479664908219,2.22522179726072
4.467794515231234,4.348981364996681,4.440706631166862,4.383463068193668
5.027739878385122,5.230176473805157,3.893344318655865,5.408986602189228
4.49765766643866,4.866376730564627,4.197167309643198,4.751998170489729
4.41613685078083,4.661557617972309,4.253350077120495,4.757604802753334
3.843951477544087,4.240670507610917,4.6487287846743,5.611696180802737
5.304784823992975,4.680666264822114,3.551613780597105,4.156545842287988
4.541156768900494,4.322581859219405,4.323330323493426,4.3704527681203285
5.203196163439119,4.3643156858984025,4.7932099785790445,4.923085312710882
3.8797195124555595,3.7013994928356175,4.479215189711424,3.6813778866316045
3.044249759794142,3.9064743608648698,4.428422994455934,3.3763730155849947
4.186760674538126,4.505977642076077,4.613507840971251,5.525776746394071
4.970014318917411,5.0189469513905935,4.561502092931377,4.6565602323201185
3.7886582742641965,4.197049056555964,4.725694144988436,5.2476703552538355
4.7442165885218355,4.326785913544653,4.9319922304839565,3.9630840068103432
4.870138957963592,4.363290448269344,4.860235838736551,4.13896033027833
5.246197219958716,4.394284892153732,4.330028788372267,4.2886690931241045
2.818592387598361,3.6085310937992032,4.459127638421615,3.5663788501795795
4.763815802548208,4.100874429485751,4.887908172390597,4.243832189064576
4.888459370153918,4.001461212723362,4.323688969566504,3.8689848536357063
4.726331473343245,4.388233355254864,4.665004735823963,4.352126571819004
3.7226070083362903,3.740171061806864,4.272468439991609,3.2823850181264884
4.411521701037734,4.94820551795225,4.471663750406025,4.98596070358432
4.736158580827754,4.5872031553373125,4.697467808776483,4.527974477557864
5.133463597625471,4.673253090368387,4.415325193546779,4.602749985440977
4.766638713761868,4.527531020469252,4.548640106601037,3.600338611048885
4.5561431514076105,5.419314676831547,5.32887176860238,5.313900419389427
3.6947518980315044,4.307996354514006,4.130144846206034,3.5884854017025076
5.28428762189229,5.389972144480672,4.11550840187932,5.259998921897522
4.805044800762892,4.026049542145692,4.526147184021608,2.562759541751828
4.455180894751585,4.893318815605467,4.514578003108973,3.8680243481131398
3.932693266259227,4.034454771955308,4.663527929764426,2.844822899388502
4.287952094926902,3.691460988570363,4.516075887527287,3.065489489648455
4.128561945371533,4.112204730828495,4.623220084855956,3.7008958295243937
5.201844333407782,4.7750051395974475,3.9992181215697595,3.914524067893281
4.117386575618013,3.8416641416412762,4.546953872950564,3.267510490310871
4.479876918791315,5.079515757312265,4.549300366997516,4.849412938026092
3.6149450412790385,3.9937494511860394,4.685033316478354,3.3805579562975274
4.599419169882109,4.699006652841046,4.7530382236414495,4.928650839343965
5.016867637751717,5.111866229159422,4.290509789459095,4.524069335601083
4.583390826519985,4.112648923441919,4.440818537830329,3.8033452435916697
4.634286426992891,3.5140759197954012,4.725926984925389,2.281359055594849
4.85490803484834,5.638024510922875,3.6913574949348007,4.849236917392866
5.397361893112559,5.224138262532805,3.816941227843911,4.8492850506234975
5.062677543173725,4.715276864996535,4.568935886074469,4.33055178833803
5.250703698516145,4.144843002831053,4.214769695007536,4.395272535909127
4.302026255529942,3.7303521266341653,4.467011182859846,2.2436042078175156
4.285622785226023,4.152915824662962,4.697563760250775,3.539051097256183
3.8417454283871626,4.273703871663275,4.707925948628048,3.552469570663428
4.392843312681886,3.87126053097827,4.774075106115407,2.9774547820052524
4.3146359727578725,4.3235837427670765,4.682305057909652,5.099370919587357
4.557909584389889,4.852292736272497,4.268083204152987,4.565679416287225
5.097080956829526,4.455441637186225,4.254696552242683,4.450813219774528
4.800299185287899,3.603666672838558,4.4440965908977335,3.260377935121762
4.228261210819175,4.077998665586304,4.537751022085458,2.921415999451733
5.490100304506799,5.045257472875538,4.623656031506161,5.036726161164874
3.7890565853744143,4.300669915089108,4.674148133241886,4.059667331570038
5.036706006516852,3.7298277517609892,4.0240341592997355,3.721243617107456
4.07391976398465,3.8553462313147016,4.242718554506227,3.861927517753701
4.525775629997003,4.638022201964936,4.651483837236142,4.714697660869851
5.205373922434494,5.911420940912474,4.391659694083869,5.483004074723027
4.884144179216284,3.8667472817048836,4.973385568806882,3.266896024136086
5.057484656437879,5.521315061302385,5.144960505750484,5.156724799444472
4.665922454316633,4.528407647107535,4.506363176025225,4.684276858166168
5.041580558112131,4.300376405580525,4.772525885987651,4.136460715243995
5.330163429088452,4.9095205636507115,5.0282873141315525,5.250662297856259
5.0516149280883695,5.678520545217628,4.91679637732137,5.401758770500387
5.030044049342587,4.309171166806935,4.684100460048938,4.66623913243443
4.592284360112363,3.758738241593255,4.722204275755624,3.6508512602735035
5.319840801184128,5.040901844785303,3.8225765027340017,5.119808091621133
4.166123615391738,5.273380058142483,4.681956817233823,4.745184347869917
4.817399244216496,4.711604485630964,4.640785299458183,4.41320097415367
4.883196182043391,4.605712112486747,4.839314478419903,4.4270400199547355
4.410776871399761,5.288201846739333,3.925678546384759,4.906709534005803
4.806618858111109,4.486084931792202,4.728338148619995,4.227827271693476
5.157923635972434,4.881155131284543,4.580770116477115,4.49372245199243
4.534126849588169,4.375286634240838,4.847261007468612,3.696626567412091
3.9850093303398975,4.9735860867072486,4.110302888416285,4.747590486904328
5.011670272986757,4.608024929294453,4.792756599626985,4.6377091655406355
4.996327712619814,4.407439130985156,4.5640849850049205,3.9953675764951244
5.211823930342999,4.208620816486777,4.612842892322274,3.149502492815343
4.118363700622333,4.612192774237147,4.301024881517249,4.644600406655434
5.098954533072587,4.710095262173583,4.839287138649498,4.449219134335437
4.824422134859868,4.986873474669346,5.1010499606972255,4.25701161851587
5.193334456172371,4.7938251318854155,4.938092759971155,4.208953353543561
4.101717600884774,4.100053515709549,4.989756707938398,3.6372903588604824
5.506031265217172,4.489953585896703,5.017244712993426,4.136843348393824
4.77722830545294,4.034519691343286,4.657433692331043,3.846485383109391
3.403143802647881,3.672364760144305,4.705444387986498,3.1076306762552166
4.5723916901934665,3.7353708052498353,4.654248730666891,2.660817872176487
4.179730594518029,4.720147120505493,4.606616496802131,4.506307433941816
4.223745972938447,3.550270358046876,4.759969395366094,2.544879635515182
4.5906118960896505,4.1842740496664055,4.789750450427415,2.841160918552727
5.601216314968512,5.219751728692881,5.1616230085613,5.116390094189169
4.700637685160343,4.540285462967408,5.444729200240257,4.726936765791501
4.112392915941713,5.10361060914585,5.364507051330643,5.027476820923106
5.34780680101653,5.284516665143014,4.158782520973136,5.3403576058107
4.737287090388702,5.163200252137022,4.333353044616915,4.412047819342348
5.255386851671089,4.381885732748891,4.470761618958134,4.499146001483221
4.69480149801808,4.7817349761098376,3.8148979623475077,4.795036239195004
5.078540192015724,4.6720441209203605,4.4605153934429564,4.989317423425723
4.086647366337212,4.715607149013703,4.547136175181539,4.757384490243687
4.8761632473395515,4.841911015508728,4.791423806600534,4.220575134944026
4.084017324922631,4.473632606422139,4.355538671633996,4.3426428769779175
4.700358909286759,4.415360430694757,4.751121933651604,3.9442584663929723
4.54033942890443,4.129864161823413,4.362476351846464,3.0168403920944185
4.6477671218132866,4.198406068652645,5.106531209373279,3.8221371977266316
3.877926230637182,3.8590388125200175,4.821631318216976,3.4456307820823473
5.213684002335899,5.036251947641947,4.607252905273329,4.679110307688084
4.771996245585788,3.5474419780604958,4.610188022496526,3.392345714449684
5.31304916041361,5.009403942645484,4.179270447860049,5.022378205639849
4.58452647023523,4.84170115858615,4.556723734290971,5.085974388738503
4.945471029168746,4.2783923309351435,4.348987566785526,4.261990937787209
4.697213814537802,4.206803825007495,4.68721402980161,4.621226260335814
5.128473412037402,4.885935543353053,4.20133711151761,5.050274183597459
4.748019076665788,4.456277702374296,3.893403140838172,4.59129219540435
4.631505811958699,4.26020368863736,5.088430896038119,3.799326247929065
4.486571447568652,4.821042906908403,4.652646049828379,4.3824334294260785
4.310510096262141,4.653633479436436,4.288482697982596,4.693031281931556
5.3071324911385815,4.456575156414958,4.586250436725909,4.560651529398251
4.758248213217171,3.9810089028034454,4.5993442425822035,2.878319185288759
5.142783693709138,4.34840289577131,4.628582050124068,4.242211862413814
5.048414796857257,4.826581224982663,4.580538819468834,5.063399707603267
4.027877755482971,3.4566294961645694,4.333140411239297,2.887659316611658
4.8451871420233825,4.128987652674018,4.587729831751789,3.1134789255748636
4.89914467058652,4.665249240867066,4.449610298292984,4.489772238883707
5.622083462985206,5.474336083485037,5.389521282326587,5.462432129037926
5.269153144876199,4.551722623736363,4.9335905131478,5.207155238377712
4.43240227196938,4.335545452653076,4.713760365125862,4.084952509404506
5.209873501027783,5.321166008003323,5.815379457099381,5.616454723662625
5.276069501191699,4.712313406642764,4.641476542314026,4.598760322549136
4.12263653861716,3.873914683554827,4.877320298015591,2.299050049930477
5.49412245751075,4.718109966142882,4.458534092467137,4.783158132911229
4.482048789669093,3.8616858100379106,4.604597229001812,3.6666578133426864
4.830131342327844,5.288334185919601,4.363607981124219,5.66994072249079
4.28463947513069,4.610853404791141,4.947508690768512,4.394157202927094
4.590565493778183,3.696336130171277,4.412063942044959,3.4751575624867748
4.661960089800933,4.396830514556994,4.298429309618481,3.0690644940957537
4.77829765763966,3.2685760544222613,4.727785331758529,3.452326648112522
4.807500909879272,3.3291617821831343,4.559495110409397,3.8195774248304364
5.289614437372384,3.7283051905475717,4.753089676392046,3.5447237097779034
3.4186651081116577,4.848921592099792,4.441681876614123,4.81993081053815
3.5518617247966198,4.571407738656637,4.624333038337434,4.809765249467871
4.417809221909071,5.351622117569018,3.79478111344132,5.517292405166593
4.372701102006004,5.283303687100254,4.533549590305069,5.546058573683231
3.516769040263767,4.149218992233511,4.631373256840855,4.509727817305987
3.845745692323522,4.492512538932032,4.726690122559754,4.514857644492513
4.2894728708077166,4.479656936254782,4.4372125885117955,4.507834087794338
3.3930667929760685,3.8550763228035336,4.309667331522932,3.2969768212192703
3.077445534159893,3.818582690743919,4.359496012000324,3.2880559858469587
5.701228712222155,5.517682459870228,5.13967999328979,5.969138426735086
5.734478481190416,5.274321870404973,4.923376636310535,5.797267094018176
5.580568673552637,5.524850307613749,4.742285882892867,5.7471361747700405
5.577452964674248,5.35001394797746,4.695006832199669,5.6510480903265625
5.438488125907137,5.195433479955102,4.7909874686725376,5.645307412869421
5.493550234698463,5.204251466195996,4.476991988534614,5.645761321151311
5.528784503529899,5.36378545936839,4.512120057930696,5.585332759483235
5.830339880018474,5.3099493141109795,4.213154782396566,5.676035933712604
3.4485165852948567,3.781842762548441,4.737290085367109,3.846539805119171
3.13509573488586,4.544577126096462,4.1998872226224835,4.601049929906191
4.137052864206979,4.93618306405681,4.256837021077351,4.866020059770753
4.6855577788865475,5.047501104181476,4.999661063611275,5.103487218264392
4.418182335000113,4.147224498907608,4.437875436197294,3.911220012291774
4.209275662162229,4.878287543156463,4.464877382956297,4.976522174507553
4.553396162210201,4.705162935154728,4.096494743105069,4.689869971171713
3.674040276213226,4.823691735579606,4.166437108951333,4.4374986872651645
4.519875173428222,4.468184034997848,4.421164892739418,4.6652454692901095
4.06995862347949,4.563762362023475,4.42610160702112,4.754346309828767
4.4238957766660985,4.628826604911507,4.634966395476689,4.947247736922227
4.689333833149181,5.65178834284782,4.618488339760226,5.1452647509860885
4.3294733861931665,5.044117704142925,4.585873073538806,5.127499217627769
3.755179997589216,5.236053562909289,4.57554337743768,5.025889912445576
3.94313169371517,4.657552596577205,4.990775846267586,4.747458620811391
3.5611483372977366,4.5963866177808175,4.409398499910925,4.513248684814055
4.394353286051332,5.139612013967085,4.713316565832001,4.9803897185756965
4.325273999918441,4.990256751117003,4.929579029465564,5.209079878312944
3.437390058593738,4.9634681319830944,3.9805188778904754,4.889303296864602
4.077625977050675,4.722795353334897,4.9396248787934,5.03553733640927
4.457360505645423,4.954181180130151,4.505628259493167,4.9093597413648205
4.280391194828323,3.9516195958289853,4.641036889251771,3.1078019227223432
4.1303024226332,4.874656097167462,4.044330590581087,5.082393924331266
4.183876516608919,5.0785478544901554,4.456829509315028,4.807640972896448
3.6452267651010986,4.814256516653194,4.464261007582564,4.804187008014433
4.353227049543952,4.552548670051648,4.39764562299987,4.632567271149927
4.262927454952073,4.9394548009154375,4.458736000974881,4.909614000662264
5.196371181573818,5.269086857413137,4.576201820434823,5.262204091433523
5.069033704556343,5.426292422552175,4.583165301194456,5.297069865200524
4.112647749977978,5.388000969637171,4.676093464042007,5.1894011785627505
3.1265042144095028,4.4831187367711545,4.422016270093419,4.387210015462267
3.871306791378487,5.221622040139712,4.589162611382415,4.936796782844436
4.192156758581247,4.951743455595406,4.655911563527209,4.613793963972696
4.3942679991211255,5.152891623640493,4.755362992553846,5.130556014743781
4.196190042444305,5.097161369426944,4.401391651806734,5.130848566605483
3.7456796673060704,4.999007695126488,4.723374667228234,4.979329257405205
4.017945593344464,4.790812663795089,4.93553391355252,4.7120995084197554
4.354839326592603,5.0775591121400065,4.329175007830589,4.760675337208102
4.524547820276512,5.046494605273584,4.219621297468916,4.968506855694077
4.00779126035106,5.160942734693918,4.267141012110738,5.182050022680479
3.760737044072697,4.570907602200631,4.79654903317042,4.558925538415602
3.9826909511823723,5.018237209802162,4.3802475771523985,4.917165949036392
4.5152947233629535,4.56716164815444,4.758648010926797,4.772315931854397
4.001591718575121,5.087742252193157,4.51955390568309,4.776041465175821
3.2132397914722834,4.95097970294471,4.0534236009674505,4.705492100474216
3.6952893771207904,3.9488563117064377,4.6018410093110305,3.281209279997661
3.843257519186223,4.778863502111631,4.11289762496528,5.075994687908753
4.202948393901787,4.708583416756489,4.31286310410919,4.693111020137942
4.28486660450219,4.960745290116849,4.3819123120230845,4.97888651768969
4.328550701830458,5.416720041062961,4.220283107277437,5.178591699108748
4.548159772827366,4.373261199939846,4.85476498230802,4.5391761987952055
3.3678742361598255,4.486258324998229,4.588142780659629,4.3368812316701755
4.498308133682201,4.693904997619181,4.731611530112353,4.779207210720177
4.011723672785755,4.548721377435898,4.444819614291927,4.546720898727941
4.392408992264318,4.718583517777379,4.580101539044485,4.518335834452087
3.2306524387430846,4.879876400627079,4.300599557261847,4.400293558837361
3.879027057251765,3.403384271822306,4.675088710133811,3.466596365922586
3.450280941310285,3.4018755178335804,4.613879045461217,3.348915502378299
3.7470985698091717,4.951965876059412,4.381991550373817,4.682616879522763
4.881514353304038,4.599274831413066,5.01886849402004,4.087721810814682
3.569847983433867,4.246318469196992,4.577784964640037,3.9002570063612936
4.849421363940462,4.535185933215769,5.089835082156201,4.465535767923514
3.5734679925492148,4.984050782801914,4.359399009076011,4.917030721500945
3.706374252457169,5.016204754260688,4.349325641055594,4.932217115849816
3.2669542431154137,5.04831737070885,4.255966525332457,4.763253284281909
3.2102248353505036,4.676282482744326,4.083219748446177,4.868147820204895
3.5007275642650186,5.325889108093181,4.310729941946717,5.101572498822196
4.400955853417874,5.1025830495506215,4.992943551905918,4.532417109042156
4.03503721029293,4.812809540901871,4.140032847734354,5.065672171323027
3.431950749666624,4.551670555241727,4.59894004250942,4.501589799724855
3.670872741877576,5.0535103848351195,4.764828495251959,4.817205979686411
3.57507742673253,5.352338099206297,4.238958160914983,5.14896961917304
4.120514441531883,3.9510350306738977,4.595293524660956,2.924161639930856
3.761080030140797,4.623577415605104,4.724271411452638,4.389590326062593
4.160179695242368,4.684259679057711,4.709324391977121,4.1923759040243995
3.734102782545619,5.27864806661364,4.182671327665225,5.142506006857806
4.1026831029429935,4.330401178281439,4.828597982321818,3.851035477395592
3.6618082762786783,5.280887277096514,4.3639426167585995,5.187160142864807
3.8111204291033327,4.6853509738234544,4.709681920041891,4.460442994837286
3.210976019980252,4.949226222718719,4.081510934249165,5.097840953371203
3.580616100849166,5.133581049220214,4.111091391884279,5.218100335960382
2.8889203978242364,4.9178463738532265,4.24917347442974,4.904949069794045
3.4988702822681184,4.980924013813468,4.132196573453134,4.912121813853674
4.0558309172170866,4.509806553767126,4.708502553044184,4.437924088923884
3.961201722506125,4.736268363992096,4.166588722896652,4.467769049264152
4.643512902264572,4.67852367365141,4.704299428787639,4.559983583003308
4.2023020903076285,4.710518305064028,4.03040061223821,4.578741903724344
4.1760772567586875,4.904595635011386,4.597038654726031,5.314445781503769
3.9626828160455396,5.185677627506905,4.000411984302878,5.0633067172215975
3.7879615757366767,4.726128151324326,4.7858953585113815,4.788457707297031
3.655047343538962,4.814923004023301,3.9660478588139942,4.58797660106494
4.295257869065906,4.653537477028856,4.47726150426556,4.755369683829682
3.4300342917929436,3.902056975904006,4.452304046891488,3.7697091462092107
4.190457287654127,5.0995421915803485,4.502363471174163,5.071245074008183
3.420618017640701,4.304488106025389,3.8992527700154795,4.1398006225241435
4.235499358989025,4.635464873659291,4.754845124034366,4.6810844957086015
4.167724109230221,4.71797469690328,4.717381541580149,4.759974671925312
4.255024883105911,5.174971716727472,4.492237033247048,5.04116855416247
3.919026952505793,4.504753337109428,4.644905554149297,4.710959915517484
4.12433812828066,5.118381753435758,4.376778991761138,5.259728164991708
4.453265513904083,5.100616573782203,4.177909728500189,4.8907746642585455
4.279370913497243,4.725321385251089,4.626634749224094,4.715660540097285
3.735224617795405,4.939887794057932,4.48645945204404,4.895838385249467
4.450283294108815,3.7934495905702406,4.459603401733442,2.9823144220326654
4.308522510957474,5.020158294509618,4.081882565392137,4.899928804798823
4.0658072602405,5.065689682555391,4.425935803326508,5.214260716565853
3.2748855529929375,4.396935766360355,4.232930184888558,4.358195907383641
3.541006303138409,4.862492611505913,4.2440090954672325,4.462649994620859
4.938468861653476,4.525375363692504,4.182638486810829,4.627847386505895
3.0729691861431236,3.9952646907635754,4.3288328347644205,3.6642766582625326
3.318693952665037,4.74916708853322,3.8483525483995553,3.9562354286432777
3.070714033162259,4.7694015510398104,3.7928126135845743,4.2246793563730245
3.26912608008695,5.014684217582597,3.7274478204543797,4.531632512645136
3.385085142297503,4.858435487804179,4.394605326748803,4.588760011437544
3.7453375268807165,3.79219240057517,4.474911162947303,3.527427206885764
3.412725828692076,4.299212018886931,4.217561326796732,3.8544989571859913
3.9218940716792656,5.038595002523181,4.1126970790155175,4.807937607030151
3.798702387948789,4.795806997630616,4.486380398947491,4.8360695144396475
4.016778845972674,4.997506503192777,4.984219253005304,4.964685252854847
3.1257421921416575,4.592362142303656,4.297572190221153,4.72024921882314
3.5647809849989875,4.914250656302282,3.9891423381792426,4.76254729944928
3.930499945580905,5.177674310456985,4.111923770521449,5.459301772193823
3.820264746604865,4.200277807245857,4.394834484621881,3.9606848893778683
4.564377996247395,4.455164571481845,5.257189326676176,4.091664803925644
4.209819911537773,4.811846980767968,4.630806017140438,4.869700333729643
4.019315652094593,4.670952757657072,4.655216802439262,4.819193836784432
5.3275968362365465,5.222065708555165,4.812043896261304,5.084568548976034
3.0114248011684763,3.3810818789797947,4.79052178858405,2.893283512068021
3.501088353459015,4.783649177952707,4.623850835970071,4.612377339856156
3.141519181087199,4.542583481289021,4.477767268624217,3.9909931322727905
3.7423685854389923,4.915536763983061,4.196074166221022,4.711300346866192
4.1553055534121475,4.985070072876138,4.211964529888284,4.724604411692452
4.125150438758325,5.022472431711486,4.156072559021534,4.691977975921696
4.164228647258105,5.063918862759422,4.500144789112285,4.757418929470139
3.7831095940977457,4.8006294649573595,4.227155395240463,4.772336320017317
3.584799766704966,4.907146387670667,4.229029674535809,4.4280314476508105
3.4743729362003783,4.239409937505561,4.496397853237251,3.887708353939091
4.025515055932542,5.044846425114266,4.237227462236736,4.95164344187224
4.916145491768341,5.147908331803967,4.298085275085264,5.478112821479386
4.9553432146940946,5.294945852179313,4.623777347566414,5.315492534461086
4.933982914810248,5.345009016023472,4.189349636045595,5.442880560976745
4.678311145007776,5.202409149066492,4.402552950278113,5.061695516911018
4.353452449917192,5.152465382623297,4.477108619204479,4.9985999300966535
4.250621820406612,4.969302981171115,4.332839744046902,5.031458549051421
4.682279253442462,5.166272063022738,4.509492221184084,5.130847291342742
3.806649386163296,4.542126276003872,4.41059955171839,4.699754695018376
4.400039543371124,5.361575958123069,4.41453877011538,5.3951227101224335
4.3337129568719375,5.1691200565222655,4.586815789211527,5.120958207067726
4.433394948855102,5.01217719236945,4.364598110655547,5.1442667475725425
3.121889936444996,4.933195953686724,4.240196362033378,4.331154569279606
3.655612913387296,5.13036814124324,4.000699894337418,4.549406336910454
3.4110397094120595,4.70247135378739,4.108532935276854,4.8043091460742575
3.957639109710643,4.371168603010063,4.366642561041678,4.142338129273469
4.288953257164457,5.003466513843878,4.120723169073128,4.918156998089269
4.449785972741567,5.139699667772822,4.383334228340682,5.190880070692239
3.91818539608386,5.471279509489053,4.513433580604391,4.919084178258471
3.761850330816987,5.320564677457902,4.782425146152787,4.998089061464755
3.9343911000213634,4.971926422641909,4.686995288159529,5.117071960146642
4.19592494538607,5.256526225876022,4.948012562945501,5.491383089384086
4.311208527640506,5.1285581340324455,4.9616677259914175,5.488223478995722
4.179985660446734,5.25025944277131,4.588841263457362,5.516110286568233
3.5408349034775406,4.343239602020697,3.9445966494465465,3.8623554281462553
4.3139568757508195,5.03335768113542,4.35684400761189,5.24188548968942
4.264494380732205,5.214861893104469,4.5842021378871,5.150913140420718
5.3330449829170945,5.008334939516439,4.394717554731489,5.004799214476543
4.1059558096246285,4.85589254991663,4.000413187377546,4.805371199173351
4.214726752437134,4.705003878674194,3.983665131527919,4.6606228988643
4.290053219622292,4.74723120603601,4.419994648326434,4.731706946701774
4.577814532139517,3.4972083445579494,4.44223502609408,3.030754039725469
4.073864070986977,5.242075801724596,4.446468673558901,5.083718243267609
4.598583402185351,5.24742146604428,4.13562610891947,5.339550146087196
4.381636629421001,5.335901428738047,4.381662685684832,5.332429410403962
4.349346842212444,4.577586875751742,4.391117326344178,4.406293384276856
3.573678177345935,4.244812015426868,4.444390612646657,3.7122887068716626
4.8704016462628745,5.381224081969846,4.3059951144547375,5.3986179749165855
4.1369137539632135,4.508935616488713,4.399202332409815,3.911831594692687
4.56930925032411,4.309582049223488,4.124039066198504,3.787195957185017
4.0667223711376765,5.051391839996423,4.833915098133115,5.051382490554518
4.88536221059485,4.061164062350717,4.982608759993364,4.261714321472873
4.555870633352458,4.555027288546017,4.9364765983652035,4.690287806169337
3.555033217217616,4.719622868706268,4.815232592755791,4.401478051201736
3.69451955662857,5.016927257602657,4.270341779097336,4.901554385457325
3.9879011575893286,5.13949163366798,4.458979655584378,4.847180371258818
4.59168391263056,5.046464304751073,4.430677636741053,4.4359697168160315
4.56832009377699,4.34170842528481,4.726748025547194,3.818886001890402
3.981199258863366,4.71010911482954,4.684799343418671,4.747989282162418
4.821694174572389,5.36474501982557,4.8743670695569286,5.078937440242374
3.2176248204986275,4.682374868640098,4.3817179748437844,4.8533627228527605
3.339201956111292,4.60638460538883,3.9105676621198384,4.523083210950203
3.4097700616012263,4.41659622618476,4.309003523772056,4.51388543199938
3.333814163841336,3.8247378399836496,4.166666674822319,3.5456598096978236
3.3781644655374965,3.9815526306651643,4.029890009215089,3.4650053303848662
3.188710674901325,3.6325021144847227,3.973370961344849,2.7044353096678617
3.247300430526204,3.6998726904995536,4.118032195503437,3.44576516647225
3.08061912750985,3.793101657276412,4.252525213177067,3.0295122471721414
3.5019681102145803,4.035645240610488,4.460959376402971,3.8503475106028677
3.222827199831477,4.673696405487599,4.300203019991102,3.992886182460813
4.703551484942008,5.323814836517874,4.232064479636789,5.615937476943542
4.906591300282211,5.533702250341936,4.166855767393439,5.562894265314984
3.7855261112729623,5.467672906738846,4.494989339543883,5.163706136232789
4.31664517842006,5.304910108852996,4.077565203464649,5.285346018046198
4.186626300471577,5.29350653397494,4.155495657516717,5.080763396775325
4.1292165461250745,5.29212271472393,4.3184470428488915,5.142182842311535
4.094931115520046,5.333882451311626,4.19446241463048,5.301591992755182
4.693583461658266,5.351170733780051,4.085119315967694,5.315075865468716
4.94535183138908,5.334990838179967,3.998248540069896,5.447589195612482
4.323364791318688,5.262598032559664,4.153037161368235,5.2805342590331765
4.482279360084344,5.401650604708641,4.32317388420681,5.304180457115437
4.115636988405985,5.376255127243888,4.322646434352149,5.183950476223307
4.205751391241374,5.290864304984718,4.218243069793718,5.232610221278785
4.256716243114989,5.326566101648642,4.323984985080806,5.57351092129024
4.677057021529791,5.050934315623678,4.207801844531592,5.52072925850445
4.409093330139409,5.1335153290131,4.349835982006492,5.0855129738094975
3.423322285347741,4.7027179586634125,4.419901045352623,4.033792426873288
3.5936866984435456,4.501304178209508,4.253590132724678,4.364246596418633
4.720919178910074,5.240577921596642,4.244956639628491,5.329523758734066
4.388416736867497,5.075261270569768,4.416311383573383,5.389671164727083
4.45470375813775,5.0607969473753665,4.507797068149731,5.204629076944398
4.630947701734487,5.4371902046690375,4.452243963165373,5.172360251347719
4.698974980187584,5.481880171169681,4.527556436801951,5.330282884202838
2.965884558065325,4.214547121877318,4.4520760029330155,4.3690735828117795
4.17109953654076,4.084624025721652,4.615175919075855,3.949949947520341
4.420427095592717,5.141976437365511,4.377339919668251,4.911097584320531
4.513326438414362,5.225855328850435,4.557621766927253,5.118915048834697
3.2754300076458662,4.169983628421398,4.720651952426571,4.448606366690786
3.5417273148311126,4.563625614032997,4.294524626452984,4.66418161862297
3.984459461226507,4.856942994395717,3.8382916874054005,4.802615437831117
4.071580035620216,4.922997484877422,3.782249883339343,4.738086676599042
3.433169173430048,4.626938760479863,4.19009729178401,4.479821130240131
3.3255466431264096,4.152947926429376,4.025677827615141,3.4923087359720832
3.8543493085024556,4.499242335356469,4.550797231219198,3.9255013657833713
3.5184166249804156,4.58435100687273,4.226396224689791,4.275225156036248
3.595907122679046,4.559296655183322,4.280383698302894,4.24773805629043
3.929460465751836,4.836370255872252,3.4597297588183076,4.889606838332051
3.083361538351359,5.056426839329953,4.241106158649555,4.317243062940791
3.5404740205785243,5.271323093220127,4.529599095369005,4.936615164611408
3.5614035296066815,4.407438946721583,4.028708470370408,3.9493409671724446
3.7822815938201306,4.884192637585969,4.354796504020674,4.385213387298423
3.5805183170133765,4.470142133109691,4.413875227712136,4.335258355122287
3.5240825607554522,4.667195882746608,4.089146359203574,4.567461691006178
3.5464719906532842,4.86830901924585,4.022257107451321,4.959394487067711
3.2231773225118543,4.785948071654919,4.288490887154642,4.740315605023568
3.514603448454078,4.417176855027432,3.911814627631037,4.368061640066717
4.418884893140318,5.056234222800464,4.174704191855876,4.83877023836868
4.561840937636412,4.925252854549489,4.564120554524269,4.931012050846142
4.2832862209415445,4.863749470346752,4.0313533645330315,4.802197080930936
5.159033504446581,5.315576453149053,4.78983759258121,4.916337397748962
4.347125384435272,5.17665958650148,4.5749261488981725,5.23979998110359
3.564047058961754,4.5784853664667216,4.720973021277349,4.828516249018481
3.130158980640475,4.374195465902372,3.972565564859179,3.874408943090449
4.627625375217138,4.7735934215505536,4.609601637867917,4.7764978854781885
4.402568595639894,4.808144521189583,4.331283617937342,4.8356239520327575
3.240828443398607,4.4456622977725635,3.966955126408445,3.747798291068652
3.3722725207365922,3.4879668256245795,4.457432475063471,2.6194429766202756
3.8582351364932874,5.121143824060891,4.262531714710675,4.925468811809528
3.2968083939337687,3.985289303575588,3.8873609714584836,3.426151859062451
3.4203478958775344,4.778864556794584,4.5689931314216,4.646580502842515
3.946159030336597,4.644232723633453,4.299383588197129,4.06105948876438
3.7377738956545645,4.786985709039778,4.43661929810284,4.185163339062802
4.3895426384730944,4.751774449955801,4.485676404991142,4.437588634968478
3.9524569877509186,4.858335650023441,3.732580037871262,4.250970504476072
3.8159457443962084,4.683809545053753,4.066484866500266,4.273882656533521
4.170863354026781,4.8381255654469735,4.821995940338319,4.73738216774904
3.735071707956795,5.410258357019122,4.538973887566151,5.18558129706074
3.1595493938926187,4.562619599176406,4.120491546114237,4.575401031244671
4.169613263613708,4.414666890475512,4.490619616769502,4.162765352063443
3.2736872051265355,4.433752098302404,4.225606064608755,4.343499254836012
4.1535842841759125,4.453155965429071,4.358868201065523,4.119179037716827
3.360354639433031,4.70405910166422,4.535497442261381,4.355248923514513
4.206894842436363,4.167046098711894,4.1887493136405665,3.815154444434146
4.073574332770351,4.832129495826856,3.9176055415640234,4.6300034486368995
3.2344709967927487,4.803497016296616,4.375832593215843,4.556864103482733
4.565931958223715,3.8594705714864586,3.7006639612055667,3.670026449632289
4.631826234424617,5.4681134856445714,4.477172093113686,5.170826541005562
4.320477121553808,5.050492562192681,4.491459679883965,5.194801540240068
3.965937129085187,4.455784803430211,4.390201453184078,4.368346216923553
3.228456488658122,4.261240567760848,4.634719592269144,4.337809510740838
3.70491233725582,4.397945957855336,4.343727075878574,3.9494599620580497
4.496148063314541,5.302808825012126,4.358233809059328,4.8345856868420665
4.581970927365389,5.281883547801053,4.624316078586064,5.093120363288761
3.86510747244575,4.658260842778789,4.51133400704071,4.414475984725094
4.916724130330324,5.504585138616499,5.0220685238691205,5.024023594408267
4.6192178533824535,5.188559183797185,4.801515500087468,4.836894874162008
3.950138671978267,4.7386156347369495,4.418180346453626,4.695927169100861
3.0667539030398214,4.498062752910055,4.136609367003673,4.115788533926096
3.2966554170274773,4.74911555163328,4.381094195434482,4.804596214398325
3.7599796236788268,4.569123071171423,4.329103875412018,4.955242354405383
3.2944812119924345,4.415435495781592,4.487905449745504,4.553503313583114
3.9547118274950765,4.7694103269349135,4.510691839111043,4.651561558011366
4.719702445632811,4.528599858732181,4.611972497420504,4.096139028536087
3.485620538426444,4.530499222993931,4.274458526053939,4.408262807083796
3.238423604394946,4.7619901593194625,4.22442033002571,3.9624582460519675
4.352867972944367,4.68132663850217,4.603807267526244,4.073603209111113
3.326294816873716,4.550256992327793,4.204590262749636,4.485262445319424
3.4398746095593884,4.864434338783282,3.8544368445023487,4.633371748725491
4.00331083703991,4.500053006716611,4.302442664358896,4.331460232337872
4.51307922570966,4.829085542615777,4.247779591779323,4.884885783586305
3.657164328438607,4.7553598190314945,4.384133931663221,4.767719528738272
3.6950991184581903,4.531293364949073,4.334047004219391,4.716776502888381
3.4006219284030084,4.754237546575645,4.311484299154802,4.422559280289172
3.2596353722651994,4.9038214245529,4.486615931944756,4.745853228116722
3.565386842688018,5.079865415104831,4.341750262149391,4.5249627317975625
3.7870666289982764,4.536557612727141,4.272677248803968,4.797519879278138
3.5264415700971767,4.963359348842961,4.368198057442678,4.721094132120362
2.687204308779904,4.890897621298537,4.284434785731244,4.72718339916472
3.591586870420846,3.68928062126714,4.547530288559849,2.8726799231365954
3.6639298772710105,4.005369112976332,4.120647448282934,3.372151815081383
3.3350088572135337,3.980477749786086,4.3149463984019585,3.7318155068401344
2.802307895797908,3.8129722980530953,4.775035536709655,3.4826328826591393
4.302758054182292,4.94800452530735,4.467673809612364,5.069374867345204
3.9510305514983,3.7337477508888104,4.582697810336447,3.4056567654131467
3.1631783066713877,4.070462660036828,4.420730716242465,3.404627063971369
3.893363590573953,5.257727404569076,3.90481454257159,5.047021986862867
4.014863610703676,5.165556779324388,3.9123025268797913,4.956047600737484
4.271496890068857,5.022574957903611,4.506676318770558,4.976880706819496
3.8442989238422554,5.167803312549075,4.722937919089934,5.253866413861792
3.9857123500311267,3.8885653335978496,4.275283996019248,3.658669834375812
3.9703336222865246,5.439791641104218,4.159141786256609,5.295697471037852
3.5905769565259376,3.5020299727911883,4.322760208831943,3.9576538731204485
4.019391399077043,4.335426913146621,4.264450571943874,3.980128088664591
4.739836303222648,4.503853550110518,4.416818000138762,4.723433803501841
4.5154026114499874,4.519942945996215,4.589220018925445,4.96250194396413
4.425365548010468,4.557512277493134,4.673178813663374,4.886422606303078
4.125669164959318,4.751321334937688,4.962902714120959,4.617708575792864
4.619520875582996,4.463743794587513,4.650743647272676,4.721461597961234
3.960542885351565,4.638536581832849,5.137504730203764,4.339877936507318
4.572952555553181,5.306725516334649,4.764552485112037,5.2853878631081805
3.938285963541666,4.251078423843042,4.5873874711118745,4.368154681994956
4.447594420330239,5.172488584667453,4.739829333790191,5.019651233938799
3.7602969195595692,4.557320411910384,4.840351943777518,4.3992951141104015
4.226628268977301,5.187611564439662,4.313898275275163,5.2166003126069596
4.2810141008075755,5.445028350521808,3.793505730162489,5.246687672363168
3.3365267034708705,4.100628285941116,4.510437556150309,3.604095134681445
3.536738219991247,3.8384918337063487,4.3745690741136745,3.498485936403249
3.9838432938179955,5.290723806984539,4.132310839993468,4.815352508733597
4.529052973227374,5.247419900645182,4.5068530275710135,5.1330905570878755
4.12760285585549,4.441202112849656,4.717276942862322,4.016958832988987
3.9733549443527743,4.426589903981792,4.808412441659951,4.2867542863839
4.556477861070743,4.906513444190219,4.064935940329085,4.682049394553425
4.196385313266524,4.770811208793384,4.561896180570244,4.31497304315808
3.629567399623777,4.57926113302696,4.357393675410701,4.401918415211181
4.7642170476287475,5.242024574008542,4.806703249466172,5.202252473109214
5.087514021613397,4.912576178632393,4.45697289827486,5.010545971839813
4.554361545345801,5.190893328602715,4.462700022223068,4.986969200319071
4.016542218856442,4.491908085086509,4.704201899855059,4.602644581920433
3.8700565318560542,4.120161346818251,4.665995720910902,4.056101106567233
3.953036644452059,4.093413554571581,4.733005654732315,4.133126521244891
4.05663427880395,4.218334910856635,4.617818965309858,3.916058557444911
4.042990182775388,4.335654382894916,4.604096950701257,4.2778507334634135
4.123544954112298,4.827664152492451,4.315279372890636,4.624786040956505
3.414732747949809,4.4660513029318185,4.428557225629527,4.793146478103346
3.835640583044561,5.075357876549416,4.766924300135047,4.6959027292409505
3.8656795556029,4.260323191438495,4.738645200217141,3.7841424291434227
3.8191238592360386,4.28281125265363,4.828401879435167,4.6100427898556795
3.952620177713099,4.651528789653802,4.720852294098586,4.841859434197248
4.330987769506601,4.7735672044922905,4.09336910013597,4.9907659779086035
4.142360385079979,4.594602661451902,4.407985596831433,4.726382082641248
5.2166869172441634,5.420853456711836,5.0220722463649725,5.347512886446373
4.780876943274381,4.944230672177062,4.391945105308416,4.735808419537759
4.876531467662138,4.990399840877773,4.879672031675343,5.10341314171012
4.570426225599264,4.917211866567919,4.932850435059692,4.878031349923366
4.803418224341336,5.198886614527494,4.701752967098129,4.888073103388237
3.8076754177833956,5.418142461002329,4.1863278732522256,4.801613149588309
4.086711203389963,4.472838855375342,4.426462657363279,4.114566068750276
4.414176692853189,5.00189941682674,4.2868272800073,4.820532436278478
4.544739645857355,4.77881533913786,3.989527441997471,4.4823534697281024
3.926383406007811,4.5587270817428145,4.726064035589202,4.494080750479252
4.702434346022561,5.011318689392904,4.1049316504162245,5.196029459414947
3.3615025844909026,4.596898960561588,4.924484836248014,3.935322450009777
4.457321133915624,4.806120132859446,4.418622178466061,4.833469999247035
3.1395129006352103,4.312880503016708,4.493364933590552,4.217670328952888
3.0269923325676893,4.177396785536682,4.425946175003236,4.656759382552603
3.4737877234252985,4.53619133428348,4.612073989633656,4.53487508697696
3.331263547517551,4.708926504650812,4.547189012314061,4.655433383724725
3.7749350638249726,4.30194084414999,4.34996572861099,4.404221811274035
3.711428343471787,4.644643559419995,4.431049142783597,4.339593882554739
4.510540213916281,5.1123887138740916,4.3092776296684665,5.2740796241834635
4.92505993054293,5.091952277228547,4.536211388467321,5.155638508147501
4.5667016270681,4.923361039938313,4.777652979254306,4.894333730185295
4.238349824979766,5.135953343928002,4.731008957778841,4.954376724031128
3.7383095708373624,4.392282060499862,4.745230874578118,4.731433024423282
4.175658238987085,5.489939272870126,4.1096372762792175,5.186832416414378
3.4788131414636494,4.4658569299995765,4.985951077465669,4.668508322690588
3.4082274512388513,4.432965433923512,4.764337010535242,4.571884260431601
3.9744639076141537,5.237154867956574,4.423190254201992,5.21128445384165
3.6984748199166995,4.871429428867356,4.664717091378609,4.77734310025263
3.3081821114040126,4.643349658479326,4.679274495475652,4.567074566566889
3.4724435669512834,5.123549764869926,4.316463757300937,4.816296638558692
3.1900793939831416,4.286636067324634,4.650538687796483,4.289938073289797
4.345349770178743,5.202521874492256,4.265816613340163,5.270212821477773
4.235321713557925,5.2008453713539335,4.890503116413348,5.373674703632061
4.729410014411162,5.025368254343439,4.73031900234516,4.832569384273959
4.716282679889737,5.335589250296074,4.564967118246117,5.124104180851966
3.8493657475267864,4.732163882783982,5.112472585968936,4.805552689138025
5.184442851589981,5.192922897155988,4.040008499378617,4.874351624229527
4.685908524036668,5.074189858369326,4.019066029434589,5.081534374048703
3.0497808886441464,4.917521750714598,4.501726639934359,4.930249312342375
4.55011139845315,5.1685065134528845,4.716568182687099,5.434018964405061
4.577905394199282,4.213196385664427,4.981686594234207,3.8019885981437445
3.4539640551517286,4.289486518301835,4.696648904920879,4.583967490324565
3.3366466688820693,4.519919787676703,4.592612118111295,4.4862242512838675
4.054198074024576,4.5967429938914295,4.187086958174129,4.94172296228711
4.10690219189753,4.847796001366634,4.6630315193959415,4.378536633051192
4.250963552038725,4.675588593589304,4.4609819250101514,4.449562291486739
4.431058474731259,4.720709448624474,4.618678171180224,4.400040856326659
3.460975436666325,4.3163552021752425,4.632115151013962,4.434791235899111
4.035906751843126,4.4245252072628345,4.911130660455176,4.823616785360046
3.8171373475272743,5.021511448645092,4.356650967019973,4.897271672519418
3.619482560816758,4.268303785960542,4.790147038065592,4.209857046064928
4.025518903217693,4.720823193711781,4.28310743848153,4.701061821350376
3.513436360973479,4.023325087308617,4.573774279319698,4.0415182600845645
3.304202319885506,4.208319599174337,4.800640166370956,4.3405948285517075
3.8366148694246074,4.30397770413854,4.624438779809738,4.930228592306842
3.417712916218544,4.866120724111161,4.571615855331431,4.783463102592084
3.314411295549761,4.703235341309903,4.526656325808494,4.738467724732402
3.9888621285955645,4.666037005355829,4.280795297503187,4.5378295218507905
4.228724864330497,4.559781090857627,4.198446960283425,4.753607854962287
3.538118670700983,4.243242684578681,4.692581284789424,4.3491147837097275
3.6097143798545646,4.674877259409679,4.534219012266329,4.665983536652095
3.9942759338543374,4.693754016968558,4.585935979347209,4.112174364551841
4.05351508882488,4.578855918734424,3.823800015163286,4.374989417904723
4.408301327729595,5.087009658222947,3.995298559462555,5.081596519037557
4.19456501340712,4.987981863617126,4.1794959282012485,5.375724439755504
4.351191572708881,4.8133041756022505,4.895913106330764,4.981242279257229
5.132355430105942,5.269920106469118,4.674052859250302,5.209079194494496
3.425744305744317,4.692511321835438,4.176691081185894,4.099952253435587
2.8871896126782683,4.905639266254449,4.222241918405976,4.883026766763813
4.0254756433506484,4.835968757549988,4.348663177492401,4.256345785259456
4.014280178747113,4.257280612337698,4.664754528056455,4.195952892053035
3.943165804694939,5.0214611579105295,4.139576432027136,5.161191178214514
4.537357476476028,5.161832207290535,4.330161060266858,5.2614946068553765
3.5828582829021984,4.120281830150322,4.682253126701858,3.386527660644745
4.362714185226779,4.757626561097992,4.598356944340928,4.743524945959781
4.025353578534158,3.7919611043240056,4.497429665071324,3.841245150357672
4.025850894690267,3.9575871928626607,4.680444380349216,3.2864757021853936
4.132454315698323,4.9496612367047765,4.9838254549383745,5.058305189560288
3.5211852606582643,4.935933784261627,4.68685882146468,5.31848603345914
3.4774579001555366,4.782526516826224,4.1834029900836995,4.969159413022969
3.5540542789535565,4.856025408049999,3.9862073302000844,4.881717771122463
4.307718700303401,4.253108398382111,4.694427840665465,4.312376863646794
4.716368161374186,4.973866040046157,3.9952873375207543,4.8032038861022786
4.228869975053022,5.194504786828504,3.8963962030045556,5.455203478299499
4.693624820644392,5.144428986146183,3.664284649461432,5.032595750330483
3.9252282410446484,4.916775058918913,4.014328897677195,4.781999557499874
3.981043298124989,5.156602522061421,3.4755012591538503,4.914535195079055
3.991159245375247,4.460888719001241,4.768826710657202,4.568788332492407
3.474361530718156,4.84546919775005,4.457885533341987,4.7702445417494985
5.141886870413091,5.254245713538448,4.747034594662384,5.472421289036321
4.664792369177204,4.304608590536127,4.696082110525831,4.2155032055320865
4.756754234622866,5.317484603164822,4.530200952987058,5.058797947595846
4.345020332548112,5.3387958701584814,4.198445466501859,5.505281560073566
3.800404021506711,4.302930482624579,4.669727203779771,4.6037567658198935
3.8956268301592516,4.901316988889546,4.729577430389916,4.984315269352705
3.639054512628981,5.352059711801471,3.9823585623721813,4.969771928124364
4.572971402235134,5.275674632379476,4.812825649257804,5.423007008852585
3.3778422042501584,4.5422648124307745,3.782698499505217,4.544206501145291
3.2498960046667227,4.584949261558768,3.9687489879185454,4.529590702889909
4.574872500867041,4.897373306201093,4.931064008619456,5.40531555681549
3.492196031528751,5.438062560921901,3.906353288631244,5.017267871498933
4.3820301698937545,4.35327227777019,5.154326576333767,5.175486504589554
4.953848386235527,4.955770586335726,5.197601050082803,5.6726490529964035
4.794869985923559,4.338533007723444,5.0114284677772565,4.742014362973691
4.15376026512691,4.840031970027157,4.751783873149082,4.957670912719151
4.240612174304255,4.58057539562697,4.594145440209947,4.465102014649281
4.186674243299867,5.313552618060854,4.001715925182995,5.256475273522683
2.969670344740943,4.360826136989795,3.976730680706816,3.7652061811156456
4.310558396629959,4.667457318467402,4.521178717757154,4.62026045078562
3.17515152454597,4.546453535146043,4.370552683138987,4.492673222299892
3.992899991223027,4.995568023554693,4.836883575154416,4.903433756121
3.2064416871945407,4.350183090756395,4.430040699037761,4.469897614960733
3.188523323261532,4.080538682812045,4.237822116490782,3.997626355197311
3.8439366124184056,4.79819983210227,4.799031962420955,4.680975967017679
2.812479951101743,4.531008713392971,4.444626065160623,4.486347212115663
4.222728501728941,4.449723148628294,4.348724834626993,4.139774443362287
3.6144263475498164,4.797629654473362,4.98917111403987,4.606554482601152
3.3266098833669338,3.402381933388087,4.276147551436197,2.722172491350721
4.289798282416389,4.011258696706255,4.392010604119155,3.9647693938937767
4.4274945754545945,4.609203252415323,4.6701254870628,4.60139369416954
3.9479126459980067,4.706165945610979,4.8089212739816,4.6760295272503045
3.9101016677949643,4.07126514278374,4.983493983606707,3.701403025145917
4.2678127777628285,4.714620005911906,4.509020678136066,4.336000239106261
4.709050685616076,5.455815952247851,4.4473998322139,5.234434882925418
3.105934225596561,4.920422793720394,4.138403825438647,4.720607546048539
4.962914833785753,5.152037235957305,4.406976683835062,5.476949657527129
4.425480784790714,5.4345821230991245,4.5148042673963245,5.539279507679247
4.834026241626346,5.3021762253927465,4.2690761253287475,5.547571984664444
4.349090383947463,4.475155896698971,4.481192832930364,3.9302171608369845
4.672542613902929,4.550658674794075,4.782528835732476,4.8674441933709796
4.615580230523204,4.632913166164674,4.619015235559742,4.589925851047727
4.023838150414726,5.236305022975147,4.330359873467683,5.118075522638931
4.532536193587125,4.758318393665557,4.350398067139558,4.499912990523466
3.7453696353375543,4.217619183271654,4.941150789983674,4.088604920200517
4.334457629446417,4.730457175096918,4.225260153342542,4.858645964522767
4.746114661555001,4.4957133791225345,4.052880471650698,4.346144779615886
3.627429845738375,4.986454317916461,4.07361170471164,4.681952823318198
3.9778224807234888,5.210963275933439,4.482764605333995,5.367758233917581
3.937216068555999,5.190082141136866,4.585209797541199,4.9509430742518665
3.9183954340854994,4.3176263334614235,3.8896748938085275,4.261962792362653
4.827727078839595,5.6452405944576425,4.468674652489258,5.213554696596582
4.305811527058956,4.76833769951834,5.057664623829274,4.534597769173188
4.301084386247567,5.113016260805765,4.572774285218037,4.753468932276088
4.311330320695436,4.682489523352456,4.8331718836848445,4.623250760081254
3.173724880947529,4.188705801996154,4.420301908082605,3.9753284679605265
3.765015718694908,4.355398574515038,4.166550206875326,4.4904899602432575
3.6414335377417513,4.521150981960922,4.007705663920702,4.314965751047923
4.3881787566028745,4.604464091941927,4.587052576830888,4.789638481277723
4.559378588747866,4.736981921253612,4.8658392729857605,4.882121314278375
4.575461113724183,4.744677300997589,4.66919883279303,4.988340450743312
3.4422389716275035,4.896098502968154,4.598290449305553,5.052407433719905
4.036757254710727,4.904071124116261,4.359714178254137,5.065115502648474
4.430671783615037,4.888474013098882,4.879551595221944,4.9269685234357885
4.043511940910604,4.470303113463393,4.4580993924335415,4.250270425671832
3.7325397540737413,4.690671571080351,4.712710878207866,4.371116232773585
3.4125139521529935,5.423051054614986,4.045228470064189,5.3527419553387805
3.979025587935501,4.538470223174444,4.6007776833565694,4.854291739543278
3.459905597437626,3.3011553857060454,4.174817915001482,2.9289726373655807
4.705801259449786,5.053907109638652,3.9016738541834264,4.887410284672531
3.5524653345362363,4.350673260444559,4.5946912418130985,4.3387154049014045
3.305510624578843,4.587619316877432,4.673360098580829,4.476547287513218
3.3076225427903245,4.28131170293933,4.720183787907732,4.213342087379439
3.688845443547631,4.66583999203254,4.932627399345637,4.472188791792397
3.8450764936632074,5.38594356660702,3.991163239819458,5.44314034787083
3.454664744821596,5.374368623014601,4.4288866198097345,5.3190658086568705
3.546167239349111,5.222724707648201,4.4020868964910695,5.337131401890827
3.476542739728744,5.417152208818701,4.250414457884349,5.188008016844849
3.8301118521125677,5.243105298588317,4.2660788046507125,5.173933629020827
3.4448076016360183,5.22706759882934,3.8617302430659484,5.096196656045892
3.738669863705313,4.830026548883962,5.001398025947144,4.471233351536387
3.399506907899755,4.631994127121805,5.178313008711772,4.881909929736326
4.284008393533493,5.065040070496094,3.8582746798743726,4.952562827519666
4.933058228053628,4.70994053514144,4.444517751557936,4.941728525942734
4.782115277703852,4.825608305783806,4.488350786073934,4.403673957142618
4.720400859219922,5.1476990230029,4.310597302911189,5.216719622472184
3.844514565349916,4.6473736461246,4.476157995516824,4.564667130581809
3.8729491634672626,4.168408550446847,4.557866245358105,4.560188039993772
4.661506495241855,5.3942929717214225,4.516271490580634,5.111790878330481
3.393413036559266,5.0524712846359865,4.659913632071729,5.0814625970045135
3.6161591014480847,5.0764523556124,4.730474216674715,5.079179271745668
3.4925622933842893,4.993489382176208,5.014765578611751,5.146245250461263
3.7684356049877588,5.041273030070179,4.701950022966297,5.1917780599764765
4.138647951385225,4.77125681099446,4.553246127152637,4.673049616702566
4.695803443378895,5.011808964549154,4.70462836151057,5.396628371414985
4.252786553920725,4.3862271423794565,4.5246484854608395,4.215353839051107
2.662242619863123,4.365281112010606,4.538083566473008,3.9645170882671286
3.6986714740014723,5.051195386278845,4.3712621794281965,5.173477063021239
2.901792688511505,4.061642365384331,4.593224452008798,3.7531299204362947
3.322310142219493,4.044144949516989,4.348107545458018,3.299756503097418
3.622391868295484,3.90591559260581,4.553458918593489,3.24517343101911
3.1729266156352396,4.451838726060085,4.706403336984362,3.4715216595462004
3.5493631583616656,4.8232322784068025,4.4148755950862855,4.953163887607953
3.5511325632010893,4.769718473669966,4.5427064945277325,5.093167940933197
3.531512294414934,4.932869843826539,4.1765010592257,4.893089739632341
3.2469919532142972,4.936531373791816,4.378933006612198,5.043188117258662
3.4911751257920574,4.877821531637586,4.467442823356204,4.954850783086229
3.8325265363116374,4.8809128226887,4.034242416678923,4.948574090660756
3.532839945237552,4.803474738194537,4.366531304346458,5.005013043829076
4.083183845372209,4.872217169317545,3.9564181930740148,4.9305910659023775
4.130267133819637,4.596019805627326,4.110398373670988,4.069558634377185
3.700628768961703,4.969352037708332,4.56383446480761,4.959999526618835
3.728805864447097,4.845321301305353,4.214661832978827,5.009417784390349
3.5610070166323355,4.875102829048351,4.285209304196921,5.1231108532379
3.3603757613297494,4.874823675654791,4.39568328310446,5.04205885564423
4.376098608847643,4.605625707130366,4.593396447112458,4.917739850338031
3.8356297115359665,4.798370216779964,4.516427507280479,4.9469752285232325
3.8646708005501744,4.743563577548922,4.75279767530507,5.044425565526644
4.658428624919865,4.220305762159095,4.645614452275036,4.232841033600838
3.3800668804137115,4.955724934955781,4.6678424133515914,5.162080247844519
3.385099591147836,4.8176812044033,4.711567617413308,4.814906155266519
4.318835386210244,4.444346673243501,5.008263855438197,4.670646443204656
4.262643546055773,4.763165267174953,4.295044238921462,4.868064513498901
4.136053669851032,4.617128210354751,4.537448698458081,5.08792867393657
4.022188297814467,4.613231918523659,4.439219466108179,4.905491682180917
4.097588560864684,4.7497731010687065,4.5212164780414295,5.107965628439584
4.08957820608062,4.8716104666007265,4.421146537559268,5.003266995106135
4.120239090381828,4.830083269167264,4.555240930874134,4.99448357064685
4.089280169425859,4.830226968392804,4.499935549529019,5.041317475021885
3.6551565351847253,4.728697308252536,4.69040465066448,4.813000549380092
3.6734335845807258,5.108108366168857,5.0940274392407074,5.150217205952227
3.403199006381136,4.386542175378082,3.995451913801399,4.084058824217544
3.515458811553451,4.916039663684962,4.274828381854746,4.826289933198415
3.2185581708760047,3.004114994540813,4.472886006197947,2.2254828295039992
4.001339551018608,4.827666957526049,4.24946517664506,4.925084232530132
4.48554437155563,4.713182584629097,3.470473603227757,4.50126240961346
4.611547145022832,4.951755503676852,3.668387386293751,5.178946890549037
4.013046234571179,5.202305243741886,4.034287224109432,4.721538498924832
4.932586925599733,4.138876416615976,4.6191249884768295,3.894221503241728
4.779760749478351,4.455102971648064,4.325663922593262,4.178332564893984
4.9981537737347965,4.187406602650196,4.297248730383931,3.6549978095458657
4.475071322829465,4.670043925115044,4.26623965031309,4.65837654325066
5.2855307271219525,3.814261820309365,4.408276046039358,3.552809091782936
4.730907502949539,4.057744510615267,4.456784461388553,3.754492604872573
3.1219854843329036,4.8806405250921205,3.6152926426435443,4.986189643464986
3.1802239550494185,4.902536746906257,3.756065862522675,5.097570599656759
4.0838808337150025,5.10013663161185,4.477092529543885,5.158782655985039
4.126276329042098,5.023798596819709,4.606584686809859,5.117966970686705
4.3233043599138385,4.493043303413563,4.728638085210125,4.590789014543496
3.611243884461794,4.271091339183975,4.403475481050172,4.089176134738437
4.847575909076032,5.28671267749115,4.6825555176725935,5.1045850682782286
3.917136933459693,4.40641453772496,3.9282148240259396,4.124868455798921
4.2279012620619865,5.301044439052066,4.390349228525233,5.025840410479021
3.47171567939902,4.01375860199948,3.473642739444083,3.325624980871921
3.203624909978258,4.580343329304109,3.7495685457394377,4.271661384965029
4.438064351217029,5.227102401661455,4.358937647189076,4.926856023503675
4.297359786100625,5.047406148944932,4.573666270510104,4.940627730352664
4.468589308936932,4.510611931251646,4.668650726703493,4.5107308864837234
5.307526570112344,4.881303286490113,4.0933404170278225,4.646095146055648
4.868400788773299,4.857915176176312,4.148872759185402,4.596606909562892
4.1538281598107885,5.403295518945438,4.2322561734106365,5.036529041235301
3.382880524818942,4.846522984008986,3.682686051788128,4.5054131423386705
3.5744072175366814,4.897806022641558,4.019975903633701,4.778696107929968
4.392125284608761,5.092529254689993,5.003515898649148,5.1550276010142655
4.475206339296434,5.62730490317801,4.3382355306778875,5.001496680592853
3.9023100025883446,4.6999955643000275,4.124615127349711,4.268471771677307
3.73417936284329,4.409524632667738,3.979745127356303,4.173520896653699
3.7638913611285436,4.687001386661018,4.621400817917591,4.541870133244902
4.70262936863832,4.734091780200657,4.523168897166618,4.7089863050056415
4.313535501596289,4.81942053439418,5.026212391568922,4.875405004204707
3.8914839846161837,4.538488907431054,4.901472372686379,4.098449725801725
4.251926609429538,4.888194184287254,4.445867074202275,5.036445159088473
4.358468900044155,4.784515201755412,4.652160349473541,4.848164404119628
4.173309497568013,4.9113067555414105,4.604639495888707,4.832722444677453
4.206736220758905,5.1689192389567875,4.7919214006415105,5.0885211234013505
4.420687635409115,5.124329472897,4.951701158519091,5.0943919322660545
3.62604679195671,5.321044328463675,4.930970414831193,5.28325425100144
4.667701340584061,4.175523836510058,4.146963635492044,3.9380238883220895
4.039787041452388,5.151745118070748,4.514548457178233,4.972174478127279
3.2660407300642484,4.715755897501134,4.367738414728495,4.686767469633862
3.5644007535464284,5.252626516354476,4.641328960021986,4.6633300555037085
4.027646054692629,5.132987831055607,4.733789410765864,4.612257143941684
4.394186870732189,4.72185088423031,4.7023612126995715,4.91660765187258
4.051652036559037,5.129569128324285,4.569471957356915,5.086246183082194
4.004569588558283,4.957268921200693,4.964748275530157,4.684247423228035
4.413646493376351,4.7912433929438825,5.394102850286346,4.545171701007639
3.5368154601042754,4.308250520252303,4.413571515856578,4.181991440051744
4.85843003567616,5.1394752142975,5.243925246285607,5.577679249976262
4.692048506466904,4.70917653348295,4.538620775672814,4.976630334202176
4.343446743616209,5.050515100982482,5.064163712449992,5.136487283417173
4.226478488361631,4.647937694547772,4.5815638402716194,4.207520437013127
4.164660213997122,5.039367162213665,3.756059442200182,5.008115222473518
3.804305883102166,3.74140243764741,4.603338001582635,2.9783284817976234
4.668808084926017,4.6540753253116005,4.570097088572121,4.289068771537336
4.2860029012037835,4.1885208894842805,4.530994884210011,3.949910414091562
4.087275757824415,4.9875052778380295,4.379357597814896,4.972514779596668
4.21217353936377,4.3998652337606785,4.493121186367289,4.585158070713665
4.291445176172933,4.512125125018006,4.460740596358666,4.523082986918769
4.2856718260393345,5.036210543534309,4.36689915968253,5.170801337654665
4.171539410154676,4.500617737629152,4.573996716481621,4.187261557473244
4.875818646277752,5.269785241579834,4.929308228218897,5.0021245795141205
4.460387601144249,4.405209939390841,4.3990320161559335,4.111568156590169
4.125554015669608,3.496622079120845,4.7296964951825675,3.454953306265054
4.408922539780658,3.6344978530187575,4.803027759485555,3.45240802855707
4.138532900878075,4.048804216895497,4.866020828743081,3.9338431572218853
3.4067834617515387,3.9120247186091364,4.506442447705355,3.7228730296629595
4.762209721875806,4.6825798106816645,4.191506627265246,4.959408982078734
4.5697018854615665,4.713318154365734,3.524047468440091,4.702997897735297
3.828443347819366,4.300434546447222,4.43344766607171,4.206860446469823
3.453550050213432,3.902159535192376,4.676758797374218,4.253662797560257
3.7471965129891918,3.708081107037605,4.50342781990884,3.9817661028282396
4.569646465653854,5.191024856453048,4.297380971343868,5.122667074601899
3.5608749079201845,4.058926027469483,4.559113545434997,3.8306116910628876
3.9543300533091656,3.2982151996897366,4.866619322801155,2.630749657295322
3.644754979513344,3.5087409450595777,4.679912632316665,2.90666809027979
4.5028548981768735,4.266379964687723,4.859351483857896,4.257446145496103
3.798871099265804,5.044512181378223,4.686923022489068,5.018724400376612
3.9924304795187595,4.957138064795783,4.690414904313994,5.125354521263822
3.6927571168801085,4.62760561517702,4.429927043583965,4.598992816349059
3.6001152562899765,5.147553944108911,4.648366663830153,5.039443149908232
3.198678964732549,4.426707714180035,4.213621507226058,4.182438436690451
4.385523213142429,5.186407582369598,4.474616090487288,5.1216277579651734
3.785154224220186,4.114182503819587,4.7272759935165904,3.9670142538605466
3.735125031446824,4.436308171741608,4.585594190085891,4.291731458477441
3.896504821723347,4.634677300449937,4.515213429708982,4.608003721123274
4.0616179272519375,5.302335657398151,4.926074858006593,5.386541301286046
3.8647796498227796,4.4242534845867505,4.582234096089487,4.236659679631682
4.334469801612432,4.91129922963161,4.813218346779062,4.852101181570519
4.217557987897873,5.0927361146247,4.679004738939252,5.227840418388641
4.907833574911325,4.991762162936868,4.466814480243185,5.314838260101446
4.01272468618578,5.0041962659645165,4.849522234902788,5.072820530798138
4.9176374568177135,5.3423890458727135,4.546096522532117,5.2130050796779095
4.534472667530507,5.269603591717029,4.401959894136745,5.198607659881592
2.591941224373378,4.164188159934209,4.426463148299572,3.895577586953113
3.497435475569258,3.956805914157728,4.592056394842624,3.366360926682105
4.2624050707174606,4.225524483759642,4.945174482606786,3.9179605297470723
3.84360693078508,3.6506887547243125,4.899964341137973,3.503300801228904
4.147695948818724,4.6598719653969205,4.823643269787134,5.066660633469171
3.7522185990797317,4.343386749777148,4.466664259569556,3.886519778598628
4.3445233118516065,4.616814398883659,4.547860990002133,4.40847089389662
4.331215105349812,4.633056106325793,4.188905460303947,4.914358715249045
4.401580475011815,4.098122609755963,4.634110870101079,3.8112129828397863
2.5500086197561043,4.155280625678405,4.341158051306025,3.6559815972254985
4.190293704179899,4.870604663733263,4.673203197861462,5.062316831719407
3.6993580403480046,4.659164345073654,4.220236193431231,4.486041022860353
3.732106519066821,4.3377416447243915,4.503318088082662,4.650403828503933
4.1219279391022985,4.961673428365132,4.275180120499255,4.86671988685926
3.456480687627118,4.770372079741367,4.733478678719616,5.154766977583264
3.3275848522815203,3.7914556347306285,4.593181840078403,2.8281681718892964
3.7402419382895244,5.05703901610931,4.457655476540855,4.483236084173879
3.936198772699135,4.082025838943385,4.7564385386954715,4.0503264850100305
4.332486093012382,4.535851539633366,4.7447000588743,4.6588651318886605
3.918934964959378,4.5067178597856525,4.363034929560453,3.9542763472025713
4.672418524699978,4.606620944879843,3.5368486813694577,4.613514839295889
4.203764707630435,4.793779059332049,4.232680626135553,4.870452478564332
3.467180959447154,3.9157515021267946,4.296747714570132,3.649080329215293
4.404599452665132,4.786386470356914,4.20451451384827,5.04573959019762
4.054025821971015,4.746731540301472,4.119401460326963,4.745110312071388
3.6870829762679453,5.338809947422242,4.44334180374448,5.0072498375639105
3.554793896624929,3.5616707744485465,4.293861066475548,3.806116009943265
3.5747942786858515,4.066166883712063,4.09491050120205,3.816528698702104
4.290556225773747,5.376344901090588,4.96584307926415,5.177785948509236
3.737110517299939,4.057022455996825,4.373684172150835,3.7081656311788778
4.680449686330117,5.324660104558162,4.412835354943333,5.147923109852087
4.381713329983967,5.188087269251511,4.322476322150744,4.976694381386531
4.348948992325957,5.236470586498225,5.287053347469245,5.173274905239656
4.880242802132835,4.397602154832414,4.196238878269546,3.7700893448612263
3.6583001527045966,3.7744328096731827,4.511139414332608,3.6985749970253137
3.4062689230770635,3.799567330981479,4.410226173157808,3.9350794012646317
3.855068908198937,5.227200664401698,4.38494060594584,5.134918910774807
4.410814459558938,4.305292015283772,3.938145816715029,4.1053574595193245
4.086109649938545,5.290979052089133,4.817356433594994,4.891166389661284
4.410226347181128,4.287833186344906,4.4528404114609055,4.004843993071411
4.5751297433335125,4.368427478796773,4.361545563306773,3.7486622813399757
4.0236165934856585,5.360318024253977,4.849311180169185,5.158089448919688
4.0324750456507426,3.70943205960772,4.571389002848259,2.465203323118509
5.219490359919574,5.3175733938695835,4.791270886373413,4.854307135459209
5.710904690396433,5.017352394629647,4.461227678455262,4.485123967007958
4.35213837081995,4.808983890912846,4.629427277601934,4.961032869146964
4.654572170562216,5.135822791665217,3.786850110722808,5.217771805136814
4.108374224281505,4.199720811921002,4.946141542143695,3.712824307947874
4.107399167985156,4.3885054522145115,4.771621486089113,3.8329998866430075
4.237202893708052,4.5608643731423255,4.853608472970686,4.191750086184541
4.790549735257436,5.201500537431323,5.135358287429701,5.173697286669266
4.836815281044046,5.090313171074003,4.366934008583936,5.022091276726452
3.960688404655753,4.600224116162094,4.283018170276216,4.642011524471297
4.662070885558545,5.390558156300087,3.7821421447099954,5.398661941818298
4.654541251007728,5.318758960676692,4.614817471989366,5.3094877292679685
4.812052205573692,5.4899129651335175,4.538009349443003,5.364722135220111
5.121083740001012,5.18421613938661,3.8406886031034086,5.017040815298887
4.571779613592738,5.378346656030195,4.798750716528355,5.225619405490437
4.769880614510004,5.143453199494073,4.703949198209165,5.071609117276993
4.845123443273034,5.283027947126427,5.29387056588654,4.995782573632013
5.136890778217435,4.9639897202956496,4.870998623187297,4.925903587011885
4.74747837488355,5.501533863504082,4.725768721852708,5.402114987634863
5.081978110527456,5.301595198060501,3.7088639388063607,5.52399496688253
4.383687261809203,5.013550496531731,4.7637891407215225,5.112695069789979
4.304813748103823,5.0038073815186666,4.60137153172036,5.093484564140117
4.30226173753491,5.096242045894553,4.654467594982989,5.084615461904834
4.167184921393506,5.2684587090338715,4.696798039210868,5.252699676697551
4.612847436665641,5.289847050588981,4.6862288555189195,5.04315506331918
4.436519480308505,5.304766621827241,4.735130609913396,5.052196474378538
4.5187175047843136,4.315302451758812,4.748678282074013,4.418865798694438
5.115691229785361,4.94902208923606,4.7790245172605115,4.781982585269486
4.7579387387488365,5.379084381549367,5.1153954776401545,5.511843204346351
4.6502102100708145,5.115343170445522,4.308587643967868,5.6452888636964325
4.641919735070447,5.118341154483116,4.096517695519658,5.561195181919203
5.28570838871789,5.465843888872608,4.547245443212264,5.597438137539123
4.604489119845828,5.200603893922821,4.645139886500144,5.086427897472325
4.272123147470261,2.9043883173664,4.343475332279038,2.423291638375744
4.983309688933218,4.978883864339163,4.641590654900465,5.15705757263592
5.175167758977879,5.016241027792398,4.920962154513588,4.771139426392368
5.07212462473276,4.800557171691013,4.766404666596083,4.8729167493392085
4.530704191626545,5.174987608031503,4.2827690422650475,5.085250887654691
4.410896430890623,4.6264242712821835,4.745519847222188,4.529116251833522
5.082708066285094,5.175543194473602,5.662960507801585,5.245042683643897
4.8977023212920265,4.969657438529535,4.726066464726655,4.82526260274123
5.757093151978694,5.258315085865551,4.706687196382091,5.476106795677782
4.77756608184783,5.262176901727297,4.524007104185212,5.522344484514656
5.060776555568985,5.3758089575019055,4.174804145514185,5.487907498127071
4.7392005438312514,5.411716775623674,3.989998034821497,5.771807712827553
5.082984479802308,5.543592338222095,4.20788843563678,5.597963614463421
4.691843805639595,4.870090235343857,4.8619998416936,4.957032240215539
4.346038708008032,5.210583438881724,4.323396020887891,4.788002208778634
4.559153846870591,5.022801137363324,4.884671618258982,5.117198453508978
4.565379122491283,4.8114166464317005,4.4108542890890305,4.74215805222169
5.022757505197158,5.123314651607004,4.452982376367477,5.140712975829438
4.569335412992455,5.102158738100804,4.599647389245193,5.2408448939282355
4.825148038364325,5.402718215228039,4.551621924814197,5.749232598976251
5.083696676448683,5.5599010367073065,4.099999155109193,5.758234682581204
4.753320626080458,5.415545958901538,3.989998034821497,5.774847972945001
4.7452338653467825,5.453466277056764,4.111512919024853,5.767973370864444
4.530329860489156,5.513224254216884,4.199149258895578,5.721711002699806
2.808315072511471,4.437894876685598,4.62153933363661,3.7032431235000063
3.0081388799998225,4.253334505055795,4.35693803569952,3.6881029492757285
3.0428467026191437,4.268180125411851,4.460046878982111,3.782123012144088
4.725303805307051,5.310104552622786,4.197174340260475,5.438923221175847
4.736686674255877,5.461830559497277,4.3947471205144675,5.397041744191269
5.11768914191893,5.597814400376235,3.991728709859666,5.6342777695008746
4.625779027246618,5.159438428800581,4.389682731832254,5.109339074299958
4.713107311538332,5.235775685574814,4.110170330406365,5.512311240494927
4.639615731169316,5.271812909756143,4.283424207742494,5.394266863839397
4.494480677422763,5.291327043214956,4.131939934588588,5.260272482427172
4.591398969481943,5.272001734457814,4.453148803194156,5.303153906097029
4.319862337332932,5.2397556242925125,4.36254183327181,5.253981134312516
4.6983348545702075,5.49430832978789,4.10368970965437,5.543194817680999
4.523094421128134,5.233360800528052,4.661798016793206,4.93524865825703
3.3769342091483474,4.285965489648857,4.578543242953549,3.654274298493067
4.772262568618005,5.385654628699513,3.8430097934505314,4.945421122353109
3.7566082652508914,4.2038503820886595,4.765904987712752,4.131146502665338
4.572935517403106,5.072979735714744,4.2946901757767355,5.169317942048232
4.629290713808517,5.042231870600596,4.35727373971492,4.936792968507484
4.041297306411539,4.521365505883232,5.145265094369313,4.220699245318534
4.559945540497936,5.049158421409186,4.433769871033841,5.16894505441206
4.49021190311598,4.534039701438033,4.445152182149645,4.7318169577697695
5.002032255093541,4.992251149862786,3.81366801815399,4.581565570711069
4.886426910159278,5.143475521098951,4.393677644329441,4.741224546792411
4.677340225211857,4.989644490376403,4.386373964394846,4.554827032001799
4.86430537733857,5.021193323065336,3.969499929194379,4.5193829325697195
4.6243929537953905,5.0555774705566705,4.6616156702892875,5.103455767391623
5.129281682866298,5.101872509787132,3.8734127389559188,4.844346082331125
4.638121105614004,4.759079524801166,4.248559779617753,4.649070195047421
3.9411919861446103,4.579218320134356,4.175348739925757,4.79350955720807
4.611921534260434,5.092645646229386,4.711617258249074,5.135707858970147
5.114134995881469,5.065120728524866,4.55886427251311,4.79170632628361
4.782275884622908,5.081672053954576,4.624544721711439,5.0415873643548075
5.1380285420547755,5.3006758266481455,4.410238653737939,4.749133440488775
4.991635858780287,5.290651051061027,4.483075028566005,4.985446965779439
4.513356695187993,5.396159746876267,4.681975182368976,5.348498213535035
5.173599444241785,5.640934958647572,4.372973067660186,5.148046964329733
4.94836582600738,5.312340531113225,4.640878577486052,5.127766820762303
5.05269806175719,5.445305315937593,4.549850295269951,5.310009520764347
5.199795300980126,5.376075350269488,3.9180777132944997,5.43284564234059
5.0484799317978135,5.731462941077714,3.699150408509716,5.584954388441007
5.405444262998285,4.963031194991355,4.341869748069758,5.672194753252759
4.755938924216237,5.378992404266376,3.653165659187719,4.994204797661334
5.076184130186685,5.19511157185455,4.4651679540534035,5.005480859432001
4.845409156521852,5.097601220232191,4.998105114629153,5.33898395251242
5.060592842523321,5.266658122398085,4.40659993481899,5.265682874843423
4.781627105379899,5.232813516707445,5.223835722614106,5.204251149650058
4.809631901786202,5.132378692447901,5.004789527994487,5.538139776630447
4.286322059018224,4.757860120822836,4.726654631342748,5.238655717986038
4.733867820796021,5.330920729884319,4.305510774751182,5.425515812640242
4.686306271188847,5.4115396373097475,4.282671737127802,5.660693574071033
4.572614088882062,4.1059196352335805,4.348876477926189,4.017126226315153
5.658244551058114,5.385425211374197,3.816300573911696,5.405285308246506
5.394988445602457,5.114673731518728,4.857842640406366,5.19737081908549
4.832428952771963,4.9176928792890005,5.088797741767222,5.082703020777972
4.776353959600634,4.9092451607089735,4.760667994104596,4.476723601726527
4.838031189975392,4.772513643434183,4.694297257341396,4.3765498470859425
4.50530015774584,4.761675534441276,5.446518526358418,4.597247620179724
4.592067772479935,4.70624413780943,5.223535721089168,4.525139466149391
4.374067625318665,5.31973803495808,4.494868083284636,5.001563469216416
4.619078002630109,4.595836964446405,5.188455707434854,4.5896548257833745
4.280848559477142,4.874500289355986,4.7625808980368705,4.589203948157002
4.446630144358416,4.819949421614535,4.165269047555738,4.8271941293355285
5.450711194216641,5.4368423822597265,4.865299791243515,5.276936467114245
4.60455848858056,5.022365775618472,4.610134280075111,5.382226495495071
4.325837589642414,5.08633144100678,4.801248603266017,5.352691871282516
4.908019099772601,5.148386798284074,4.852694502006899,5.317244827298238
4.868428344515633,4.97983432774827,4.7821578848803785,5.277260827373512
4.701935195193679,5.215472818051892,4.947345534317888,5.307768218942636
4.780107225207275,5.2625855601071825,4.376117866105133,5.163249910140485
4.597413588059634,5.593810225191168,4.339133348231052,5.491464581238142
4.7504038043504275,5.004118375472384,4.301827463490249,5.201364988629476
4.3420051505918185,5.116559665667337,4.042464993343766,5.275407021041489
4.191167824148395,5.146157501206129,4.473419065797915,5.136362293859684
3.908193527867232,5.099271269649617,4.09223275741913,4.976632335276517
4.428656067342,5.112282110896282,4.256931616347174,5.073165677167316
4.059774410200559,5.145643129484892,4.622152563320506,5.1887765411070665
5.34725243673518,5.496795051942917,4.783347185254231,5.374009806270513
5.167231308899047,4.503357141297803,4.262394788552612,4.528681079355705
4.291037108479804,4.883781283852687,5.025404066078039,5.130600720782978
5.025784678210709,5.325547022950254,4.867821618675307,5.177964740943369
4.1480658581537,4.646740721492159,4.671171539969254,4.381631971084845
5.226317817049197,5.259018988258965,5.126997337093539,5.266826466967112
5.303171545639153,5.021563676067636,4.987963969711015,4.564268197118727
4.178284945154546,5.3398037052671254,2.8661656845414214,4.92771253451126
5.445085633968402,5.453472874875165,4.922779768816877,5.595444314169632
5.56260770640726,5.445961929146966,4.600301756775908,5.62832068012475
5.31889172303203,5.776322562361824,4.482967067835673,5.412288558761909
5.352256725766651,5.24652147506545,4.895050173167266,5.2856533157225245
5.39102440644041,5.2765547104946915,4.185007705652342,5.368636577369943
5.323805642104354,5.4518706631631755,4.527529287850733,5.360196070356576
5.507906448779314,5.418171808602671,4.822821230914588,5.505096105482882
4.792683356395784,4.529612377937545,4.444579692040599,4.4645513347222945
5.658343432148988,5.020779378033696,3.9716948081264913,5.080874777390325
5.594319845201477,5.181622597529168,4.199968156676928,5.0995467947575275
5.857575283194904,4.64873766092037,4.086264017123242,4.351168523069944
3.9412753925209825,4.90427461440563,4.475248415681934,5.043873907753797
3.983671662994183,4.912372450962043,4.077163993902816,5.195765250311991
4.745348631697212,4.803528569250877,4.71333505694781,4.624100144612701
5.780968065048743,5.780218430531712,4.244957457186885,5.31835630012539
5.101203449935689,5.564796035750058,4.388449390331649,5.389929390500815
5.619431125579874,5.663982423764773,4.200139443623738,5.27167648969811
4.438161954500268,5.451033216485779,4.323523885771891,4.786193607631613
5.7159201551266134,5.840202057381656,4.281455401471639,5.0886342169815695
5.395598503456814,5.48972943348797,4.3663428428785585,5.721426058540598
4.504464227196365,4.804877489470519,4.5940785190535935,4.8884512661654504
5.474105178135981,5.616802523591386,4.425122078928015,4.99995448086926
4.911052155855269,5.350797222522688,4.232777257852247,5.119158530423208
5.2033245952714715,5.566738724052879,4.038934480837569,5.009137177600794
5.58542362495215,5.669892401376708,4.040037925866406,5.227530460121266
5.725103201359843,5.5630430711300916,4.183911458079798,5.596947841614893
5.258544082945469,5.470358256864829,4.041956077164889,5.26313697881485
5.268380936995103,5.696023035566673,4.182059284756967,5.553272638686303
5.4460642811567865,5.4371254853281075,4.113713982484165,5.563509550689252
5.261277603988365,5.516360871610131,4.548392053330637,5.600084484916966
5.65465980632717,5.672585556259946,4.127950878577853,5.0682319365795765
4.816781108702421,4.78459032512309,4.949011222191472,5.342281934060098
5.381648315859278,5.788136822338181,4.267595372096099,5.55452370370229
4.683513057576103,4.806821878747963,4.570393236571936,4.690689146636339
5.734354952999101,5.325833041849943,4.434824692623688,5.7064933143207535
5.439445807240927,5.648988485744983,4.317600385698442,5.360184678421385
4.682328689088606,4.537493603059462,4.954531831393977,4.256383400591829
4.635692898034265,5.696726822756216,4.417991578381792,5.413713179213594
4.510364197865503,4.972953259892668,4.665836932674104,4.792826166334209
4.806352588325108,5.375716885580018,4.495405662389755,5.370904696020728
4.945686087030114,5.079804032996376,3.8374700781084665,5.0614932508033394
4.957536650314148,5.1957325143061,3.834162131071969,5.294395013700121
5.149127316851426,5.202510843393598,3.5679318103774604,5.286456142856915
5.063807945638552,5.27058186232506,3.849687394214036,5.283977611240724
5.081955885266626,5.250059291157698,4.117337140024459,5.395640021585428
5.047954077001067,5.347393795607684,4.329828375410408,5.390385086951971
5.056126464490278,5.3336235049846845,4.402663807104752,5.27666469196116
5.292781093723749,5.220662146930345,4.354691491691448,5.434680607253015
4.479032769094761,5.571301514999592,4.149663793173999,5.183285355266264
4.468600754096457,5.477752058144293,3.971025913472887,5.294193551844668
5.563925458986229,5.549107020071491,4.916968287760038,5.6613117991645465
5.449327693964692,5.430938229329571,5.169901339259793,5.640995458331243
5.326045281752212,5.448325279013913,5.245820524378829,5.605054714478149
5.405690440727592,5.486189942051208,5.108296412781549,5.634049944506657
5.2967098263325845,5.456929540380485,4.9820917286420725,5.619693373170386
5.204224204902578,5.270845784471344,4.414585691204424,5.106934956936836
4.728476315655263,5.492377163908882,3.4559814648532545,5.051838496321193
5.682834974349195,5.009624070531926,4.284208329117231,4.47245623218738
4.179808096021467,4.880809506766841,4.529961712295722,4.965648219347243
4.943594131921281,4.536177152620434,4.6836961373371,4.0285784353098135
4.744909420871906,5.273890993337176,4.462672789644199,4.84480170989386
5.357792244098903,4.4358910797458835,4.737735748114688,4.478591798094663
4.4950842625173255,4.9956099445120135,4.826543838693242,5.048909013436964
5.5868425103002695,5.221319632585645,4.338526370676168,4.779487689662152
5.6148102398430035,5.1053515208347475,4.5777888810191625,4.8754273560383385
4.733387073594795,5.2293780080651295,4.4892499110826645,5.384052651165403
5.181463930489311,5.398631568504456,4.08870007651766,5.349416459521091
4.094638134349321,5.044429275719702,4.846994271438245,4.874171370021519
4.545662408852849,4.939249691577079,4.301684052157347,4.51427403313396
5.219645637906417,5.42652872245055,4.3666486774721776,5.485988914616168
4.926761808830438,5.728333416175786,3.7687487965412254,5.306525993679208
4.493276851052707,5.505023744911284,3.9391095557825424,5.185262486508208
4.6261740297046705,4.9519714591669155,4.974148813198223,5.243689429791969
5.321716716192764,5.490569169065789,4.601648567437041,5.147182584948412
4.989312243649347,5.389766436304932,4.442616898433794,5.199641593494188
5.1944584983437645,5.432003251552434,4.370605795078789,5.731658893476949
4.165590508664599,4.6894015516746546,5.108222493574238,4.451168843011103
4.864650385141645,5.39174736741078,4.358202294256093,5.67519377825309
4.679616376932266,4.8560345452223,5.223937019079873,4.482597785838604
4.404140731498442,4.846976583252759,4.826661318013769,4.594318541057963
4.288424114190879,4.607047622744301,4.9011575122685445,4.365140811165161
4.380941630701616,4.790306032803786,5.148014747459447,4.465848078188811
4.845436419032078,4.818177882978364,4.45162538373269,4.701584485274455
4.810321640075249,5.190201408737613,4.9662217786914535,4.826207548445545
4.20393247942923,4.9869882886178845,4.662835363281353,4.88288052036196
4.05163799540277,4.853454443433821,4.959568671278569,4.465070966744961
4.5159838720402306,5.273717922518627,4.880461047817533,5.309574151972182
5.141565260414484,3.2220611964326626,4.29619167831125,3.751760634206542
4.735636923214832,3.9665119685265555,4.225214381789802,3.327378345434701
5.517774665733273,5.105657338157149,4.9724149283222125,5.320627480777381
5.035536785340764,5.069055987964288,4.72376947989677,5.112606908383764
5.217395247829942,4.8205460372219475,4.050218893172927,4.518651568885984
4.518923359111703,4.975033471152494,4.118650232432031,4.986160693208467
5.429817118883804,5.179682190628333,4.635378386957689,4.574072986236928
4.901953494739362,4.874109364920324,5.199005894656627,4.390110736542697
5.324858827899361,4.74997273370439,4.257341386649921,4.029452500955646
5.7159808425018825,5.327785081474954,4.44191937183389,5.240211131892696
4.418574970792286,5.008799385413681,4.422154202617007,5.131402748259996
5.268118258846617,3.897156049327014,4.262491148473438,3.8362626075534276
3.972867457615188,5.036001399073543,4.361091701967005,5.049327530195514
5.435973535587326,4.615492685808876,4.487800114923294,4.642111906320204
5.455253025183424,4.552054888692082,5.486695372567407,5.036368436814651
5.4459897055768405,4.7263911273374895,5.570706627518309,5.078422699567354
4.506394510066591,4.006844004074828,4.3185126636561675,3.846832621951016
4.0180644444373,5.3651422156825115,4.402798410547531,5.566857583466698
3.8617022549020636,3.886192843483894,4.641969197056531,3.701507930101248
5.582354656378482,5.241622497351726,4.458443121863316,4.4318760987829195
4.697943082761934,5.179104043023839,4.538423098723558,5.243305584450392
5.072917734315911,5.033130339120254,4.741352557044401,4.996484144834766
3.9236228887664772,4.378455168092034,4.672166527672369,4.057756846933293
3.892550287122078,4.832342853577661,4.38832373172804,4.821096570411418
4.074464485005377,4.552778057043711,4.502595560914221,4.724963235559874
5.243063473510342,4.50116097952901,3.8162352528457912,4.086227467798347
5.773016691692977,4.732655019594228,4.5462289168060686,4.787436793714138
5.711100448126962,4.885063842711256,3.5141928107591673,4.2617401172652665
3.8047438556598077,4.953164782729642,5.049975702713152,5.093923253569268
5.33533448915535,5.432972882286887,4.507841168521348,5.217398483227868
4.73947439335516,3.6075997844268364,4.347284020655385,3.4692048799207917
5.8763011501622655,4.589698584052551,3.8967805137700697,4.021707764678003
5.274945784761091,3.7711376196511974,4.223797533364178,3.4283426831810138
5.076170936489517,4.746750424660154,4.496608820824881,4.978347471121069
5.5338995844476555,4.919241187160812,5.124583331771356,4.6891033940921005
5.303369529299572,3.365293467709618,4.742144488232218,3.1646034145479516
6.045717251332699,5.461185937472276,4.2678452882215625,5.2273511468888065
5.462545597759644,4.240776712540836,4.8055082392962065,4.8845771753030816
5.508341269538486,4.812990057435743,4.96507474343698,4.548317191262053
3.9325578269079156,4.7426456037142115,4.423672288204398,4.8584434297732715
4.399677579327975,5.044294099099379,4.216193682380715,4.935182670087536
5.161717414344437,5.336178579434139,4.596823374998444,4.762744272201351
4.545842237319735,4.447509862771214,4.781063482401853,4.133587373790375
5.6063053932437565,4.467036500574397,4.823989204203015,4.808036875345486
4.832532547222787,4.5571564023330735,4.787979284821888,4.6804672053923495
5.40383545268494,4.727578758807209,4.7815391916068695,4.496650664639494
5.816477505686766,5.053873420246164,4.51572925162407,4.992036968276486
4.885745122974439,4.427763269658552,4.349275387419699,4.805775604100652
5.671096739422141,4.61524935415071,4.508794357205501,4.184055897670704
5.382287311158662,4.921542880936385,4.082480274164949,4.116991251766064
5.22965376623365,5.119459002694125,4.968555312099505,5.186487699052676
5.699832654281952,5.439243331465747,3.1532417699782136,5.390208252917498
5.391531609378276,4.701248968079088,4.722834015503261,4.631681088986266
4.877346682961267,3.952889158300969,4.930182106810032,3.7950209396354206
3.9102643135793853,4.323078548488993,4.9414075466028,4.58676961240597
4.89845167648634,4.928683349018411,3.6571724465823734,4.608117590561784
5.490205244108401,5.25544606154757,4.240229904289461,4.636832476301996
5.303736779968318,5.10396592784463,4.363038327978359,5.063690601374344
4.079406096564384,4.372427377713443,4.455485819086982,4.315849561437001
5.546469666259818,5.016394410003989,3.915538939402238,4.505234635176175
4.700059985476899,5.496175851585271,3.9655488681905764,5.695250849158397
5.320932293329503,4.7867799283456876,3.997274320460768,4.356955840867243
5.098828243673431,5.020063278959875,5.313411134530851,5.597732933662793
5.616507148027476,4.179618442482625,5.3293711597714015,5.047062243658245
5.341224628568278,3.697845808193443,4.470233125407962,3.116599391777588
5.6436659940090035,3.7815793274073886,4.215955804463142,4.144641991310424
5.31095667638087,5.410354936528515,4.695430487294449,5.3741186254916675
5.192997680577695,4.681161367978404,4.99020187609477,4.9686478049961265
5.69083885786153,4.881232355033626,5.316892168665085,5.104943390205547
5.327111246699292,5.051407025638796,4.909022491477316,4.5091230321038145
4.430630017831424,4.51581785845201,5.046288367407838,4.573066812350002
5.221715172862911,4.3564791069222615,4.5265515005676695,4.182414776717537
5.261305899214891,4.9863879510439375,4.316741669004441,4.5768884831371155
5.559094410829373,5.126924226854356,3.9706237202334957,5.043047523192327
6.010970325730735,5.532076229753141,4.0003427850616005,5.021691206413799
5.164347250782023,4.922440305876157,4.204954422528259,4.976956830339842
5.471904715265251,5.327535139582053,3.640571277284892,5.201723555728486
5.1713605698393295,4.78149111089006,4.19643441896029,4.946164411102501
5.120423685687978,4.95607369183026,5.075749291731691,5.143706355612937
5.4171587360661775,5.127758104645027,4.639368965890608,4.848064901603529
5.23796747054285,5.329519696048804,5.013465715539405,4.8601446173459735
5.672857308043306,4.9955183620220565,4.7739438896008055,4.64422889899072
5.710169180109786,4.999003038350008,4.777384340585556,4.465360424086045
4.7382527283796385,4.900167432796724,4.851811179400519,4.4907042783241025
5.253087041439464,5.065134543730944,4.918581006144828,5.462168730335422
5.643815381615078,4.9894856215161765,4.111591203800737,5.274462353279833
5.404247792733827,5.451540730738749,4.7371369124761955,5.351278159718314
5.005831049491868,4.889121980550603,4.455076649303645,4.726350208679736
5.114392807684921,3.5740450314530317,5.003635442211718,4.128721495134099
5.201540678682075,5.130145079848969,4.132872842868266,5.288596723565769
5.108645261232186,4.989160474696527,4.664850457754049,4.543935539838303
5.417951405488319,5.435176033750449,3.64236359811405,5.347118731841475
5.229102586670758,4.981347481540818,4.232682457091227,4.83648987016102
5.31015573470714,4.924298069167226,4.613489870175811,4.1500604578017
5.085086652708299,4.413511309229302,4.1916932071376065,3.9128583956296197
5.218361016165166,4.903182510707,4.677095715659576,4.729852891602918
5.1291960094255815,4.9664755028622585,4.0706042565653835,4.601988131751714
5.096113711773008,3.8278046643307886,4.881273178886809,3.3000633700501925
5.5961766982561,4.313839220047456,5.504053467048694,4.4624779145688604
4.176353581067542,4.742047487820677,4.328648905295323,5.135490250155134
5.197094764479547,4.839772652635725,4.023793368777441,5.013889775562651
5.023118726267169,4.4185801467767964,3.9611562141900603,4.061511277663333
5.173053009284622,5.004347025031368,4.73347306597532,5.128699436249084
5.198253827523885,4.9768680024808845,4.467222817940233,5.199675432170465
6.170227633749776,5.264677644620565,4.901046477266541,5.522034001758203
5.3592921801832825,5.26952604413258,4.50980268065629,5.158465895311129
5.289547537460696,4.75243213426199,4.316398367363357,4.373902557409497
5.071882769548062,4.937729391627338,4.369043582512648,5.4239394985129445
5.240312103337446,5.012939256990367,4.062088687743917,5.10691845514342
5.6601038433048965,5.487105592490661,4.6461270728757835,4.939039765522248
3.952191800815259,4.684100267155972,5.024345361291139,4.1638820134714924
5.7534346049451255,4.682421059175535,4.622571745487698,4.65593931483694
5.71681076676078,5.300737030925033,4.242690609057461,4.899973658699616
5.080142964564474,5.507472922484042,3.4334547101623736,5.388862655402742
5.199162225104962,3.829086653871461,4.698679856214614,3.432370523064059
3.433847205492891,4.547590968853793,4.169455446209794,3.9062558546346917
5.213054425702047,5.436144812616051,3.9574905363469295,5.450112407201409
5.703092188922284,4.966127889418181,4.9279952449686775,4.7344053812351445
5.611813570171013,5.466086934419061,4.544601813931887,5.6826017665437805
5.802125589686593,5.435692845514959,4.11837347328645,4.8071813686914
4.509182089700967,4.8378574931626375,4.683278026752726,4.60534408609266
5.5042379036262234,5.062510815793495,4.645835441325839,5.001440120234482
5.708390562586321,5.23283417113477,4.728438333648118,4.815592762507427
4.774171021132213,5.185174495508889,4.622916774399419,4.94387807194407
4.7093762601875575,4.615750160915816,4.7262667365608975,4.480669483993512
4.840618296041159,4.823918473677026,4.726387187879161,4.758069246166489
5.552737253986661,5.55909199471106,4.623677381310495,5.601684616529422
5.38652025257624,5.046933680137581,4.26266417758772,5.090656718676579
4.46912194968905,4.961620341623319,4.342862392125043,5.0917551955868445
5.432305966383811,5.4317245586310134,4.48820145712811,4.982058456982919
5.634355087442053,4.5092154346089055,4.195634605782936,3.838996170430665
5.249714305310808,5.378460089898053,4.4011469597990915,5.6693797287779955
5.284737612661469,5.233727781975512,4.5654837277811655,4.994819928811638
4.553010220937537,5.153823543587919,4.7184774134177,4.494137237864261
5.173194333639222,4.843083273160714,4.064105927333891,4.422661351544963
5.449740850303975,5.358679720578794,4.471222817975434,5.7326677684526155
5.010109091631402,5.090071627130691,4.0523392328286345,5.270925728785289
4.777874407909113,5.710003563273068,3.6182247838969475,5.6166393797438
5.660912406232874,5.286891831823629,5.1164756317532785,5.378242246308618
5.710192867520441,4.71358963891963,5.097151672540246,4.169098686145329
5.177227987574783,4.83840174124123,4.767778109322851,4.9476681561444185
5.458604718964384,5.141906695998757,4.393545675139857,5.234971154123808
5.627779991264406,5.131310840841013,4.531618199827849,4.806840098118629
5.564195116288816,3.2407015289220644,4.287379181227172,3.9381425981064186
4.831578298722393,4.424440820821034,4.416950487048932,4.711955666408777
5.302526764878022,5.17662098289823,4.010367062640031,5.358807832878853
3.937907978283488,4.207402066448956,4.14964829464692,3.5646510482264513
4.9675274096550766,5.18301036577829,3.5434121006271373,5.252766100414936
5.287830114230105,5.370092124485844,4.041124263693284,5.003576354421662
4.676971109425101,4.787600346011929,4.591999549301879,4.1197996743735406
5.743430730415346,5.002298973245308,4.16247778181616,4.626821807390677
4.940083126034427,4.779039242096906,4.450843826832726,4.678028733490544
4.342471183169867,5.288962198260961,4.561831396246797,4.8612223120899465
5.833862251350427,4.792033440826744,5.200478401311315,5.280042498428022
4.9486962148591225,4.707023634061838,4.868351872955392,4.46784481336832
4.011399283274065,5.234608697862799,4.516057640346812,5.0296149458187935
5.054130719907093,5.187920561789065,5.147242150997559,5.008698825496579
5.108106739604586,5.022491219192285,4.705074339903669,4.776808806843437
5.266533660260564,5.173652042044291,4.929893580285725,4.841101314015481
5.420117348625428,5.266504628559716,4.924898460349636,5.278674211433731
5.499004492278409,5.340927128540695,4.491167802015925,4.896044667061491
5.307460079867528,5.463617168942269,3.7307849562807784,5.22172502918938
5.06694222763717,4.40799932900856,4.223308643059999,3.79273549989559
5.613398244818563,4.303190627233852,4.916251799191694,4.060182757904975
5.297837854621488,5.26139709625864,4.991553393764073,4.9807522052870095
4.963812994759491,5.101491742109118,4.324113774028875,5.330691964988344
5.964486971039925,4.966406905662279,4.595937755986935,4.261041424705029
5.071888701928517,5.135686794118539,4.567508248359838,5.272020807528252
5.707306807143686,5.310623588406089,4.438005100914628,4.731269833922125
4.000446427125156,4.998669940294664,4.34688404974718,4.683399584747824
4.008060349951461,5.215370108774207,5.0281141188826055,5.143426039133451
5.604741442264032,4.84813442529642,3.8527797037773435,4.317047582618512
4.7476788081676755,5.0185323865406115,4.884366817041414,4.644528088456653
4.377598803682814,4.266918334741321,4.844489785701431,4.652530403908899
4.088756681609624,4.4868478982289846,4.521399101221341,3.8559632315499264
4.931189638720924,5.024558942605356,4.767342707595171,4.5706873347549175
5.618206011007926,4.6529239729695995,3.97822718087825,4.274879051101109
4.976623615434841,4.326988824555726,4.452136992597154,3.631250880032915
4.609006579137492,4.9897213140532255,4.515603734998641,4.7197891605751705
5.015223884361097,4.832636114465294,4.78553401948182,4.218182712784173
5.3860481733847205,4.80060229365533,4.532710172932659,4.113259344565163
3.4439164361134487,4.45456791707933,4.15658903136619,3.852125372540447
5.509519752807147,5.117822177534546,4.271711545856496,4.500027521243376
5.093387541684405,4.281169082778999,5.002811262632287,4.006613421485322
5.554717768311734,5.398846991397899,4.733228424338961,5.462926932348722
5.428135622723916,5.38175697175846,4.885949965388164,4.881334219918382
5.545068577553193,4.562743126530888,4.299480604080468,4.527464946537718
3.891899740383645,4.791901773150633,4.551613119189833,4.141772566295791
5.073545936699518,4.969508704769327,4.780668073561121,4.6589581165263585
5.399786354051716,5.383093048952219,4.4828250966000045,5.211438339038436
5.231190413833153,5.5286179459279285,4.095328110616465,5.43817506608839
4.928822105743213,5.164308934085473,4.879196733744462,5.238153969923253
5.034708305746552,4.955543003484904,4.860621401561845,4.89041946685539
4.625427441113398,5.297930862440367,5.192743918921069,4.96530769450824
4.940900788728255,4.805662328017461,4.693098958229111,4.475177408867815
4.961296571218216,3.422918474018429,4.506307354567039,3.546630115178681
5.453110970492962,4.883728536449255,4.190794080085033,4.7743266156148305
5.207593513832484,4.105443754007696,4.617412459233859,3.996060655101784
4.7471180639860915,4.52236479947128,5.428979115943493,4.225364956158892
5.307997967632911,4.833300846010268,5.2141878841966305,5.188660798172671
5.286118058037315,4.5807716071673115,4.892723257474936,4.312483640639251
5.288293140039623,3.417512239086157,4.433311424983326,3.2872664845591166
4.477824627373136,5.255737091907361,4.708331595761775,4.959349777807051
4.862164927638756,3.131101330443338,4.613298590735283,2.7591404611757833
5.688278002791521,4.522237688621028,4.549991920184725,3.859884624413305
4.710673482264026,3.5997601375018706,4.615083795955052,3.0479895130369425
4.449576998823134,3.3772513634223222,4.842874161933291,2.9339888078142886
4.914036890066806,5.067834897742116,4.713473240773031,4.900588237422841
5.3875752707520626,4.886941403530737,4.912204403945895,4.899779111099315
4.996010547456977,2.9971469502703814,4.484353987935234,2.230127818799588
4.873921073856039,3.0265803007574257,4.05227861990746,2.2605838669601974
4.6367566872295365,4.585154910651674,4.39690855141039,4.163043818624874
5.6340713664974915,4.7094100382777775,4.800008933792291,4.239728259365419
5.1543703923549,3.815739011673589,4.429557703098028,3.969555331142668
5.364213714599023,4.674509819044949,4.417108629121024,4.158791743050148
4.493416848116144,4.747838811813171,5.339269152997114,5.580064290427787
4.4508810031783925,3.246718753376641,4.8143572344440475,3.201693322073835
5.647323086384917,4.803992044896177,5.103672766897811,4.811117136772449
5.817763901696659,4.626846987851768,5.581264250184697,5.415761423249453
5.0799822166824775,4.66732856731505,4.691584894982946,4.364130010891428
5.289874616299342,3.774481051918475,4.727139212518471,4.164439756303632
4.960429944863532,4.260781928362033,4.602602227654906,3.1680672698598964
4.881318575357746,3.585948249050146,4.7286065966294055,3.822237608419355
4.86502625103781,3.5045766865162435,4.3922576558362945,3.2915196112356004
5.002844641703815,3.9962110379189255,4.403580620133584,4.0147278726784705
4.6308794292827375,5.053173880554309,3.915472909235228,4.3401613414142055
5.981545305733172,5.737249729069797,3.6563554577687367,5.077769133204144
5.091270176591582,3.9192913636960705,5.110134567566489,3.6309306134011132
5.3797438450412285,3.2676300266347305,4.470900212047614,3.7729184705931416
3.403973906116187,3.380863703848976,4.388003955521709,3.0954182181574117
5.629372746519199,3.6757382049204863,4.5895105072484625,4.096979281916531
4.489465737037464,5.317677343311735,4.217770703001871,5.15309176918703
4.745169013257927,4.366606200583753,4.804911287331063,4.119659043932644
5.138103764510199,5.2802257635736245,4.383825875678216,4.7091568427322255
5.113256902964005,5.304726325698972,4.703054080264652,5.214511420210381
4.4967088080801565,4.1849186379290275,4.403679486536473,4.103691473331665
5.940841452541149,5.460181305913584,4.210346411596505,5.161697392376691
5.97569831007689,4.903133600268619,4.832843224264203,4.129259544925423
4.645785222396239,2.957328122568998,4.667760848714835,2.860085024081161
4.874199740188636,4.355304189293437,4.718720798613801,3.7649339563277135
5.696817496550621,4.3169157446750175,4.698047585865134,3.905636100610865
5.662100706686366,5.417712241542807,4.468222105251735,4.997378165304607
4.799090749288023,3.3688273464482728,5.122825558204713,3.36694916340905
4.611982856159832,4.25835923834452,4.769553783882596,4.057610057158157
5.552810894566389,5.251005966915475,3.705019181416553,4.652185900029145
4.3673166935058445,4.702192707764138,4.673811808198805,4.315411496540367
4.585550495604735,2.777332295951303,4.70350348323041,3.2839401998579687
4.317532698225705,4.624904494888485,4.5686246309849885,4.553539709557062
4.42276003130479,4.626394234730686,4.159989212349237,3.172330362269279
5.165789144907479,2.7735665102472646,5.13779944631556,3.484625410447054
5.5799391612460045,5.039261062838864,4.347157034849889,4.162337982804432
4.515981127828529,4.034844235174539,5.111079160314032,3.7231736614678814
3.58583331266744,4.857006543702676,4.252293793701353,4.603904548210981
5.732144330839332,4.5854572350241645,5.530449987180431,5.344768930827964
5.1470746904053755,4.998482546150546,4.795267459337144,5.07423321025603
4.782866190715436,4.418461863145892,4.629961897292418,4.216476612050717
5.226576491376472,4.699768430190817,4.949148006368536,4.88643419289183
4.425734543610118,4.028347409773887,4.906515910167107,3.5071669599501774
5.47892140496368,4.10180445769762,4.285503044696749,3.5502911669329476
4.710565594457089,3.0857881588176963,4.783557922421413,2.8204954481800053
5.060552279609089,5.142266285407292,4.188705715856059,5.084530093725693
5.143524559182242,3.365585777802126,4.884533902401022,3.8288961959847607
5.101899728243481,4.98655947541945,4.610890341021209,5.009887927364871
5.53905434721767,5.322757035385363,3.9371507959754326,5.143229882839098
4.213617692553039,4.344897313669919,4.567743713579105,3.6243528808491163
4.9502599415671735,3.9686613420704333,4.46377949376749,3.90601501695652
4.079903729489256,4.17641403487803,4.717922565436606,4.410074706431981
4.771158504931849,5.00675289311251,4.176994972906199,4.234052219162074
